LATENCY_ARB_MOMENTUM_THRESHOLD,LATENCY_ARB_MAX_ASK,MAX_POSITION_FRACTION,SPREAD_CAPTURE_THRESHOLD,pnl,win_rate,trades,wins,losses,max_dd,hwm,final_balance,signals,fill_rate,partial_fill_rate,no_fill_count,spread_legging_count,residual_position_count,avg_fill_latency_ms,avg_slippage,raw_event_batches,legacy_snapshot_batches,total_fees,gross_pnl,pnl_net,elapsed_s
0.0008,0.5,0.03,0.965,1046.02357873336,0.7520661157024794,121,91,30,0.16082988847863328,1280.83302273336,1246.02357873336,898,0.13892078071182548,0.03305785123966942,750,0,0,1000.1818181818181,0.00600371897714896,0,3002577,27.130521266639995,1073.1541,1046.02357873336,12.492207375
0.0008,0.5,0.03,0.97,1046.02357873336,0.7520661157024794,121,91,30,0.16082988847863328,1280.83302273336,1246.02357873336,920,0.135498320268757,0.03305785123966942,772,0,0,1000.1818181818181,0.00600371897714896,0,3002577,27.130521266639995,1073.1541,1046.02357873336,12.545699292
0.0008,0.5,0.03,0.975,1048.45831122936,0.7540983606557377,122,92,30,0.15951498118373256,1283.72577422936,1248.45831122936,1028,0.12187812187812187,0.03278688524590164,879,1,1,1000.188524590164,0.0060704443276972005,0,3002577,27.295788770639998,1075.7541,1048.45831122936,12.353376792
0.0008,0.5,0.03,0.98,1048.45831122936,0.7540983606557377,122,92,30,0.15951498118373256,1283.72577422936,1248.45831122936,1028,0.12187812187812187,0.03278688524590164,879,1,1,1000.188524590164,0.0060704443276972005,0,3002577,27.295788770639998,1075.7541,1048.45831122936,12.233966084
0.0008,0.5,0.03,0.985,1017.7081032293602,0.7479674796747967,123,92,31,0.15951498118373256,1283.72577422936,1217.7081032293602,1032,0.12238805970149254,0.032520325203252036,882,2,2,1000.1869918699186,0.0059986762720527186,0,3002577,27.645996770639996,1045.3541000000002,1017.7081032293602,12.516919666
0.0008,0.5,0.05,0.965,3686.791186114799,0.6720430107526881,186,125,61,0.21732929645020266,3953.061955224799,3886.791186114799,897,0.33756805807622503,0.10752688172043011,365,45,45,1000.1666666666666,0.004118262902562409,0,3002577,92.43451388519998,3779.225699999999,3686.791186114799,12.588763959
0.0008,0.5,0.05,0.97,3863.8080278347993,0.675531914893617,188,127,61,0.21732929645020266,4130.078796944799,4063.8080278347993,919,0.32809773123909247,0.10638297872340426,385,47,47,1000.1595744680851,0.004117401490850824,0,3002577,96.66767216520002,3960.4756999999995,3863.8080278347993,12.999331041
0.0008,0.5,0.05,0.975,3567.7162411597596,0.6666666666666666,195,130,65,0.25162871201149734,3833.9870102697596,3767.7162411597596,1027,0.25557011795543905,0.09230769230769231,568,54,54,1000.1743589743589,0.004085083296225847,0,3002577,91.16245884023998,3658.8786999999998,3567.7162411597596,13.052744333
0.0008,0.5,0.05,0.98,3567.7162411597596,0.6666666666666666,195,130,65,0.25162871201149734,3833.9870102697596,3767.7162411597596,1027,0.25557011795543905,0.09230769230769231,568,54,54,1000.1743589743589,0.004085083296225847,0,3002577,91.16245884023998,3658.8786999999998,3567.7162411597596,13.0550425
0.0008,0.5,0.05,0.985,3412.34676915976,0.6632653061224489,196,130,66,0.25162871201149734,3833.9870102697596,3612.34676915976,1031,0.25554106910039115,0.09183673469387756,571,55,55,1000.1734693877551,0.004012440759931682,0,3002577,92.93193084023997,3505.2787,3412.34676915976,12.944871125
0.0008,0.5,0.075,0.965,9249.55663864568,0.6462264150943396,212,137,75,0.35746892271848074,9515.82740775568,9449.55663864568,897,0.39042357274401474,0.2830188679245283,331,70,70,1000.188679245283,0.003996028697104632,0,3002577,217.25406135431996,9466.8107,9249.55663864568,13.009688958
0.0008,0.5,0.075,0.97,9315.93312192016,0.6495327102803738,214,139,75,0.35746892271848074,9582.20389103016,9515.93312192016,919,0.3787610619469027,0.2897196261682243,351,72,72,1000.1822429906542,0.004005306238933165,0,3002577,219.22767807983996,9535.1608,9315.93312192016,12.788511791
0.0008,0.5,0.075,0.975,8548.52099693448,0.6244725738396625,237,148,89,0.3802080632503837,8814.79176604448,8748.52099693448,1027,0.3521545319465082,0.22362869198312235,436,96,96,1000.2320675105485,0.0037378008655178274,0,3002577,203.22150306551998,8751.7425,8548.52099693448,13.020656584
0.0008,0.5,0.075,0.98,8548.52099693448,0.6244725738396625,237,148,89,0.3802080632503837,8814.79176604448,8748.52099693448,1027,0.3521545319465082,0.22362869198312235,436,96,96,1000.2320675105485,0.0037378008655178274,0,3002577,203.22150306551998,8751.7425,8548.52099693448,12.822405042
0.0008,0.5,0.075,0.985,8267.60166253448,0.6218487394957983,238,148,90,0.3802080632503837,8814.79176604448,8467.60166253448,1031,0.3515509601181684,0.226890756302521,439,97,97,1000.2310924369748,0.0036839329856489075,0,3002577,206.42083746551998,8474.0225,8267.60166253448,12.901381708
0.0008,0.5,0.1,0.965,-42.25787143615983,0.4142857142857143,70,29,41,0.5161062696821094,325.98506382840003,157.74212856384017,897,0.3977272727272727,0.1,106,37,37,1000.4428571428572,0.011635361150829762,0,3002577,14.68347143616,-27.574399999999834,-42.25787143615983,13.010175333
0.0008,0.5,0.1,0.97,-42.25787143615983,0.4142857142857143,70,29,41,0.5161062696821094,325.98506382840003,157.74212856384017,919,0.39325842696629215,0.1,108,37,37,1000.4428571428572,0.011635361150829762,0,3002577,14.68347143616,-27.574399999999834,-42.25787143615983,12.870290583
0.0008,0.5,0.1,0.975,8630.85053660104,0.6111111111111112,216,132,84,0.4970290397469618,8897.12130571104,8830.85053660104,1022,0.3282674772036474,0.24074074074074073,442,92,92,1000.2592592592592,0.0032335820516353215,0,3002577,202.26796339895995,8833.118499999999,8630.85053660104,12.947112167
0.0008,0.5,0.1,0.98,8630.85053660104,0.6111111111111112,216,132,84,0.4970290397469618,8897.12130571104,8830.85053660104,1022,0.3282674772036474,0.24074074074074073,442,92,92,1000.2592592592592,0.0032335820516353215,0,3002577,202.26796339895995,8833.118499999999,8630.85053660104,13.36711875
0.0008,0.5,0.1,0.985,8349.93120220104,0.6082949308755761,217,132,85,0.4970290397469618,8897.12130571104,8549.93120220104,1026,0.32779456193353473,0.24423963133640553,445,93,93,1000.258064516129,0.0031866130693935894,0,3002577,205.46729779895995,8555.3985,8349.93120220104,13.438242208
0.0008,0.5,0.125,0.965,-30.515599351199995,0.4084507042253521,71,29,42,0.5080162333172756,344.4918554764,169.4844006488,897,0.41040462427745666,0.15492957746478872,102,40,40,1000.4647887323944,0.011106398622717983,0,3002577,17.311399351199995,-13.2042,-30.515599351199995,13.401381917
0.0008,0.5,0.125,0.97,-30.515599351199995,0.4084507042253521,71,29,42,0.5080162333172756,344.4918554764,169.4844006488,919,0.41040462427745666,0.15492957746478872,102,40,40,1000.4647887323944,0.011106398622717983,0,3002577,17.311399351199995,-13.2042,-30.515599351199995,13.286272459
0.0008,0.5,0.125,0.975,-76.78167483008005,0.41025641025641024,78,32,46,0.5067202707004085,249.79401716927998,123.21832516991995,1026,0.3482142857142857,0.08974358974358974,146,53,53,1000.5384615384615,0.008484811951514789,0,3002577,15.453674830080002,-61.328000000000046,-76.78167483008005,13.18569125
0.0008,0.5,0.125,0.98,-76.78167483008005,0.41025641025641024,78,32,46,0.5067202707004085,249.79401716927998,123.21832516991995,1026,0.3482142857142857,0.08974358974358974,146,53,53,1000.5384615384615,0.008484811951514789,0,3002577,15.453674830080002,-61.328000000000046,-76.78167483008005,12.4394005
0.0008,0.5,0.125,0.985,-76.78167483008005,0.41025641025641024,78,32,46,0.5067202707004085,249.79401716927998,123.21832516991995,1030,0.3482142857142857,0.08974358974358974,146,53,53,1000.5384615384615,0.008484811951514789,0,3002577,15.453674830080002,-61.328000000000046,-76.78167483008005,12.193155208
0.0008,0.55,0.03,0.965,-16.84987776,0.2857142857142857,7,2,5,0.08424938879999999,200,183.15012224,1112,0.006334841628959276,0,1098,0,0,1000.1428571428571,0.0285714285714286,0,3002577,0.64987776,-16.2,-16.84987776,12.390241291
0.0008,0.55,0.03,0.97,-16.84987776,0.2857142857142857,7,2,5,0.08424938879999999,200,183.15012224,1134,0.006211180124223602,0,1120,0,0,1000.1428571428571,0.0285714285714286,0,3002577,0.64987776,-16.2,-16.84987776,12.359201541000001
0.0008,0.55,0.03,0.975,-16.84987776,0.2857142857142857,7,2,5,0.08424938879999999,200,183.15012224,1242,0.005668016194331984,0,1228,0,0,1000.1428571428571,0.0285714285714286,0,3002577,0.64987776,-16.2,-16.84987776,12.475034125
0.0008,0.55,0.03,0.98,-16.84987776,0.2857142857142857,7,2,5,0.08424938879999999,200,183.15012224,1242,0.005668016194331984,0,1228,0,0,1000.1428571428571,0.0285714285714286,0,3002577,0.64987776,-16.2,-16.84987776,12.596303666
0.0008,0.55,0.03,0.985,-16.84987776,0.2857142857142857,7,2,5,0.08424938879999999,200,183.15012224,1246,0.005649717514124294,0,1232,0,0,1000.1428571428571,0.0285714285714286,0,3002577,0.64987776,-16.2,-16.84987776,12.53315825
0.0008,0.55,0.05,0.965,21474.132105658722,0.7516778523489933,298,224,74,0.23374454451999982,21803.297984301844,21674.132105658722,1111,0.3616504854368932,0.2483221476510067,526,40,40,1000.0872483221476,0.004837344642983178,0,3002577,473.7722943412799,21947.904400000003,21474.132105658722,13.258659125
0.0008,0.55,0.05,0.97,20924.93532857568,0.7678571428571429,280,215,65,0.23374454451999982,21254.101207218802,21124.93532857568,1134,0.32941176470588235,0.25,570,41,41,1000.0642857142857,0.004687132482101086,0,3002577,457.43267142432,21382.368000000002,20924.93532857568,13.326739083
0.0008,0.55,0.05,0.975,22026.194828426636,0.7420382165605095,314,233,81,0.2267858427599998,22355.360707069758,22226.194828426636,1236,0.33052631578947367,0.24203821656050956,636,54,54,1000.1210191082803,0.004842779331015936,0,3002577,490.62467157335993,22516.819499999998,22026.194828426636,13.151890833
0.0008,0.55,0.05,0.98,22026.194828426636,0.7420382165605095,314,233,81,0.2267858427599998,22355.360707069758,22226.194828426636,1236,0.33052631578947367,0.24203821656050956,636,54,54,1000.1210191082803,0.004842779331015936,0,3002577,490.62467157335993,22516.819499999998,22026.194828426636,13.213623708
0.0008,0.55,0.05,0.985,21745.275494026635,0.7396825396825397,315,233,82,0.2267858427599998,22355.360707069758,21945.275494026635,1240,0.330188679245283,0.24444444444444444,639,55,55,1000.1206349206349,0.0048118692731815346,0,3002577,493.82400597335993,22239.099499999997,21745.275494026635,13.100609416
0.0008,0.55,0.075,0.965,25418.381691583836,0.7293729372937293,303,221,82,0.449374849258,25747.547570226958,25618.381691583836,1112,0.4078061911170929,0.28052805280528054,440,57,57,1000.1155115511551,0.004781271090902472,0,3002577,574.59790841616,25992.979599999995,25418.381691583836,13.175622417
0.0008,0.55,0.075,0.97,26278.6981572156,0.7313915857605178,309,226,83,0.449374849258,26607.86403585872,26478.6981572156,1134,0.403921568627451,0.2912621359223301,456,61,61,1000.1132686084143,0.004933536296164867,0,3002577,599.6671427844,26878.3653,26278.6981572156,13.464940084
0.0008,0.55,0.075,0.975,-99.14198313160006,0.4625,80,37,43,0.49570991565800027,200,100.85801686839994,1242,0.0699912510936133,0.0125,1063,48,48,1000.4,0.012468740402755238,0,3002577,10.306483131599997,-88.83550000000005,-99.14198313160006,13.397402834
0.0008,0.55,0.075,0.98,-99.14198313160006,0.4625,80,37,43,0.49570991565800027,200,100.85801686839994,1242,0.0699912510936133,0.0125,1063,48,48,1000.4,0.012468740402755238,0,3002577,10.306483131599997,-88.83550000000005,-99.14198313160006,13.457389958
0.0008,0.55,0.075,0.985,-104.80649513160006,0.4567901234567901,81,37,44,0.5240324756580003,200,95.19350486839994,1246,0.07068062827225131,0.012345679012345678,1065,49,49,1000.395061728395,0.012392621985784683,0,3002577,10.370995131599997,-94.43550000000006,-104.80649513160006,13.280701458
0.0008,0.55,0.1,0.965,28363.383365852722,0.7125,320,228,92,0.46713287640000006,28692.549244495844,28563.383365852722,1108,0.4371584699453552,0.325,412,66,66,1000.13125,0.00510702239921132,0,3002577,655.46353414728,29018.8469,28363.383365852722,13.565092375
0.0008,0.55,0.1,0.97,28961.59399045648,0.7164634146341463,328,235,93,0.46713287640000006,29290.759869099602,29161.59399045648,1129,0.4379172229639519,0.3628048780487805,421,69,69,1000.1310975609756,0.005116987401727071,0,3002577,678.5918095435201,29640.1858,28961.59399045648,13.469004792
0.0008,0.55,0.1,0.975,-100.30835743040004,0.34782608695652173,23,8,15,0.5015417871520002,200,99.69164256959996,1242,0.32857142857142857,0.043478260869565216,47,15,15,1000.3913043478261,0.015212289310859837,0,3002577,4.1503574304,-96.15800000000004,-100.30835743040004,13.169735542
0.0008,0.55,0.1,0.98,-100.30835743040004,0.34782608695652173,23,8,15,0.5015417871520002,200,99.69164256959996,1242,0.32857142857142857,0.043478260869565216,47,15,15,1000.3913043478261,0.015212289310859837,0,3002577,4.1503574304,-96.15800000000004,-100.30835743040004,13.33009675
0.0008,0.55,0.1,0.985,-100.30835743040004,0.34782608695652173,23,8,15,0.5015417871520002,200,99.69164256959996,1246,0.32857142857142857,0.043478260869565216,47,15,15,1000.3913043478261,0.015212289310859837,0,3002577,4.1503574304,-96.15800000000004,-100.30835743040004,13.356217958
0.0008,0.55,0.125,0.965,29132.872886362646,0.7391304347826086,276,204,72,0.4727542888711635,29462.038765005767,29332.872886362646,1108,0.3898305084745763,0.39492753623188404,432,62,62,1000.1630434782609,0.0051166244284205804,0,3002577,676.8754136373601,29809.748300000007,29132.872886362646,13.228923125
0.0008,0.55,0.125,0.97,28533.643022886077,0.7298245614035088,285,208,77,0.4727542888711635,28862.8089015292,28733.643022886077,1129,0.38306451612903225,0.37543859649122807,459,67,67,1000.1298245614036,0.0050822868364164475,0,3002577,660.77437711392,29194.4174,28533.643022886077,12.589853875
0.0008,0.55,0.125,0.975,-110.07519461439996,0.3333333333333333,24,8,16,0.5503759730719998,200,89.92480538560004,1240,0.35294117647058826,0.08333333333333333,44,16,16,1000.375,0.015584195353569625,0,3002577,5.1371946144,-104.93799999999996,-110.07519461439996,12.29972425
0.0008,0.55,0.125,0.98,-110.07519461439996,0.3333333333333333,24,8,16,0.5503759730719998,200,89.92480538560004,1240,0.35294117647058826,0.08333333333333333,44,16,16,1000.375,0.015584195353569625,0,3002577,5.1371946144,-104.93799999999996,-110.07519461439996,12.505060917
0.0008,0.55,0.125,0.985,-110.07519461439996,0.3333333333333333,24,8,16,0.5503759730719998,200,89.92480538560004,1244,0.35294117647058826,0.08333333333333333,44,16,16,1000.375,0.015584195353569625,0,3002577,5.1371946144,-104.93799999999996,-110.07519461439996,12.701829875
0.0008,0.6,0.03,0.965,12002.193935922078,0.7774725274725275,364,283,81,0.13040009359257299,12522.597737118158,12202.193935922078,1218,0.3952225841476656,0.11263736263736264,557,28,28,1000.0714285714286,0.010171193937947432,0,3002577,298.67866407792,12300.872599999997,12002.193935922078,12.575721875
0.0008,0.6,0.03,0.97,12832.548912949756,0.773936170212766,376,291,85,0.13040009359257299,13352.952714145837,13032.548912949756,1240,0.3995749202975558,0.1196808510638298,565,31,31,1000.0824468085107,0.010126067586761002,0,3002577,318.68928705024007,13151.238199999996,12832.548912949756,12.889879917
0.0008,0.6,0.03,0.975,11049.17628500152,0.7681940700808625,371,285,86,0.14871954643722152,11569.5800861976,11249.17628500152,1348,0.35299714557564227,0.10512129380053908,680,34,34,1000.0862533692722,0.010132924206664243,0,3002577,278.10561499848006,11327.2819,11049.17628500152,13.130715042
0.0008,0.6,0.03,0.98,11049.17628500152,0.7681940700808625,371,285,86,0.14871954643722152,11569.5800861976,11249.17628500152,1348,0.35299714557564227,0.10512129380053908,680,34,34,1000.0862533692722,0.010132924206664243,0,3002577,278.10561499848006,11327.2819,11049.17628500152,13.083881041
0.0008,0.6,0.03,0.985,10768.25695060152,0.7661290322580645,372,285,87,0.14871954643722152,11569.5800861976,10968.25695060152,1353,0.3522727272727273,0.10752688172043011,684,35,35,1000.0860215053764,0.010016818560371251,0,3002577,281.30494939848006,11049.5619,10768.25695060152,13.265116125
0.0008,0.6,0.05,0.965,27464.968437530315,0.7328431372549019,408,299,109,0.2070352412845568,27985.372238726395,27664.968437530315,1213,0.48862275449101794,0.25735294117647056,427,59,59,1000.1200980392157,0.009164923944971993,0,3002577,680.2924624696795,28145.260899999994,27464.968437530315,13.214173625
0.0008,0.6,0.05,0.97,28043.09441927936,0.7330097087378641,412,302,110,0.2070352412845568,28563.49822047544,28243.09441927936,1235,0.4807467911318553,0.27184466019417475,445,61,61,1000.1165048543689,0.009100975765277398,0,3002577,697.4145807206396,28740.509000000002,28043.09441927936,13.387373417
0.0008,0.6,0.05,0.975,24489.136399211035,0.7177615571776156,411,295,116,0.23919883014414733,25009.540200407115,24689.136399211035,1342,0.39255014326647564,0.20924574209245742,636,68,68,1000.1313868613139,0.009694028271798641,0,3002577,596.09320078896,25085.229599999995,24489.136399211035,13.5593605
0.0008,0.6,0.05,0.98,24489.136399211035,0.7177615571776156,411,295,116,0.23919883014414733,25009.540200407115,24689.136399211035,1342,0.39255014326647564,0.20924574209245742,636,68,68,1000.1313868613139,0.009694028271798641,0,3002577,596.09320078896,25085.229599999995,24489.136399211035,13.387356083
0.0008,0.6,0.05,0.985,24208.217064811033,0.7160194174757282,412,295,117,0.23919883014414733,25009.540200407115,24408.217064811033,1347,0.3916349809885932,0.2111650485436893,640,69,69,1000.1310679611651,0.009641853123808752,0,3002577,599.29253518896,24807.509599999994,24208.217064811033,13.517933292
0.0008,0.6,0.075,0.965,31423.88606940153,0.7090464547677262,409,290,119,0.36061129965619376,31944.28987059761,31623.88606940153,1212,0.4975669099756691,0.3276283618581907,413,69,69,1000.1271393643032,0.008749134988637287,0,3002577,791.8010305984794,32215.68710000001,31423.88606940153,13.66899725
0.0008,0.6,0.075,0.97,32297.337327449044,0.7156398104265402,422,302,120,0.36061129965619376,32817.741128645124,32497.337327449044,1234,0.5,0.35071090047393366,422,71,71,1000.1303317535545,0.0087106557901511,0,3002577,822.2033725509596,33119.540700000005,32297.337327449044,13.570493167
0.0008,0.6,0.075,0.975,33099.343050139374,0.6989247311827957,465,325,140,0.3026613323108429,33619.746851335454,33299.343050139374,1340,0.4889589905362776,0.38064516129032255,486,102,102,1000.152688172043,0.008742929136364075,0,3002577,870.3377498606396,33969.68080000002,33099.343050139374,13.442787125
0.0008,0.6,0.075,0.98,33099.343050139374,0.6989247311827957,465,325,140,0.3026613323108429,33619.746851335454,33299.343050139374,1340,0.4889589905362776,0.38064516129032255,486,102,102,1000.152688172043,0.008742929136364075,0,3002577,870.3377498606396,33969.68080000002,33099.343050139374,13.627619083
0.0008,0.6,0.075,0.985,32818.42371573937,0.6974248927038627,466,325,141,0.3026613323108429,33619.746851335454,33018.42371573937,1345,0.4874476987447699,0.38197424892703863,490,103,103,1000.1523605150214,0.00871092428055439,0,3002577,873.5370842606396,33691.960800000015,32818.42371573937,13.534749458
0.0008,0.6,0.1,0.965,35431.25677650884,0.7175925925925926,432,310,122,0.33563922748538505,35951.66057770492,35631.25677650884,1212,0.5242718446601942,0.47685185185185186,392,72,72,1000.1388888888889,0.008747220858954189,0,3002577,958.8678234911997,36390.12460000004,35431.25677650884,13.2858475
0.0008,0.6,0.1,0.97,35398.26222182884,0.7188940092165899,434,312,122,0.33563922748538505,35918.66602302492,35598.26222182884,1234,0.5130023640661938,0.4700460829493088,412,74,74,1000.1359447004609,0.008741610405039141,0,3002577,959.6323781711997,36357.894600000036,35398.26222182884,13.108602875
0.0008,0.6,0.1,0.975,34270.598766415875,0.6963123644251626,461,321,140,0.4872757677230406,34791.002567611955,34470.598766415875,1338,0.48628691983122363,0.41865509761388287,487,103,103,1000.1475054229935,0.008607206900780491,0,3002577,922.3188335841596,35192.91760000004,34270.598766415875,13.596420209
0.0008,0.6,0.1,0.98,34270.598766415875,0.6963123644251626,461,321,140,0.4872757677230406,34791.002567611955,34470.598766415875,1338,0.48628691983122363,0.41865509761388287,487,103,103,1000.1475054229935,0.008607206900780491,0,3002577,922.3188335841596,35192.91760000004,34270.598766415875,13.238393417
0.0008,0.6,0.1,0.985,33989.67943201587,0.6948051948051948,462,321,141,0.4872757677230406,34791.002567611955,34189.67943201587,1343,0.48478488982161594,0.4199134199134199,491,104,104,1000.1471861471862,0.008577517395665488,0,3002577,925.5181679841596,34915.197600000036,33989.67943201587,13.194903625
0.0008,0.6,0.125,0.965,37397.577425045805,0.7172413793103448,435,312,123,0.3395759491657458,37917.981226241885,37597.577425045805,1212,0.5317848410757946,0.5793103448275863,383,75,75,1000.1425287356321,0.009113140549170439,0,3002577,1043.1631749542396,38440.74060000005,37397.577425045805,13.5921375
0.0008,0.6,0.125,0.97,37308.988993609644,0.7185354691075515,437,314,123,0.3395759491657458,37829.392794805724,37508.988993609644,1234,0.5202380952380953,0.5812356979405034,403,77,77,1000.1395881006865,0.009066797710556738,0,3002577,1043.9348063903997,38352.92380000004,37308.988993609644,13.299939167
0.0008,0.6,0.125,0.975,34802.55917013572,0.6889848812095032,463,319,144,0.3610945530078427,35322.9629713318,35002.55917013572,1335,0.49518716577540106,0.44924406047516197,472,109,109,1000.1619870410367,0.008484337580043133,0,3002577,952.0148298643196,35754.57400000004,34802.55917013572,13.39695575
0.0008,0.6,0.125,0.98,34802.55917013572,0.6889848812095032,463,319,144,0.3610945530078427,35322.9629713318,35002.55917013572,1335,0.49518716577540106,0.44924406047516197,472,109,109,1000.1619870410367,0.008484337580043133,0,3002577,952.0148298643196,35754.57400000004,34802.55917013572,13.568396583
0.0008,0.6,0.125,0.985,34521.63983573572,0.6875,464,319,145,0.3610945530078427,35322.9629713318,34721.63983573572,1340,0.49361702127659574,0.4504310344827586,476,110,110,1000.1616379310345,0.008456041940848187,0,3002577,955.2141642643196,35476.854000000036,34521.63983573572,13.360935792
0.0008,0.65,0.03,0.965,9573.77711280136,0.7855297157622739,387,304,83,0.1075485232684766,9956.449159196,9773.77711280136,1325,0.37536372453928224,0.09043927648578812,644,29,29,1000.0723514211886,0.012224131427878841,0,3002577,248.8961871986399,9822.673299999999,9573.77711280136,13.604412
0.0008,0.65,0.03,0.97,11718.662117291042,0.7839805825242718,412,323,89,0.1184038691053977,12101.334163685682,11918.662117291042,1347,0.39350525310410694,0.11165048543689321,635,32,32,1000.0849514563107,0.012105937732245423,0,3002577,301.73008270896,12020.392200000002,11718.662117291042,13.318653333
0.0008,0.65,0.03,0.975,9344.783106638319,0.8033240997229917,361,290,71,0.12338189277795918,9727.455153032959,9544.783106638319,1454,0.3104041272570937,0.09141274238227147,802,34,34,1000.0720221606648,0.01194056434196794,0,3002577,239.44599336168002,9584.229099999999,9344.783106638319,13.225430709
0.0008,0.65,0.03,0.98,9344.783106638319,0.8033240997229917,361,290,71,0.12338189277795918,9727.455153032959,9544.783106638319,1454,0.3104041272570937,0.09141274238227147,802,34,34,1000.0720221606648,0.01194056434196794,0,3002577,239.44599336168002,9584.229099999999,9344.783106638319,13.338039833
0.0008,0.65,0.03,0.985,9106.064386638318,0.8011049723756906,362,290,72,0.12338189277795918,9713.68116830408,9306.064386638318,1458,0.3101970865467009,0.09116022099447514,805,35,35,1000.0718232044198,0.011804399902432271,0,3002577,242.16471336168001,9348.229099999999,9106.064386638318,13.280044041
0.0008,0.65,0.05,0.965,24230.17624955256,0.7381489841986456,443,327,116,0.19210675179047498,24612.8482959472,24430.17624955256,1323,0.43473994111874387,0.21670428893905191,576,52,52,1000.1128668171558,0.011901297110085302,0,3002577,610.5338504474398,24840.7101,24230.17624955256,13.286087375
0.0008,0.65,0.05,0.97,25334.956254983605,0.7422907488986784,454,337,117,0.19210675179047498,25717.62830137824,25534.956254983605,1346,0.43570057581573896,0.22246696035242292,588,55,55,1000.1101321585903,0.01193811534261755,0,3002577,644.2162450164,25979.172500000004,25334.956254983605,13.161413458
0.0008,0.65,0.05,0.975,24536.999176625282,0.7416481069042317,449,333,116,0.21411419920824618,24919.67122301992,24736.999176625282,1451,0.3897569444444444,0.21603563474387527,703,68,68,1000.1358574610244,0.011824449248712447,0,3002577,618.3764233747199,25155.375600000003,24536.999176625282,13.165527625
0.0008,0.65,0.05,0.98,24536.999176625282,0.7416481069042317,449,333,116,0.21411419920824618,24919.67122301992,24736.999176625282,1451,0.3897569444444444,0.21603563474387527,703,68,68,1000.1358574610244,0.011824449248712447,0,3002577,618.3764233747199,25155.375600000003,24536.999176625282,13.04019675
0.0008,0.65,0.05,0.985,24256.07984222528,0.74,450,333,117,0.21411419920824618,24905.897238291036,24456.07984222528,1455,0.3892733564013841,0.21777777777777776,706,69,69,1000.1355555555556,0.011762740626392989,0,3002577,621.5757577747199,24877.655600000002,24256.07984222528,12.988638459
0.0008,0.65,0.075,0.965,-79.76555487600005,0.4909090909090909,55,27,28,0.47838299683365687,212.58924813199997,120.23444512399995,1099,0.05527638190954774,0.03636363636363636,940,35,35,1000.3818181818182,0.01622317596566524,0,3002577,7.660554876000001,-72.10500000000005,-79.76555487600005,12.964839875
0.0008,0.65,0.075,0.97,-80.17377698000008,0.5,62,31,31,0.47838299683365687,212.58924813199997,119.82622301999992,1121,0.06126482213438735,0.03225806451612903,950,40,40,1000.3064516129032,0.0147903856903298,0,3002577,8.37877698,-71.79500000000009,-80.17377698000008,12.601928125
0.0008,0.65,0.075,0.975,-78.81955114200011,0.5128205128205128,78,40,38,0.46621756578953244,221.92353509200004,121.18044885799989,1229,0.06933333333333333,0.05128205128205128,1047,57,57,1000.4487179487179,0.012784236821216797,0,3002577,10.031051141999997,-68.78850000000011,-78.81955114200011,12.760563417
0.0008,0.65,0.075,0.98,-78.81955114200011,0.5128205128205128,78,40,38,0.46621756578953244,221.92353509200004,121.18044885799989,1229,0.06933333333333333,0.05128205128205128,1047,57,57,1000.4487179487179,0.012784236821216797,0,3002577,10.031051141999997,-68.78850000000011,-78.81955114200011,12.776884916
0.0008,0.65,0.075,0.985,-86.10249514200011,0.5063291139240507,79,40,39,0.48677140164163823,221.92353509200004,113.89750485799989,1233,0.06997342781222321,0.05063291139240506,1050,58,58,1000.4430379746835,0.012677686715747562,0,3002577,10.113995141999997,-75.98850000000012,-86.10249514200011,12.6842355
0.0008,0.65,0.1,0.965,31047.041857259137,0.7331786542923434,431,316,115,0.37151265932139377,31429.713903653774,31247.041857259137,1321,0.46195069667738475,0.31322505800464034,502,68,68,1000.1345707656612,0.012355392090511402,0,3002577,798.5118427408801,31845.55370000002,31047.041857259137,12.81327875
0.0008,0.65,0.1,0.97,31072.688349981778,0.7375886524822695,423,312,111,0.37151265932139377,31455.360396376414,31272.688349981778,1344,0.44339622641509435,0.31678486997635935,531,71,71,1000.1229314420804,0.012431212075566165,0,3002577,801.1204500182401,31873.808800000017,31072.688349981778,12.877390208
0.0008,0.65,0.1,0.975,-93.03596884080001,0.43478260869565216,46,20,26,0.5330184743850795,229.05409591599997,106.96403115919999,1451,0.323943661971831,0.10869565217391304,96,24,24,1000.5869565217391,0.017853549947558816,0,3002577,8.570968840799999,-84.465,-93.03596884080001,12.591050667
0.0008,0.65,0.1,0.98,-93.03596884080001,0.43478260869565216,46,20,26,0.5330184743850795,229.05409591599997,106.96403115919999,1451,0.323943661971831,0.10869565217391304,96,24,24,1000.5869565217391,0.017853549947558816,0,3002577,8.570968840799999,-84.465,-93.03596884080001,12.662828791
0.0008,0.65,0.1,0.985,-93.03596884080001,0.43478260869565216,46,20,26,0.5330184743850795,229.05409591599997,106.96403115919999,1455,0.323943661971831,0.10869565217391304,96,24,24,1000.5869565217391,0.017853549947558816,0,3002577,8.570968840799999,-84.465,-93.03596884080001,12.252688542
0.0008,0.65,0.125,0.965,-93.80872819000001,0.4423076923076923,52,23,29,0.5107540391079822,217.05089116400006,106.19127180999999,1323,0.23636363636363636,0.09615384615384616,168,30,30,1000.5192307692307,0.01638905437718819,0,3002577,10.70622819,-83.1025,-93.80872819000001,12.245549541
0.0008,0.65,0.125,0.97,-93.80872819000001,0.4423076923076923,52,23,29,0.5107540391079822,217.05089116400006,106.19127180999999,1345,0.23636363636363636,0.09615384615384616,168,30,30,1000.5192307692307,0.01638905437718819,0,3002577,10.70622819,-83.1025,-93.80872819000001,12.521060875
0.0008,0.65,0.125,0.975,-85.40121989919989,0.5,108,54,54,0.5070677051904782,232.48381432400004,114.59878010080011,1451,0.2975206611570248,0.14814814814814814,255,57,57,1000.2962962962963,0.014869557759481043,0,3002577,22.70501989920001,-62.69619999999988,-85.40121989919989,12.361709792
0.0008,0.65,0.125,0.98,-85.40121989919989,0.5,108,54,54,0.5070677051904782,232.48381432400004,114.59878010080011,1451,0.2975206611570248,0.14814814814814814,255,57,57,1000.2962962962963,0.014869557759481043,0,3002577,22.70501989920001,-62.69619999999988,-85.40121989919989,12.709082875
0.0008,0.65,0.125,0.985,-85.40121989919989,0.5,108,54,54,0.5070677051904782,232.48381432400004,114.59878010080011,1455,0.2975206611570248,0.14814814814814814,255,57,57,1000.2962962962963,0.014869557759481043,0,3002577,22.70501989920001,-62.69619999999988,-85.40121989919989,12.850260958
0.0008,0.7,0.03,0.965,-18.360654015999984,0.375,8,3,5,0.09180327007999992,200,181.63934598400002,1451,0.00554016620498615,0,1436,0,0,1000.625,0.05375000000000002,0,3002577,0.680654016,-17.679999999999986,-18.360654015999984,12.710382041999999
0.0008,0.7,0.03,0.97,-18.360654015999984,0.375,8,3,5,0.09180327007999992,200,181.63934598400002,1473,0.005457025920873124,0,1458,0,0,1000.625,0.05375000000000002,0,3002577,0.680654016,-17.679999999999986,-18.360654015999984,12.969301042
0.0008,0.7,0.03,0.975,-18.360654015999984,0.375,8,3,5,0.09180327007999992,200,181.63934598400002,1581,0.005082592121982211,0,1566,0,0,1000.625,0.05375000000000002,0,3002577,0.680654016,-17.679999999999986,-18.360654015999984,12.961605084
0.0008,0.7,0.03,0.98,-18.360654015999984,0.375,8,3,5,0.09180327007999992,200,181.63934598400002,1581,0.005082592121982211,0,1566,0,0,1000.625,0.05375000000000002,0,3002577,0.680654016,-17.679999999999986,-18.360654015999984,13.082474375
0.0008,0.7,0.03,0.985,-18.360654015999984,0.375,8,3,5,0.09180327007999992,200,181.63934598400002,1585,0.005069708491761723,0,1570,0,0,1000.625,0.05375000000000002,0,3002577,0.680654016,-17.679999999999986,-18.360654015999984,13.009973167
0.0008,0.7,0.05,0.965,-51.053651048000006,0.48484848484848486,33,16,17,0.2826159371732968,201.19460149600002,148.946348952,1451,0.02288488210818308,0,1409,6,6,1000.2727272727273,0.03235294117647059,0,3002577,3.603651048000001,-47.45,-51.053651048000006,13.125834334
0.0008,0.7,0.05,0.97,14579.992951105196,0.8223938223938224,259,213,46,0.2826159371732968,15030.758736258558,14779.992951105196,1473,0.1847360912981455,0.18532818532818532,1143,17,17,1000.0694980694981,0.019684857828924977,0,3002577,376.1527488948,14956.145699999995,14579.992951105196,13.256807625
0.0008,0.7,0.05,0.975,14579.997489236877,0.8212927756653993,263,216,47,0.29257089433967903,15030.76327439024,14779.997489236877,1580,0.1726854891661195,0.18631178707224336,1260,16,16,1000.0912547528517,0.019699082095422604,0,3002577,376.40681076312,14956.404299999997,14579.997489236877,13.429455416
0.0008,0.7,0.05,0.98,14579.997489236877,0.8212927756653993,263,216,47,0.29257089433967903,15030.76327439024,14779.997489236877,1580,0.1726854891661195,0.18631178707224336,1260,16,16,1000.0912547528517,0.019699082095422604,0,3002577,376.40681076312,14956.404299999997,14579.997489236877,13.443436084
0.0008,0.7,0.05,0.985,14299.078154836878,0.8181818181818182,264,216,48,0.29257089433967903,15030.76327439024,14499.078154836878,1584,0.17288801571709234,0.1893939393939394,1263,17,17,1000.0909090909091,0.019527616506844408,0,3002577,379.60614516312,14678.684299999997,14299.078154836878,13.425841084
0.0008,0.7,0.075,0.965,-79.70884197887987,0.48214285714285715,56,27,29,0.43211511881439946,200,120.29115802112013,1225,0.049955396966993755,0.017857142857142856,1065,36,36,1000.375,0.014088567946214438,0,3002577,7.1784419788800005,-72.53039999999987,-79.70884197887987,13.135114292
0.0008,0.7,0.075,0.97,-78.51333014687985,0.4918032786885246,61,30,31,0.43211511881439946,200,121.48666985312015,1247,0.05364995602462621,0.01639344262295082,1076,39,39,1000.327868852459,0.01310927648988452,0,3002577,7.692930146879999,-70.82039999999985,-78.51333014687985,12.916484458
0.0008,0.7,0.075,0.975,-99.2092967852799,0.46774193548387094,62,29,33,0.4960464839263995,200,100.7907032147201,1579,0.03964194373401535,0.03225806451612903,1502,42,42,1000.4032258064516,0.012724730071938821,0,3002577,7.66089678528,-91.5483999999999,-99.2092967852799,13.324294375000001
0.0008,0.7,0.075,0.98,-99.2092967852799,0.46774193548387094,62,29,33,0.4960464839263995,200,100.7907032147201,1579,0.03964194373401535,0.03225806451612903,1502,42,42,1000.4032258064516,0.012724730071938821,0,3002577,7.66089678528,-91.5483999999999,-99.2092967852799,13.025313042
0.0008,0.7,0.075,0.985,-104.8738087852799,0.4603174603174603,63,29,34,0.5243690439263995,200,95.1261912147201,1583,0.04038461538461539,0.031746031746031744,1497,43,43,1000.3968253968254,0.012613490190201443,0,3002577,7.72540878528,-97.14839999999991,-104.8738087852799,13.008760584
0.0008,0.7,0.1,0.965,-75.44065649464001,0.5,78,39,39,0.4676191407144002,200,124.55934350535999,1449,0.07001795332136446,0.07692307692307693,1036,52,52,1000.2051282051282,0.010364147903524452,0,3002577,11.331756494640002,-64.1089,-75.44065649464001,12.985772125
0.0008,0.7,0.1,0.97,-73.89561895360005,0.5128205128205128,78,40,38,0.4676191407144002,200,126.10438104639995,1471,0.06976744186046512,0.0641025641025641,1040,51,51,1000.3461538461538,0.010667584308327599,0,3002577,11.412418953600003,-62.483200000000046,-73.89561895360005,12.71245125
0.0008,0.7,0.1,0.975,-102.70442730128005,0.38461538461538464,39,15,24,0.5135221365064002,200,97.29557269871995,1577,0.3391304347826087,0.10256410256410256,76,19,19,1000.3846153846154,0.016839680210633135,0,3002577,6.781027301279997,-95.92340000000006,-102.70442730128005,12.904557334
0.0008,0.7,0.1,0.98,-102.70442730128005,0.38461538461538464,39,15,24,0.5135221365064002,200,97.29557269871995,1577,0.3391304347826087,0.10256410256410256,76,19,19,1000.3846153846154,0.016839680210633135,0,3002577,6.781027301279997,-95.92340000000006,-102.70442730128005,12.731100209
0.0008,0.7,0.1,0.985,-102.70442730128005,0.38461538461538464,39,15,24,0.5135221365064002,200,97.29557269871995,1581,0.3391304347826087,0.10256410256410256,76,19,19,1000.3846153846154,0.016839680210633135,0,3002577,6.781027301279997,-95.92340000000006,-102.70442730128005,13.009089625
0.0008,0.7,0.125,0.965,-102.49256921488004,0.4117647058823529,34,14,20,0.5124628460744002,200,97.50743078511996,1450,0.3469387755102041,0.11764705882352941,64,14,14,1000.3823529411765,0.01868824379082461,0,3002577,7.197169214880001,-95.29540000000003,-102.49256921488004,12.894252417
0.0008,0.7,0.125,0.97,-102.49256921488004,0.4117647058823529,34,14,20,0.5124628460744002,200,97.50743078511996,1472,0.3469387755102041,0.11764705882352941,64,14,14,1000.3823529411765,0.01868824379082461,0,3002577,7.197169214880001,-95.29540000000003,-102.49256921488004,12.671631958
0.0008,0.7,0.125,0.975,-100.64243526768,0.42105263157894735,38,16,22,0.5032121763384,200,99.35756473232,1574,0.35185185185185186,0.15789473684210525,70,18,18,1000.3684210526316,0.01817970502434886,0,3002577,7.847035267680001,-92.7954,-100.64243526768,12.871854417
0.0008,0.7,0.125,0.98,-100.64243526768,0.42105263157894735,38,16,22,0.5032121763384,200,99.35756473232,1574,0.35185185185185186,0.15789473684210525,70,18,18,1000.3684210526316,0.01817970502434886,0,3002577,7.847035267680001,-92.7954,-100.64243526768,13.01969725
0.0008,0.7,0.125,0.985,-100.64243526768,0.42105263157894735,38,16,22,0.5032121763384,200,99.35756473232,1578,0.35185185185185186,0.15789473684210525,70,18,18,1000.3684210526316,0.01817970502434886,0,3002577,7.847035267680001,-92.7954,-100.64243526768,12.954885333
0.001,0.5,0.03,0.965,129.42187292800014,0.6904761904761905,42,29,13,0.18411393504663462,338.5822529280001,329.42187292800014,794,0.05370843989769821,0,740,0,0,1000.1190476190476,0.006826241134751774,0,3002577,4.778127072,134.20000000000013,129.42187292800014,12.851780208
0.001,0.5,0.03,0.97,129.42187292800014,0.6904761904761905,42,29,13,0.18411393504663462,338.5822529280001,329.42187292800014,816,0.05223880597014925,0,762,0,0,1000.1190476190476,0.006826241134751774,0,3002577,4.778127072,134.20000000000013,129.42187292800014,12.771946041
0.001,0.5,0.03,0.975,129.42187292800014,0.6904761904761905,42,29,13,0.18411393504663462,338.5822529280001,329.42187292800014,924,0.046052631578947366,0,870,0,0,1000.1190476190476,0.006826241134751774,0,3002577,4.778127072,134.20000000000013,129.42187292800014,12.770502541
0.001,0.5,0.03,0.98,129.42187292800014,0.6904761904761905,42,29,13,0.18411393504663462,338.5822529280001,329.42187292800014,924,0.046052631578947366,0,870,0,0,1000.1190476190476,0.006826241134751774,0,3002577,4.778127072,134.20000000000013,129.42187292800014,12.888583834
0.001,0.5,0.03,0.985,121.32971292800016,0.6744186046511628,43,29,14,0.18411393504663462,338.5822529280001,321.32971292800016,928,0.04694323144104803,0,873,1,1,1000.1162790697674,0.0067073170731707325,0,3002577,4.870287072,126.20000000000016,121.32971292800016,12.93408775
0.001,0.5,0.05,0.965,1010.5722463679203,0.6616541353383458,133,88,45,0.32020527454292924,1268.2826403679203,1210.5722463679203,794,0.2878787878787879,0.07518796992481203,329,45,45,1000.1278195488721,0.004037259155289014,0,3002577,33.253253632079996,1043.8255000000004,1010.5722463679203,12.925396667
0.001,0.5,0.05,0.97,957.9972387672001,0.6567164179104478,134,88,46,0.32020527454292924,1213.4175377672002,1157.9972387672,816,0.2791666666666667,0.05970149253731343,346,44,44,1000.1268656716418,0.00406777523176859,0,3002577,32.2691612328,990.2664000000001,957.9972387672001,12.733921291
0.001,0.5,0.05,0.975,766.4303051161603,0.6515151515151515,132,86,46,0.25855321507370366,1012.6902241161603,966.4303051161603,698,0.19849624060150375,0.045454545454545456,533,47,47,1000.2121212121212,0.0041581913885999095,0,3002577,27.611294883839996,794.0416000000002,766.4303051161603,12.819312042
0.001,0.5,0.05,0.98,766.4303051161603,0.6515151515151515,132,86,46,0.25855321507370366,1012.6902241161603,966.4303051161603,698,0.19849624060150375,0.045454545454545456,533,47,47,1000.2121212121212,0.0041581913885999095,0,3002577,27.611294883839996,794.0416000000002,766.4303051161603,12.485381375
0.001,0.5,0.05,0.985,726.7787211161603,0.6466165413533834,133,86,47,0.25855321507370366,1012.6902241161603,926.7787211161603,702,0.19880418535127056,0.045112781954887216,536,48,48,1000.2105263157895,0.004095865897863358,0,3002577,28.062878883839996,754.8416000000003,726.7787211161603,12.640766
0.001,0.5,0.075,0.965,2471.7175263173604,0.6049382716049383,162,98,64,0.4069417201366107,2737.9882954273603,2671.7175263173604,794,0.36,0.13580246913580246,288,70,70,1000.1728395061729,0.003712280789789712,0,3002577,73.24657368263996,2544.9641,2471.7175263173604,12.829424875
0.001,0.5,0.075,0.97,2527.8491150933605,0.6060606060606061,165,100,65,0.4069417201366107,2794.1198842033605,2727.8491150933605,816,0.3495762711864407,0.13333333333333333,307,73,73,1000.1575757575757,0.0036874137610377524,0,3002577,74.92498490663998,2602.7741000000005,2527.8491150933605,12.617854959
0.001,0.5,0.075,0.975,1598.1481397651205,0.5838150289017341,173,101,72,0.4318797601755005,1864.4189088751205,1798.1481397651205,921,0.3019197207678883,0.08092485549132948,400,86,86,1000.2427745664739,0.0033110086324968906,0,3002577,53.66486023487999,1651.8130000000006,1598.1481397651205,12.709919125
0.001,0.5,0.075,0.98,1598.1481397651205,0.5838150289017341,173,101,72,0.4318797601755005,1864.4189088751205,1798.1481397651205,921,0.3019197207678883,0.08092485549132948,400,86,86,1000.2427745664739,0.0033110086324968906,0,3002577,53.66486023487999,1651.8130000000006,1598.1481397651205,12.572549041
0.001,0.5,0.075,0.985,1487.2855477651206,0.5804597701149425,174,101,73,0.4318797601755005,1864.4189088751205,1687.2855477651206,925,0.30155979202772965,0.08045977011494253,403,87,87,1000.2413793103449,0.0032412618164597063,0,3002577,54.927452234879986,1542.2130000000006,1487.2855477651206,12.841255459
0.001,0.5,0.1,0.965,-49.80897348424,0.423728813559322,59,25,34,0.5358836001370019,323.6063766763999,150.19102651576,794,0.38562091503267976,0.0847457627118644,94,37,37,1000.457627118644,0.006576148421904839,0,3002577,12.472673484239998,-37.3363,-49.80897348424,12.479028167
0.001,0.5,0.1,0.97,-49.80897348424,0.423728813559322,59,25,34,0.5358836001370019,323.6063766763999,150.19102651576,816,0.38562091503267976,0.0847457627118644,94,37,37,1000.457627118644,0.006576148421904839,0,3002577,12.472673484239998,-37.3363,-49.80897348424,12.720252584
0.001,0.5,0.1,0.975,-74.51130172200004,0.39622641509433965,53,21,32,0.5016793497873638,251.823195014,125.48869827799996,924,0.3136094674556213,0.03773584905660377,116,40,40,1000.622641509434,0.00381155789214277,0,3002577,9.547801721999999,-64.96350000000004,-74.51130172200004,12.983628625
0.001,0.5,0.1,0.98,-74.51130172200004,0.39622641509433965,53,21,32,0.5016793497873638,251.823195014,125.48869827799996,924,0.3136094674556213,0.03773584905660377,116,40,40,1000.622641509434,0.00381155789214277,0,3002577,9.547801721999999,-64.96350000000004,-74.51130172200004,13.196630292
0.001,0.5,0.1,0.985,-74.51130172200004,0.39622641509433965,53,21,32,0.5016793497873638,251.823195014,125.48869827799996,928,0.3136094674556213,0.03773584905660377,116,40,40,1000.622641509434,0.00381155789214277,0,3002577,9.547801721999999,-64.96350000000004,-74.51130172200004,12.987555334
0.001,0.5,0.125,0.965,-35.49692231384,0.41025641025641024,39,16,23,0.5112510923483771,336.5799393324,164.50307768616,794,0.35454545454545455,0.1794871794871795,71,27,27,1000.5897435897435,0.005191376834170473,0,3002577,10.008422313839999,-25.488500000000002,-35.49692231384,13.0472915
0.001,0.5,0.125,0.97,-35.49692231384,0.41025641025641024,39,16,23,0.5112510923483771,336.5799393324,164.50307768616,816,0.35454545454545455,0.1794871794871795,71,27,27,1000.5897435897435,0.005191376834170473,0,3002577,10.008422313839999,-25.488500000000002,-35.49692231384,13.099066333
0.001,0.5,0.125,0.975,-85.99964129656006,0.38181818181818183,55,21,34,0.5104373784224548,232.86164768071995,114.00035870343994,924,0.3395061728395062,0.10909090909090909,107,43,43,1000.6363636363636,0.0035569034674567796,0,3002577,10.811141296559997,-75.18850000000006,-85.99964129656006,13.23339675
0.001,0.5,0.125,0.98,-85.99964129656006,0.38181818181818183,55,21,34,0.5104373784224548,232.86164768071995,114.00035870343994,924,0.3395061728395062,0.10909090909090909,107,43,43,1000.6363636363636,0.0035569034674567796,0,3002577,10.811141296559997,-75.18850000000006,-85.99964129656006,13.177201875
0.001,0.5,0.125,0.985,-85.99964129656006,0.38181818181818183,55,21,34,0.5104373784224548,232.86164768071995,114.00035870343994,928,0.3395061728395062,0.10909090909090909,107,43,43,1000.6363636363636,0.0035569034674567796,0,3002577,10.811141296559997,-75.18850000000006,-85.99964129656006,13.499122208
0.001,0.55,0.03,0.965,3173.5434446936797,0.8020833333333334,192,154,38,0.11007336209489392,3471.66777068568,3373.5434446936797,708,0.29046898638426627,0.041666666666666664,469,20,20,1000.0989583333334,0.004313697325338118,0,3002577,76.68305530631999,3250.2264999999998,3173.5434446936797,13.5215505
0.001,0.55,0.03,0.97,3228.99079954168,0.8041237113402062,194,156,38,0.11007336209489392,3528.6726545176803,3428.99079954168,730,0.2840409956076135,0.041237113402061855,489,22,22,1000.0927835051547,0.004288585176452352,0,3002577,78.05570045831999,3307.0465000000004,3228.99079954168,13.068101041
0.001,0.55,0.03,0.975,3138.5787100536813,0.7989949748743719,199,159,40,0.1001526945097261,3435.664683389681,3338.5787100536813,1064,0.24720496894409938,0.04020100502512563,606,28,28,1000.0603015075377,0.004228966972332,0,3002577,76.58778994632,3215.166500000001,3138.5787100536813,13.432184083
0.001,0.55,0.03,0.98,3138.5787100536813,0.7989949748743719,199,159,40,0.1001526945097261,3435.664683389681,3338.5787100536813,1064,0.24720496894409938,0.04020100502512563,606,28,28,1000.0603015075377,0.004228966972332,0,3002577,76.58778994632,3215.166500000001,3138.5787100536813,13.11022825
0.001,0.55,0.03,0.985,3056.0386780536815,0.795,200,159,41,0.1001526945097261,3435.664683389681,3256.0386780536815,1068,0.24721878862793573,0.04,609,29,29,1000.06,0.004178671495415917,0,3002577,77.52782194632,3133.5665000000013,3056.0386780536815,13.531594959
0.001,0.55,0.05,0.965,8613.977703148317,0.7276785714285714,224,163,61,0.2727203852266179,8923.934057655437,8813.977703148317,934,0.3835616438356164,0.15178571428571427,360,50,50,1000.1205357142857,0.0036995297184753083,0,3002577,198.50249685167998,8812.480199999996,8613.977703148317,13.013895667
0.001,0.55,0.05,0.97,9103.1730445924,0.728448275862069,232,169,63,0.2727203852266179,9413.12939909952,9303.1730445924,956,0.38283828382838286,0.15948275862068967,374,54,54,1000.1206896551724,0.003739529972091421,0,3002577,210.36425540759996,9313.5373,9103.1730445924,13.129291584
0.001,0.55,0.05,0.975,7851.376214393359,0.7288888888888889,225,164,61,0.23052972205920727,8161.332568900479,8051.376214393359,1064,0.3129346314325452,0.12,494,55,55,1000.1288888888889,0.0035503465466101814,0,3002577,181.10268560664002,8032.478899999999,7851.376214393359,13.029556
0.001,0.55,0.05,0.98,7851.376214393359,0.7288888888888889,225,164,61,0.23052972205920727,8161.332568900479,8051.376214393359,1064,0.3129346314325452,0.12,494,55,55,1000.1288888888889,0.0035503465466101814,0,3002577,181.10268560664002,8032.478899999999,7851.376214393359,13.179675875
0.001,0.55,0.05,0.985,7570.4568799933595,0.7256637168141593,226,164,62,0.23052972205920727,8161.332568900479,7770.4568799933595,1068,0.31258644536652835,0.12389380530973451,497,56,56,1000.1283185840708,0.0034895189174730125,0,3002577,184.30202000664002,7754.7589,7570.4568799933595,12.693818292
0.001,0.55,0.075,0.965,16140.593999112158,0.7081545064377682,233,165,68,0.2867812451501294,16450.550353619277,16340.593999112158,932,0.40241796200345425,0.24892703862660945,346,68,68,1000.1459227467811,0.0038687251016099006,0,3002577,368.4898008878401,16509.083799999997,16140.593999112158,12.881095208
0.001,0.55,0.075,0.97,15896.844133874318,0.7046413502109705,237,167,70,0.2867812451501294,16206.800488381437,16096.844133874318,954,0.39434276206322794,0.2320675105485232,364,71,71,1000.1392405063291,0.003855535059949649,0,3002577,363.4049661256801,16260.249099999997,15896.844133874318,12.586714167
0.001,0.55,0.075,0.975,-19.73246186224,0.49324324324324326,148,73,75,0.2982765265460426,244.24852026199997,180.26753813776,1058,0.2096317280453258,0.060810810810810814,558,91,91,1000.3243243243244,0.006740865437017843,0,3002577,20.780861862240013,1.0484000000000115,-19.73246186224,12.846626708
0.001,0.55,0.075,0.98,-19.73246186224,0.49324324324324326,148,73,75,0.2982765265460426,244.24852026199997,180.26753813776,1058,0.2096317280453258,0.060810810810810814,558,91,91,1000.3243243243244,0.006740865437017843,0,3002577,20.780861862240013,1.0484000000000115,-19.73246186224,13.176180375
0.001,0.55,0.075,0.985,-30.252269862240013,0.4899328859060403,149,73,76,0.30502043592454375,244.24852026199997,169.74773013776,1062,0.21015514809590974,0.06040268456375839,560,92,92,1000.3221476510067,0.006705674000955777,0,3002577,20.90066986224001,-9.351600000000001,-30.252269862240013,13.3576055
0.001,0.55,0.1,0.965,17502.65929550872,0.6778242677824268,239,162,77,0.4810721542216957,17812.615650015843,17702.65929550872,934,0.42151675485008816,0.26359832635983266,328,71,71,1000.2050209205021,0.0038363722079364985,0,3002577,400.5656044912799,17903.2249,17502.65929550872,13.411195167
0.001,0.55,0.1,0.97,17026.52672791024,0.6835443037974683,237,162,75,0.4810721542216957,17336.483082417362,17226.52672791024,956,0.4114583333333333,0.23628691983122363,339,70,70,1000.1940928270042,0.0037423553513646146,0,3002577,389.15707208975994,17415.683800000003,17026.52672791024,13.363317
0.001,0.55,0.1,0.975,-70.43347304671997,0.46808510638297873,141,66,75,0.4958619673445709,252.92934881672,129.56652695328003,1060,0.19775596072931276,0.0851063829787234,572,94,94,1000.3687943262412,0.005322393182323301,0,3002577,22.54667304671999,-47.88679999999998,-70.43347304671997,13.323641
0.001,0.55,0.1,0.98,-70.43347304671997,0.46808510638297873,141,66,75,0.4958619673445709,252.92934881672,129.56652695328003,1060,0.19775596072931276,0.0851063829787234,572,94,94,1000.3687943262412,0.005322393182323301,0,3002577,22.54667304671999,-47.88679999999998,-70.43347304671997,13.421612458
0.001,0.55,0.1,0.985,-80.95328104671997,0.4647887323943662,142,66,76,0.5293281720361176,252.92934881672,119.04671895328003,1064,0.19832402234636873,0.08450704225352113,574,95,95,1000.3661971830986,0.005297302393722146,0,3002577,22.66648104671999,-58.28679999999997,-80.95328104671997,13.270291709
0.001,0.55,0.125,0.965,-30.939349111520016,0.4225352112676056,71,30,41,0.5083045781988937,343.83206227384,169.06065088847998,932,0.4251497005988024,0.19718309859154928,96,38,38,1000.4507042253521,0.00711015065773036,0,3002577,18.129149111519997,-12.81020000000002,-30.939349111520016,13.272473917
0.001,0.55,0.125,0.97,-30.939349111520016,0.4225352112676056,71,30,41,0.5083045781988937,343.83206227384,169.06065088847998,954,0.4251497005988024,0.19718309859154928,96,38,38,1000.4507042253521,0.00711015065773036,0,3002577,18.129149111519997,-12.81020000000002,-30.939349111520016,13.151200292
0.001,0.55,0.125,0.975,18919.28378771408,0.66015625,256,169,87,0.495885277494554,19229.240142221202,19119.28378771408,1064,0.38266068759342303,0.26171875,413,99,99,1000.2421875,0.003940901502852325,0,3002577,433.7818122859199,19353.0656,18919.28378771408,13.345671875
0.001,0.55,0.125,0.98,18919.28378771408,0.66015625,256,169,87,0.495885277494554,19229.240142221202,19119.28378771408,1064,0.38266068759342303,0.26171875,413,99,99,1000.2421875,0.003940901502852325,0,3002577,433.7818122859199,19353.0656,18919.28378771408,13.155020583
0.001,0.55,0.125,0.985,18638.36445331408,0.6575875486381323,257,169,88,0.495885277494554,19229.240142221202,18838.36445331408,1068,0.3818722139673105,0.26459143968871596,416,100,100,1000.2412451361868,0.003912576372742465,0,3002577,436.9811466859199,19075.3456,18638.36445331408,13.066684708
0.001,0.6,0.03,0.965,3486.5180578888794,0.7894736842105263,247,195,52,0.13489785062108675,3876.6638434648794,3686.5180578888794,1006,0.33559782608695654,0.06477732793522267,489,29,29,999.995951417004,0.010896902250260333,0,3002577,96.03784211111996,3582.5558999999994,3486.5180578888794,13.3090305
0.001,0.6,0.03,0.97,3522.87981315512,0.7911646586345381,249,197,52,0.12629385019412134,3915.0208104751196,3722.87981315512,1028,0.32849604221635886,0.06827309236947791,509,31,31,999.9919678714859,0.010876032240330088,0,3002577,97.09828684488004,3619.9781,3522.87981315512,13.388854208
0.001,0.6,0.03,0.975,2728.3006893154397,0.7848101265822784,237,186,51,0.2029191559317195,3080.0182754274397,2928.3006893154397,1136,0.21903881700554528,0.05485232067510549,845,25,25,1000.042194092827,0.01115682171375717,0,3002577,76.83901068456001,2805.1396999999997,2728.3006893154397,13.2502345
0.001,0.6,0.03,0.98,2728.3006893154397,0.7848101265822784,237,186,51,0.2029191559317195,3080.0182754274397,2928.3006893154397,1136,0.21903881700554528,0.05485232067510549,845,25,25,1000.042194092827,0.01115682171375717,0,3002577,76.83901068456001,2805.1396999999997,2728.3006893154397,13.000901084
0.001,0.6,0.03,0.985,2656.57575149144,0.7815126050420168,238,186,52,0.2029191559317195,3080.0182754274397,2856.57575149144,1140,0.21915285451197053,0.0546218487394958,848,26,26,1000.0420168067227,0.011040834933566902,0,3002577,77.64394850856002,2734.2196999999996,2656.57575149144,13.08553925
0.001,0.6,0.05,0.965,9152.864481399924,0.7420634920634921,252,187,65,0.16901232765694782,9624.075513712243,9352.864481399924,1005,0.3894899536321484,0.15476190476190477,395,53,53,1000.0992063492064,0.012645283506712287,0,3002577,231.56681860007998,9384.431300000004,9152.864481399924,13.222178833
0.001,0.6,0.05,0.97,9343.34363504536,0.7392996108949417,257,190,67,0.15675566215351955,9814.55466735768,9543.34363504536,1027,0.3841554559043348,0.1556420233463035,412,57,57,1000.0972762645914,0.012632343607791023,0,3002577,236.70886495464,9580.0525,9343.34363504536,13.143849375
0.001,0.6,0.05,0.975,8074.032764198399,0.7372549019607844,255,188,67,0.21917320185524525,8545.243796510718,8274.032764198399,1137,0.3231939163498099,0.12156862745098039,534,61,61,1000.0941176470589,0.01240095910374723,0,3002577,204.66403580159997,8278.696799999998,8074.032764198399,13.299982792
0.001,0.6,0.05,0.98,8074.032764198399,0.7372549019607844,255,188,67,0.21917320185524525,8545.243796510718,8274.032764198399,1137,0.3231939163498099,0.12156862745098039,534,61,61,1000.0941176470589,0.01240095910374723,0,3002577,204.66403580159997,8278.696799999998,8074.032764198399,13.320485875
0.001,0.6,0.05,0.985,7793.113429798399,0.734375,256,188,68,0.21917320185524525,8545.243796510718,7993.113429798399,1141,0.3228247162673392,0.125,537,62,62,1000.09375,0.012208602060212095,0,3002577,207.86337020159996,8000.976799999999,7793.113429798399,13.109447959
0.001,0.6,0.075,0.965,17570.68625125128,0.7052631578947368,285,201,84,0.19257666114937733,18041.8972835636,17770.68625125128,1004,0.4432348367029549,0.2596491228070175,358,71,71,1000.1157894736842,0.010848385701179776,0,3002577,447.98544874872005,18018.671700000003,17570.68625125128,13.28123475
0.001,0.6,0.075,0.97,17912.71419859792,0.7073170731707317,287,203,84,0.19257666114937733,18383.92523091024,18112.71419859792,1026,0.43157894736842106,0.2682926829268293,378,73,73,1000.1114982578397,0.010723032110037042,0,3002577,456.82500140208003,18369.539200000003,17912.71419859792,13.147072458
0.001,0.6,0.075,0.975,15964.1219498116,0.6686746987951807,332,222,110,0.36096648904314566,16435.33298212392,16164.1219498116,1133,0.43342036553524804,0.20783132530120482,434,103,103,1000.1415662650602,0.011572796797466872,0,3002577,416.67315018840014,16380.795100000001,15964.1219498116,12.735205667
0.001,0.6,0.075,0.98,15964.1219498116,0.6686746987951807,332,222,110,0.36096648904314566,16435.33298212392,16164.1219498116,1133,0.43342036553524804,0.20783132530120482,434,103,103,1000.1415662650602,0.011572796797466872,0,3002577,416.67315018840014,16380.795100000001,15964.1219498116,12.249417417
0.001,0.6,0.075,0.985,15683.202615411601,0.6666666666666666,333,222,111,0.36096648904314566,16435.33298212392,15883.202615411601,1137,0.43246753246753245,0.21021021021021022,437,104,104,1000.1411411411411,0.011484541662721632,0,3002577,419.87248458840014,16103.075100000002,15683.202615411601,12.571302082999999
0.001,0.6,0.1,0.965,18217.361969846563,0.6881720430107527,279,192,87,0.4382800453259823,18688.573002158882,18417.361969846563,1003,0.43661971830985913,0.22939068100358423,360,73,73,1000.1182795698925,0.010438220447008716,0,3002577,458.17003015344,18675.532000000003,18217.361969846563,12.428129917
0.001,0.6,0.1,0.97,18682.00497182464,0.7065217391304348,276,195,81,0.43211562575482015,19153.21600413696,18882.00497182464,1025,0.423963133640553,0.25,375,74,74,1000.1485507246376,0.010315169609878593,0,3002577,471.81462817536,19153.819600000003,18682.00497182464,12.957972791
0.001,0.6,0.1,0.975,-64.17969003287993,0.48226950354609927,141,68,73,0.5040750734083215,271.95067836984,135.82030996712007,1133,0.27485380116959063,0.09929078014184398,372,85,85,1000.3404255319149,0.008252940031693955,0,3002577,24.139590032880005,-40.040099999999924,-64.17969003287993,12.638211167
0.001,0.6,0.1,0.98,-64.17969003287993,0.48226950354609927,141,68,73,0.5040750734083215,271.95067836984,135.82030996712007,1133,0.27485380116959063,0.09929078014184398,372,85,85,1000.3404255319149,0.008252940031693955,0,3002577,24.139590032880005,-40.040099999999924,-64.17969003287993,12.804186667
0.001,0.6,0.1,0.985,-64.17969003287993,0.48226950354609927,141,68,73,0.5040750734083215,271.95067836984,135.82030996712007,1137,0.27485380116959063,0.09929078014184398,372,85,85,1000.3404255319149,0.008252940031693955,0,3002577,24.139590032880005,-40.040099999999924,-64.17969003287993,12.966510042
0.001,0.6,0.125,0.965,20243.26290075472,0.6877192982456141,285,196,89,0.479321024045135,20714.473933067038,20443.26290075472,1002,0.456,0.28421052631578947,340,72,72,1000.1754385964912,0.010043061301410219,0,3002577,511.55889924528014,20754.821799999998,20243.26290075472,12.956815083
0.001,0.6,0.125,0.97,20244.77960363064,0.6956521739130435,276,192,84,0.479321024045135,20715.99063594296,20444.77960363064,1024,0.4353312302839117,0.2826086956521739,358,71,71,1000.1557971014493,0.010024847692845703,0,3002577,510.36969636936016,20755.1493,20244.77960363064,13.238791167
0.001,0.6,0.125,0.975,-92.30823652632002,0.46017699115044247,113,52,61,0.521805980972923,223.21185432399997,107.69176347367998,1132,0.21814671814671815,0.11504424778761062,405,84,84,1000.4867256637168,0.0035465489503007644,0,3002577,20.62893652631999,-71.67930000000003,-92.30823652632002,13.13091375
0.001,0.6,0.125,0.98,-92.30823652632002,0.46017699115044247,113,52,61,0.521805980972923,223.21185432399997,107.69176347367998,1132,0.21814671814671815,0.11504424778761062,405,84,84,1000.4867256637168,0.0035465489503007644,0,3002577,20.62893652631999,-71.67930000000003,-92.30823652632002,13.248922917
0.001,0.6,0.125,0.985,-92.30823652632002,0.46017699115044247,113,52,61,0.521805980972923,223.21185432399997,107.69176347367998,1136,0.21814671814671815,0.11504424778761062,405,84,84,1000.4867256637168,0.0035465489503007644,0,3002577,20.62893652631999,-71.67930000000003,-92.30823652632002,13.373314166
0.001,0.65,0.03,0.965,2220.715484820879,0.7949790794979079,239,190,49,0.10037125269524926,2551.378622180879,2420.715484820879,840,0.30062893081761005,0.0502092050209205,556,20,20,1000.0627615062762,0.015093208419785266,0,3002577,66.85661517912001,2287.572099999999,2220.715484820879,13.151749041
0.001,0.65,0.03,0.97,2400.4808190450403,0.7769516728624535,269,209,60,0.16152881335256697,2740.8269442450405,2600.4808190450403,862,0.33292079207920794,0.055762081784386616,539,23,23,1000.0780669144981,0.014927375746536001,0,3002577,74.93988095495999,2475.4207,2400.4808190450403,13.557508959
0.001,0.65,0.03,0.975,2880.7748853410385,0.7841726618705036,278,218,60,0.13703348862560802,3237.1086149861585,3080.7748853410385,1198,0.2995689655172414,0.06115107913669065,650,35,35,1000.0467625899281,0.014371697529239898,0,3002577,87.29701465896,2968.0718999999985,2880.7748853410385,13.451742667
0.001,0.65,0.03,0.98,2880.7748853410385,0.7841726618705036,278,218,60,0.13703348862560802,3237.1086149861585,3080.7748853410385,1198,0.2995689655172414,0.06115107913669065,650,35,35,1000.0467625899281,0.014371697529239898,0,3002577,87.29701465896,2968.0718999999985,2880.7748853410385,13.53918575
0.001,0.65,0.03,0.985,2805.003867517038,0.7813620071684588,279,218,61,0.13703348862560802,3237.1086149861585,3005.003867517038,1202,0.29935622317596566,0.06093189964157706,653,36,36,1000.0465949820789,0.014231193663545695,0,3002577,88.14803248295999,2893.151899999998,2805.003867517038,13.30323675
0.001,0.65,0.05,0.965,7591.36999298472,0.7183544303797469,316,227,89,0.24184967368919813,8039.58611655504,7791.36999298472,1065,0.4540229885057471,0.10759493670886076,380,58,58,1000.0886075949367,0.014873452688585581,0,3002577,212.38690701528,7803.756899999999,7591.36999298472,13.312539125
0.001,0.65,0.05,0.97,7467.561180616719,0.7215189873417721,316,228,88,0.24184967368919813,7915.777304187039,7667.561180616719,1087,0.4401114206128134,0.10759493670886076,402,60,60,1000.0854430379746,0.01490136047951027,0,3002577,208.9757193832799,7676.536899999999,7467.561180616719,13.301469
0.001,0.65,0.05,0.975,6077.69606732912,0.726027397260274,292,212,80,0.2478972610397501,6525.912190899439,6277.69606732912,1196,0.3476190476190476,0.08561643835616438,548,64,64,1000.1232876712329,0.014459870644491436,0,3002577,169.41713267087997,6247.1132,6077.69606732912,13.396033625
0.001,0.65,0.05,0.98,6077.69606732912,0.726027397260274,292,212,80,0.2478972610397501,6525.912190899439,6277.69606732912,1196,0.3476190476190476,0.08561643835616438,548,64,64,1000.1232876712329,0.014459870644491436,0,3002577,169.41713267087997,6247.1132,6077.69606732912,13.348864625
0.001,0.65,0.05,0.985,5812.2732193291195,0.7235494880546075,293,212,81,0.2478972610397501,6525.912190899439,6012.2732193291195,1200,0.3471563981042654,0.08532423208191127,551,65,65,1000.122866894198,0.01420263088039249,0,3002577,172.43998067087998,5984.713199999999,5812.2732193291195,13.147832167
0.001,0.65,0.075,0.965,13833.442339195995,0.7103658536585366,328,233,95,0.2931155798789593,14281.658462766316,14033.442339195995,1067,0.46790299572039945,0.18597560975609756,373,70,70,1000.1036585365854,0.015311732264652352,0,3002577,380.98986080400005,14214.432199999996,13833.442339195995,13.236507292
0.001,0.65,0.075,0.97,14675.199347700394,0.7062314540059347,337,238,99,0.2931155798789593,15123.415471270715,14875.199347700394,1089,0.4661134163208852,0.18694362017804153,386,74,74,1000.1008902077151,0.015009028728182957,0,3002577,406.01195229960007,15081.211299999994,14675.199347700394,13.2954705
0.001,0.65,0.075,0.975,13654.215515687918,0.6810810810810811,370,252,118,0.27072626192737353,14102.431639258239,13854.215515687918,1194,0.44740024183796856,0.16756756756756758,457,102,102,1000.1405405405405,0.01508148679635487,0,3002577,381.23838431208014,14035.453899999999,13654.215515687918,13.576697542
0.001,0.65,0.075,0.98,13654.215515687918,0.6810810810810811,370,252,118,0.27072626192737353,14102.431639258239,13854.215515687918,1194,0.44740024183796856,0.16756756756756758,457,102,102,1000.1405405405405,0.01508148679635487,0,3002577,381.23838431208014,14035.453899999999,13654.215515687918,13.3693775
0.001,0.65,0.075,0.985,13373.296181287918,0.6792452830188679,371,252,119,0.27072626192737353,14102.431639258239,13573.296181287918,1198,0.4464500601684717,0.16981132075471697,460,103,103,1000.1401617250674,0.014954662644702956,0,3002577,384.43771871208014,13757.7339,13373.296181287918,13.580545167
0.001,0.65,0.1,0.965,17464.499232385842,0.6957831325301205,332,231,101,0.3992295629959787,17912.71535595616,17664.499232385842,1068,0.4783861671469741,0.24397590361445784,362,75,75,1000.1114457831326,0.014661599324916742,0,3002577,487.74566761416,17952.2449,17464.499232385842,13.39119925
0.001,0.65,0.1,0.97,17676.46195546872,0.6973293768545994,337,235,102,0.3992295629959787,18124.678079039037,17876.46195546872,1090,0.47067039106145253,0.2522255192878338,379,77,77,1000.1127596439169,0.01461517623939821,0,3002577,495.08914453128017,18171.5511,17676.46195546872,13.305232917
0.001,0.65,0.1,0.975,-79.17825641424005,0.4921875,128,63,65,0.517014353118626,250.15597123000003,120.82174358575995,1196,0.22416812609457093,0.0859375,443,83,83,1000.453125,0.005257240636818227,0,3002577,20.702856414240003,-58.47540000000005,-79.17825641424005,13.2422485
0.001,0.65,0.1,0.98,-79.17825641424005,0.4921875,128,63,65,0.517014353118626,250.15597123000003,120.82174358575995,1196,0.22416812609457093,0.0859375,443,83,83,1000.453125,0.005257240636818227,0,3002577,20.702856414240003,-58.47540000000005,-79.17825641424005,13.257135541
0.001,0.65,0.1,0.985,-79.17825641424005,0.4921875,128,63,65,0.517014353118626,250.15597123000003,120.82174358575995,1200,0.22416812609457093,0.0859375,443,83,83,1000.453125,0.005257240636818227,0,3002577,20.702856414240003,-58.47540000000005,-79.17825641424005,13.143676042
0.001,0.65,0.125,0.965,17364.508880461763,0.6947040498442367,321,223,98,0.49330784629205915,17812.72500403208,17564.508880461763,1066,0.48125937031484256,0.2585669781931464,346,71,71,1000.1370716510903,0.014868745835751427,0,3002577,488.8435195382401,17853.352400000003,17364.508880461763,13.040042
0.001,0.65,0.125,0.97,18933.129740182725,0.7023809523809523,336,236,100,0.3968648523843214,19381.345863753042,19133.129740182725,1088,0.4779516358463727,0.28273809523809523,367,77,77,1000.110119047619,0.014946893280562966,0,3002577,533.43325981728,19466.563000000006,18933.129740182725,13.07139075
0.001,0.65,0.125,0.975,-69.26616247232008,0.5301204819277109,166,88,78,0.5392287365016137,283.72827883208,130.73383752767992,1196,0.3360323886639676,0.10843373493975904,328,88,88,1000.3253012048193,0.010713197004036792,0,3002577,37.06216247232003,-32.20400000000004,-69.26616247232008,13.104921458
0.001,0.65,0.125,0.98,-69.26616247232008,0.5301204819277109,166,88,78,0.5392287365016137,283.72827883208,130.73383752767992,1196,0.3360323886639676,0.10843373493975904,328,88,88,1000.3253012048193,0.010713197004036792,0,3002577,37.06216247232003,-32.20400000000004,-69.26616247232008,12.81352225
0.001,0.65,0.125,0.985,-69.26616247232008,0.5301204819277109,166,88,78,0.5392287365016137,283.72827883208,130.73383752767992,1200,0.3360323886639676,0.10843373493975904,328,88,88,1000.3253012048193,0.010713197004036792,0,3002577,37.06216247232003,-32.20400000000004,-69.26616247232008,13.04712625
0.001,0.7,0.03,0.965,2390.0205583736806,0.7834394904458599,314,246,68,0.14064411367546156,2887.0764697096806,2590.0205583736806,1151,0.35926773455377575,0.044585987261146494,560,30,30,1000.0828025477707,0.024252132626168387,0,3002577,87.3273416263199,2477.3479000000007,2390.0205583736806,13.183894291
0.001,0.7,0.03,0.97,2471.2589919631996,0.784375,320,251,69,0.12825485155911392,2976.656968414399,2671.2589919631996,1171,0.3579418344519016,0.05625,574,32,32,1000.08125,0.02419387493853771,0,3002577,90.65900803679995,2561.9179999999997,2471.2589919631996,13.012894875
0.001,0.7,0.03,0.975,2872.29484659696,0.7781065088757396,338,263,75,0.12379868535904774,3406.0306422692797,3072.29484659696,1281,0.3393574297188755,0.0621301775147929,658,39,39,1000.103550295858,0.023676991677363642,0,3002577,104.3567534030399,2976.6515999999997,2872.29484659696,12.944728375
0.001,0.7,0.03,0.98,2872.29484659696,0.7781065088757396,338,263,75,0.12379868535904774,3406.0306422692797,3072.29484659696,1281,0.3393574297188755,0.0621301775147929,658,39,39,1000.103550295858,0.023676991677363642,0,3002577,104.3567534030399,2976.6515999999997,2872.29484659696,12.911462917
0.001,0.7,0.03,0.985,2796.04539922896,0.775811209439528,339,263,76,0.12379868535904774,3406.0306422692797,2996.04539922896,1285,0.339,0.061946902654867256,661,40,40,1000.1032448377581,0.02347806724146781,0,3002577,105.2162007710399,2901.2616,2796.04539922896,13.041458917
0.001,0.7,0.05,0.965,8107.732449719761,0.7183462532299741,387,278,109,0.19142324786981357,9015.016328621281,8307.73244971976,1151,0.4980694980694981,0.13695090439276486,390,66,66,1000.1369509043927,0.024003094426274324,0,3002577,264.66905028024007,8372.4015,8107.732449719761,12.870361208
0.001,0.7,0.05,0.97,8956.344003153199,0.7235142118863049,387,280,107,0.19142324786981357,9863.62788205472,9156.344003153199,1174,0.48314606741573035,0.15503875968992248,414,68,68,1000.1317829457364,0.023898811476670542,0,3002577,286.8772968468,9243.2213,8956.344003153199,13.21187625
0.001,0.7,0.05,0.975,57.88498894016021,0.6264367816091954,174,109,65,0.25859019718697906,272.32401487616016,257.8849889401602,1054,0.1864951768488746,0.04597701149425287,759,58,58,1000.183908045977,0.017422968773788586,0,3002577,19.979011059839994,77.8640000000002,57.88498894016021,12.829268292
0.001,0.7,0.05,0.98,57.88498894016021,0.6264367816091954,174,109,65,0.25859019718697906,272.32401487616016,257.8849889401602,1054,0.1864951768488746,0.04597701149425287,759,58,58,1000.183908045977,0.017422968773788586,0,3002577,19.979011059839994,77.8640000000002,57.88498894016021,12.757719709
0.001,0.7,0.05,0.985,47.3651809401602,0.6228571428571429,175,109,66,0.25859019718697906,272.32401487616016,247.3651809401602,1058,0.18676627534685167,0.045714285714285714,762,59,59,1000.1828571428572,0.017312442296526318,0,3002577,20.098819059839993,67.4640000000002,47.3651809401602,12.428078958
0.001,0.7,0.075,0.965,13028.498569410314,0.7108108108108108,370,263,107,0.21764996873424855,13935.782448311837,13228.498569410314,1151,0.4811443433029909,0.1945945945945946,399,72,72,1000.1378378378379,0.024545811917594727,0,3002577,404.46333058968,13432.961899999995,13028.498569410314,12.453916417
0.001,0.7,0.075,0.97,13618.531130918234,0.7162162162162162,370,265,105,0.22685206505978558,14525.815009819755,13818.531130918234,1174,0.4665825977301387,0.1945945945945946,423,74,74,1000.1324324324324,0.02457865652733013,0,3002577,422.27366908175986,14040.804799999994,13618.531130918234,12.412170459
0.001,0.7,0.075,0.975,62.01154144719999,0.5932203389830508,236,140,96,0.28145455527994645,290.4271549592,262.0115414472,1276,0.25513513513513514,0.07203389830508475,689,89,89,1000.1991525423729,0.014309156120441832,0,3002577,34.7268585528,96.73839999999998,62.01154144719999,12.724005
0.001,0.7,0.075,0.98,62.01154144719999,0.5932203389830508,236,140,96,0.28145455527994645,290.4271549592,262.0115414472,1276,0.25513513513513514,0.07203389830508475,689,89,89,1000.1991525423729,0.014309156120441832,0,3002577,34.7268585528,96.73839999999998,62.01154144719999,12.379437958
0.001,0.7,0.075,0.985,45.827221447199975,0.5907172995780591,237,140,97,0.28145455527994645,290.4271549592,245.82722144719997,1280,0.25511302475780406,0.07172995780590717,692,90,90,1000.1983122362869,0.01423361895607445,0,3002577,34.9111785528,80.73839999999998,45.827221447199975,12.703915041
0.001,0.7,0.1,0.965,45.37490455271984,0.5706521739130435,184,105,79,0.3085818822921653,283.69526555271983,245.37490455271984,1148,0.233502538071066,0.09239130434782608,604,71,71,1000.1902173913044,0.013246773148509106,0,3002577,32.99379544728001,78.36869999999985,45.37490455271984,12.597508083
0.001,0.7,0.1,0.97,54.24056029672002,0.574468085106383,188,108,80,0.3085818822921653,294.23142196071996,254.24056029672002,1170,0.23267326732673269,0.09042553191489362,620,73,73,1000.186170212766,0.013118752561629213,0,3002577,34.068139703279996,88.30870000000002,54.24056029672002,13.0513595
0.001,0.7,0.1,0.975,-53.53307203872018,0.5504587155963303,218,120,98,0.45566875593659417,254.74125314975998,146.46692796127982,1279,0.23516720604099245,0.0871559633027523,709,99,99,1000.2798165137615,0.0120343546655221,0,3002577,35.08187203872,-18.451200000000178,-53.53307203872018,12.9375
0.001,0.7,0.1,0.98,-53.53307203872018,0.5504587155963303,218,120,98,0.45566875593659417,254.74125314975998,146.46692796127982,1279,0.23516720604099245,0.0871559633027523,709,99,99,1000.2798165137615,0.0120343546655221,0,3002577,35.08187203872,-18.451200000000178,-53.53307203872018,13.21378
0.001,0.7,0.1,0.985,-64.86209603872018,0.547945205479452,219,120,99,0.46950914981236463,254.74125314975998,135.13790396127982,1283,0.23523093447905477,0.0867579908675799,712,100,100,1000.2785388127854,0.011991957357786723,0,3002577,35.21089603872,-29.65120000000018,-64.86209603872018,13.026967084
0.001,0.7,0.125,0.965,-68.25185804519998,0.5039370078740157,127,64,63,0.4668376551438844,247.10698950496,131.74814195480002,1149,0.15954773869346733,0.11023622047244094,669,71,71,1000.2755905511812,0.009153260005690837,0,3002577,24.20675804520001,-44.04509999999997,-68.25185804519998,12.39066025
0.001,0.7,0.125,0.97,-21.615608997679942,0.5466666666666666,150,82,68,0.42767874428302544,247.10698950496,178.38439100232006,1171,0.19157088122605365,0.1,633,70,70,1000.34,0.01157938299898128,0,3002577,29.17870899768002,7.563100000000077,-21.615608997679942,12.45519625
0.001,0.7,0.125,0.975,-85.73505468151996,0.49612403100775193,129,64,65,0.5135480311710244,232.935136086,114.26494531848004,1280,0.20093457943925233,0.10852713178294573,513,85,85,1000.4108527131783,0.00816098388948716,0,3002577,23.96935468151999,-61.76569999999997,-85.73505468151996,12.364406584
0.001,0.7,0.125,0.98,-85.73505468151996,0.49612403100775193,129,64,65,0.5135480311710244,232.935136086,114.26494531848004,1280,0.20093457943925233,0.10852713178294573,513,85,85,1000.4108527131783,0.00816098388948716,0,3002577,23.96935468151999,-61.76569999999997,-85.73505468151996,12.504827583
0.001,0.7,0.125,0.985,-85.73505468151996,0.49612403100775193,129,64,65,0.5135480311710244,232.935136086,114.26494531848004,1284,0.20093457943925233,0.10852713178294573,513,85,85,1000.4108527131783,0.00816098388948716,0,3002577,23.96935468151999,-61.76569999999997,-85.73505468151996,12.636929375
0.0012,0.5,0.03,0.965,273.19851060000013,0.7543859649122807,57,43,14,0.08358997239820878,486.48106160000015,473.19851060000013,750,0.07744565217391304,0,679,1,1,1000.0175438596491,0.005639412997903563,0,3002577,8.1114894,281.3100000000001,273.19851060000013,12.2970315
0.0012,0.5,0.03,0.97,281.46447864000027,0.7627118644067796,59,45,14,0.08358997239820878,494.7470296400003,481.46447864000027,772,0.07783641160949868,0,699,3,3,1000,0.005537359263050152,0,3002577,8.335521359999998,289.80000000000024,281.46447864000027,12.420343792
0.0012,0.5,0.03,0.975,267.1041508320002,0.75,60,45,15,0.08358997239820878,479.92868283200016,467.1041508320002,880,0.06928406466512702,0,806,4,4,999.9833333333333,0.0055751295336787556,0,3002577,8.235849167999998,275.3400000000002,267.1041508320002,12.274090875
0.0012,0.5,0.03,0.98,267.1041508320002,0.75,60,45,15,0.08358997239820878,479.92868283200016,467.1041508320002,880,0.06928406466512702,0,806,4,4,999.9833333333333,0.0055751295336787556,0,3002577,8.235849167999998,275.3400000000002,267.1041508320002,12.4624755
0.0012,0.5,0.03,0.985,255.77512683200018,0.7377049180327869,61,45,16,0.08358997239820878,479.92868283200016,455.7751268320002,884,0.07011494252873564,0,809,5,5,999.983606557377,0.005495403472931562,0,3002577,8.364873167999997,264.14000000000016,255.77512683200018,12.377521791
0.0012,0.5,0.05,0.965,407.51938034344016,0.6320754716981132,106,67,39,0.2744552735687641,636.3745773434401,607.5193803434402,750,0.2517814726840855,0.02830188679245283,315,43,43,1000.0849056603773,0.003666632238194946,0,3002577,17.989919656560005,425.50930000000017,407.51938034344016,12.598970666
0.0012,0.5,0.05,0.97,435.66395808744016,0.6388888888888888,108,69,39,0.2744552735687641,665.8932120874401,635.6639580874402,772,0.24379232505643342,0.027777777777777776,335,45,45,1000.074074074074,0.0037957180685217477,0,3002577,18.725341912560005,454.38930000000016,435.66395808744016,12.425533417
0.0012,0.5,0.05,0.975,315.96342626344006,0.6296296296296297,108,68,40,0.22317360487357474,540.69645226344,515.96342626344,654,0.17335473515248795,0.027777777777777776,515,47,47,1000.1944444444445,0.004073838981904454,0,3002577,16.605873736560007,332.56930000000006,315.96342626344006,12.632179583
0.0012,0.5,0.05,0.98,315.96342626344006,0.6296296296296297,108,68,40,0.22317360487357474,540.69645226344,515.96342626344,654,0.17335473515248795,0.027777777777777776,515,47,47,1000.1944444444445,0.004073838981904454,0,3002577,16.605873736560007,332.56930000000006,315.96342626344006,12.224476333
0.0012,0.5,0.05,0.985,294.92381026344003,0.6238532110091743,109,68,41,0.22317360487357474,540.69645226344,494.92381026344003,658,0.17384370015948963,0.027522935779816515,518,48,48,1000.1926605504588,0.0040194659192410755,0,3002577,16.84548973656001,311.76930000000004,294.92381026344003,12.362808083000001
0.0012,0.5,0.075,0.965,690.8695005708001,0.5639097744360902,133,75,58,0.33550087326281325,956.3662175708001,890.8695005708001,750,0.32598039215686275,0.06015037593984962,275,66,66,1000.1278195488721,0.003082866220649394,0,3002577,31.7557994292,722.6253000000002,690.8695005708001,12.274302125
0.0012,0.5,0.075,0.97,732.2698937008001,0.5703703703703704,135,77,58,0.33550087326281325,998.5406628108001,932.2698937008001,772,0.313953488372093,0.08888888888888889,295,68,68,1000.1185185185185,0.0026194592541885064,0,3002577,32.896706299200005,765.1666000000001,732.2698937008001,12.535586667
0.0012,0.5,0.075,0.975,477.29215386592,0.5734265734265734,143,82,61,0.37751513993930025,727.21622486592,677.29215386592,880,0.26879699248120303,0.06993006993006994,389,76,76,1000.1958041958042,0.002934793331360362,0,3002577,27.24404613408001,504.5362,477.29215386592,12.825046125
0.0012,0.5,0.075,0.98,477.29215386592,0.5734265734265734,143,82,61,0.37751513993930025,727.21622486592,677.29215386592,880,0.26879699248120303,0.06993006993006994,389,76,76,1000.1958041958042,0.002934793331360362,0,3002577,27.24404613408001,504.5362,477.29215386592,12.620272625
0.0012,0.5,0.075,0.985,436.02213786591994,0.5694444444444444,144,82,62,0.37751513993930025,727.21622486592,636.02213786592,884,0.26865671641791045,0.06944444444444445,392,77,77,1000.1944444444445,0.002889366403224435,0,3002577,27.71406213408001,463.73619999999994,436.02213786591994,13.013567959
0.0012,0.5,0.1,0.965,-66.86837362759996,0.39215686274509803,51,20,31,0.5032274429473887,267.9931177404,133.13162637240004,748,0.35664335664335667,0.0392156862745098,92,35,35,1000.4509803921569,0.001794755690939775,0,3002577,9.312873627599995,-57.55549999999997,-66.86837362759996,13.003328583
0.0012,0.5,0.1,0.97,-66.86837362759996,0.39215686274509803,51,20,31,0.5032274429473887,267.9931177404,133.13162637240004,770,0.35664335664335667,0.0392156862745098,92,35,35,1000.4509803921569,0.001794755690939775,0,3002577,9.312873627599995,-57.55549999999997,-66.86837362759996,12.750535708
0.0012,0.5,0.1,0.975,-93.86549158599996,0.40625,64,26,38,0.5020163724016491,213.128509718,106.13450841400004,880,0.3106796116504854,0.046875,142,47,47,1000.515625,0.001412572677254457,0,3002577,10.231991586000001,-83.63349999999996,-93.86549158599996,12.917411
0.0012,0.5,0.1,0.98,-93.86549158599996,0.40625,64,26,38,0.5020163724016491,213.128509718,106.13450841400004,880,0.3106796116504854,0.046875,142,47,47,1000.515625,0.001412572677254457,0,3002577,10.231991586000001,-83.63349999999996,-93.86549158599996,12.95459525
0.0012,0.5,0.1,0.985,-93.86549158599996,0.40625,64,26,38,0.5020163724016491,213.128509718,106.13450841400004,884,0.3106796116504854,0.046875,142,47,47,1000.515625,0.001412572677254457,0,3002577,10.231991586000001,-83.63349999999996,-93.86549158599996,13.041274625
0.0012,0.5,0.125,0.965,-71.27014158888,0.375,40,15,25,0.51447734012681,265.1366641564,128.72985841112,748,0.3508771929824561,0.075,74,31,31,1000.575,0.0016082803978472399,0,3002577,8.265041588879999,-63.0051,-71.27014158888,13.186031458
0.0012,0.5,0.125,0.97,-71.27014158888,0.375,40,15,25,0.51447734012681,265.1366641564,128.72985841112,770,0.3508771929824561,0.075,74,31,31,1000.575,0.0016082803978472399,0,3002577,8.265041588879999,-63.0051,-71.27014158888,13.388520334
0.0012,0.5,0.125,0.975,965.8068231013604,0.5194805194805194,154,80,74,0.4872116688363997,1232.0775922113603,1165.8068231013604,878,0.3025540275049116,0.12337662337662338,355,96,96,1000.3181818181819,0.003000529240044958,0,3002577,43.07827689864,1008.8851000000003,965.8068231013604,13.208015958
0.0012,0.5,0.125,0.98,965.8068231013604,0.5194805194805194,154,80,74,0.4872116688363997,1232.0775922113603,1165.8068231013604,878,0.3025540275049116,0.12337662337662338,355,96,96,1000.3181818181819,0.003000529240044958,0,3002577,43.07827689864,1008.8851000000003,965.8068231013604,13.336802333
0.0012,0.5,0.125,0.985,846.0428551013604,0.5161290322580645,155,80,75,0.4872116688363997,1232.0775922113603,1046.0428551013604,882,0.30214424951267055,0.12258064516129032,358,97,97,1000.3161290322581,0.002919718522589345,0,3002577,44.44224489864,890.4851000000003,846.0428551013604,13.285882834
0.0012,0.55,0.03,0.965,810.1842886592002,0.8095238095238095,105,85,20,0.09796895746242046,1039.2581630272002,1010.1842886592002,830,0.13043478260869565,0.01904761904761905,700,7,7,1000.047619047619,0.004749629887660021,0,3002577,20.631711340799992,830.8160000000001,810.1842886592002,13.159684417
0.0012,0.55,0.03,0.97,893.3473043472004,0.8141592920353983,113,92,21,0.09796895746242046,1125.0170603552003,1093.3473043472004,852,0.13933415536374846,0.017699115044247787,698,15,15,1000.0530973451328,0.004542863927808123,0,3002577,22.7386956528,916.0860000000004,893.3473043472004,13.182054334
0.0012,0.55,0.03,0.975,775.3620993632002,0.7927927927927928,111,88,23,0.11318968652879041,1003.3976210752002,975.3620993632002,960,0.11871657754010695,0.018018018018018018,824,13,13,1000.063063063063,0.004690599490915476,0,3002577,20.5339006368,795.8960000000002,775.3620993632002,13.183204291
0.0012,0.55,0.03,0.98,775.3620993632002,0.7927927927927928,111,88,23,0.11318968652879041,1003.3976210752002,975.3620993632002,960,0.11871657754010695,0.018018018018018018,824,13,13,1000.063063063063,0.004690599490915476,0,3002577,20.5339006368,795.8960000000002,775.3620993632002,13.258142791
0.0012,0.55,0.03,0.985,751.8948353632002,0.7857142857142857,112,88,24,0.11318968652879041,1003.3976210752002,951.8948353632002,964,0.11927582534611289,0.017857142857142856,827,14,14,1000.0625,0.004631651932743978,0,3002577,20.8011646368,772.6960000000001,751.8948353632002,13.346300541
0.0012,0.55,0.05,0.965,48.05263487816009,0.5714285714285714,77,44,33,0.24461942922264088,252.16606749416002,248.0526348781601,830,0.15338645418326693,0.06493506493506493,425,45,45,1000.077922077922,0.0063460227825917655,0,3002577,8.924465121840004,56.97710000000009,48.05263487816009,13.079020083
0.0012,0.55,0.05,0.97,1831.31840789016,0.723404255319149,141,102,39,0.24461942922264088,2131.51943919416,2031.31840789016,852,0.27485380116959063,0.04964539007092199,372,47,47,1000.0283687943263,0.002704934728265902,0,3002577,48.12969210984,1879.4481,1831.31840789016,12.619906167
0.0012,0.55,0.05,0.975,1925.0103757096804,0.7088607594936709,158,112,46,0.2169720317483784,2229.8839939656805,2125.0103757096804,959,0.2253922967189729,0.05063291139240506,543,53,53,1000.0949367088608,0.0028527369536233424,0,3002577,52.19512429032001,1977.2055000000005,1925.0103757096804,12.161862542
0.0012,0.55,0.05,0.98,1925.0103757096804,0.7088607594936709,158,112,46,0.2169720317483784,2229.8839939656805,2125.0103757096804,959,0.2253922967189729,0.05063291139240506,543,53,53,1000.0949367088608,0.0028527369536233424,0,3002577,52.19512429032001,1977.2055000000005,1925.0103757096804,12.315509875
0.0012,0.55,0.05,0.985,1837.6150477096803,0.7044025157232704,159,112,47,0.2169720317483784,2229.8839939656805,2037.6150477096803,963,0.225531914893617,0.050314465408805034,546,54,54,1000.0943396226415,0.002800963230215719,0,3002577,53.19045229032001,1890.8055000000004,1837.6150477096803,12.514461584
0.0012,0.55,0.075,0.965,-19.319682953120008,0.5052631578947369,95,48,47,0.3230288637718158,209.29848525416,180.68031704688,827,0.1934826883910387,0.07368421052631578,396,56,56,1000.1578947368421,0.005807253119052656,0,3002577,12.80588295312,-6.513800000000009,-19.319682953120008,12.265990375
0.0012,0.55,0.075,0.97,3427.9124720525597,0.6545454545454545,165,108,57,0.3230288637718158,3737.8688265596797,3627.9124720525597,848,0.3313253012048193,0.10909090909090909,333,62,62,1000.0909090909091,0.0021549916052258926,0,3002577,84.63322794744,3512.5456999999997,3427.9124720525597,12.748772375
0.0012,0.55,0.075,0.975,3605.5363832976786,0.631578947368421,190,120,70,0.332502710992138,3915.4927378047987,3805.5363832976786,956,0.3150912106135987,0.11578947368421053,413,82,82,1000.1684210526316,0.002194478991130875,0,3002577,91.31371670232,3696.8500999999987,3605.5363832976786,12.683960041
0.0012,0.55,0.075,0.98,3605.5363832976786,0.631578947368421,190,120,70,0.332502710992138,3915.4927378047987,3805.5363832976786,956,0.3150912106135987,0.11578947368421053,413,82,82,1000.1684210526316,0.002194478991130875,0,3002577,91.31371670232,3696.8500999999987,3605.5363832976786,12.818095875000001
0.0012,0.55,0.075,0.985,3370.0545272976788,0.6282722513089005,191,120,71,0.332502710992138,3915.4927378047987,3570.0545272976788,960,0.31466227347611203,0.11518324607329843,416,83,83,1000.1675392670157,0.0021340918525691284,0,3002577,93.99557270231999,3464.0500999999986,3370.0545272976788,12.845735875
0.0012,0.55,0.1,0.965,-56.747263135840115,0.46938775510204084,98,46,52,0.4255085464034066,225.0615441799199,143.25273686415989,826,0.20416666666666666,0.09183673469387756,382,65,65,1000.2857142857143,0.005659656999740386,0,3002577,15.993663135840004,-40.75360000000011,-56.747263135840115,12.960463666
0.0012,0.55,0.1,0.97,5939.712313682561,0.6453488372093024,172,111,61,0.4255085464034066,6249.668668189681,6139.712313682561,849,0.3467741935483871,0.19186046511627908,324,70,70,1000.0988372093024,0.002224783219933465,0,3002577,138.63368631743998,6078.346000000001,5939.712313682561,13.174409459
0.0012,0.55,0.1,0.975,-63.57955119287999,0.47540983606557374,122,58,64,0.4589396500499997,207.99935626984004,136.42044880712,956,0.20504201680672268,0.09016393442622951,473,83,83,1000.344262295082,0.004023342345477423,0,3002577,18.351251192879996,-45.22829999999999,-63.57955119287999,13.128262333
0.0012,0.55,0.1,0.98,-63.57955119287999,0.47540983606557374,122,58,64,0.4589396500499997,207.99935626984004,136.42044880712,956,0.20504201680672268,0.09016393442622951,473,83,83,1000.344262295082,0.004023342345477423,0,3002577,18.351251192879996,-45.22829999999999,-63.57955119287999,13.220431875
0.0012,0.55,0.1,0.985,-74.09935919287999,0.4715447154471545,123,58,65,0.4589396500499997,207.99935626984004,125.90064080712001,960,0.20534223706176963,0.08943089430894309,476,84,84,1000.3414634146342,0.004000141943382335,0,3002577,18.471059192879995,-55.628299999999996,-74.09935919287999,13.173535917
0.0012,0.55,0.125,0.965,-103.98230605959992,0.36585365853658536,41,15,26,0.5203805848398974,200.19559447640006,96.01769394040008,828,0.3416666666666667,0.04878048780487805,79,28,28,1000.4878048780488,0.006569294700074786,0,3002577,8.336806059599999,-95.64549999999993,-103.98230605959992,13.057441292
0.0012,0.55,0.125,0.97,-103.98230605959992,0.36585365853658536,41,15,26,0.5203805848398974,200.19559447640006,96.01769394040008,850,0.3416666666666667,0.04878048780487805,79,28,28,1000.4878048780488,0.006569294700074786,0,3002577,8.336806059599999,-95.64549999999993,-103.98230605959992,13.111231666
0.0012,0.55,0.125,0.975,-104.12416653528007,0.3888888888888889,54,21,33,0.5206208326764004,200,95.87583346471993,960,0.31952662721893493,0.09259259259259259,115,41,41,1000.574074074074,0.0038584330664299276,0,3002577,9.395266535279998,-94.72890000000007,-104.12416653528007,13.480386167
0.0012,0.55,0.125,0.98,-104.12416653528007,0.3888888888888889,54,21,33,0.5206208326764004,200,95.87583346471993,960,0.31952662721893493,0.09259259259259259,115,41,41,1000.574074074074,0.0038584330664299276,0,3002577,9.395266535279998,-94.72890000000007,-104.12416653528007,13.391292458
0.0012,0.55,0.125,0.985,-104.12416653528007,0.3888888888888889,54,21,33,0.5206208326764004,200,95.87583346471993,964,0.31952662721893493,0.09259259259259259,115,41,41,1000.574074074074,0.0038584330664299276,0,3002577,9.395266535279998,-94.72890000000007,-104.12416653528007,13.042096875
0.0012,0.6,0.03,0.965,726.5298026831999,0.7819548872180451,133,104,29,0.10784338649264669,973.9364549951999,926.5298026831999,875,0.15966386554621848,0.03007518796992481,700,14,14,1000.1278195488721,0.01044651235533312,0,3002577,23.716197316800006,750.246,726.5298026831999,13.170890708
0.0012,0.6,0.03,0.97,742.5108024912,0.7851851851851852,135,106,29,0.10791334230642632,990.9150606752,942.5108024912,897,0.15789473684210525,0.02962962962962963,720,16,16,1000.1185185185185,0.010376014703629954,0,3002577,24.235197508800006,766.746,742.5108024912,13.141943917
0.0012,0.6,0.03,0.975,723.0186597231998,0.7714285714285715,140,108,32,0.15502983018752725,970.4253120351998,923.0186597231998,1005,0.14537902388369678,0.02857142857142857,823,20,20,1000.1357142857142,0.01016963463309794,0,3002577,24.20734027680001,747.2259999999998,723.0186597231998,12.880857875
0.0012,0.6,0.03,0.98,723.0186597231998,0.7714285714285715,140,108,32,0.15502983018752725,970.4253120351998,923.0186597231998,1005,0.14537902388369678,0.02857142857142857,823,20,20,1000.1357142857142,0.01016963463309794,0,3002577,24.20734027680001,747.2259999999998,723.0186597231998,13.081834041
0.0012,0.6,0.03,0.985,700.8390412671997,0.7659574468085106,141,108,33,0.15502983018752725,970.4253120351998,900.8390412671997,1009,0.14581178903826267,0.028368794326241134,826,21,21,1000.1347517730496,0.010065334650155737,0,3002577,24.45695873280001,725.2959999999997,700.8390412671997,12.973481958
0.0012,0.6,0.05,0.965,1548.3084987824002,0.6683673469387755,196,131,65,0.20708931070951683,1902.5812197504001,1748.3084987824002,874,0.3719165085388994,0.07142857142857142,331,55,55,1000.1275510204082,0.009750467901710452,0,3002577,58.48210121759998,1606.7906000000003,1548.3084987824002,13.058898416
0.0012,0.6,0.05,0.97,1653.5635002819206,0.6683417085427136,199,133,66,0.20708931070951683,2017.3338504259204,1853.5635002819206,896,0.36247723132969034,0.07537688442211055,350,58,58,1000.1206030150754,0.009651539708265799,0,3002577,61.42449971808,1714.9880000000005,1653.5635002819206,13.143756583
0.0012,0.6,0.05,0.975,1709.0561944083206,0.6716417910447762,201,135,66,0.23580817372333102,2077.8145739123206,1909.0561944083206,1001,0.27309782608695654,0.07960199004975124,535,62,62,1000.1442786069651,0.00959982702752903,0,3002577,62.57000559168,1771.6262000000006,1709.0561944083206,12.750253208
0.0012,0.6,0.05,0.98,1709.0561944083206,0.6716417910447762,201,135,66,0.23580817372333102,2077.8145739123206,1909.0561944083206,1001,0.27309782608695654,0.07960199004975124,535,62,62,1000.1442786069651,0.00959982702752903,0,3002577,62.57000559168,1771.6262000000006,1709.0561944083206,12.666324125
0.0012,0.6,0.05,0.985,1630.6743852163206,0.6683168316831684,202,135,67,0.23580817372333102,2077.8145739123206,1830.6743852163206,1005,0.27297297297297296,0.07920792079207921,538,63,63,1000.1435643564356,0.009470643224957657,0,3002577,63.44181478368,1694.1162000000006,1630.6743852163206,12.828938665999999
0.0012,0.6,0.075,0.965,2724.217474304479,0.6402116402116402,189,121,68,0.20696641274389152,3195.428506616799,2924.217474304479,872,0.36416184971098264,0.09523809523809523,330,63,63,1000.1269841269841,0.010702922690034056,0,3002577,87.67732569552,2811.8947999999987,2724.217474304479,12.582443625
0.0012,0.6,0.075,0.97,2196.64261699896,0.6417112299465241,187,120,67,0.2941918579590248,2658.73956649808,2396.64261699896,893,0.34629629629629627,0.0855614973262032,353,66,66,1000.1122994652407,0.010478350106327913,0,3002577,76.01428300103998,2272.6569,2196.64261699896,12.699596083
0.0012,0.6,0.075,0.975,4.657036726959916,0.5220588235294118,136,71,65,0.4223116467470247,309.36883089719987,204.65703672695992,1001,0.2118380062305296,0.08823529411764706,506,75,75,1000.4264705882352,0.007574953624898652,0,3002577,20.71286327303998,25.369899999999895,4.657036726959916,12.627204875
0.0012,0.6,0.075,0.98,4.657036726959916,0.5220588235294118,136,71,65,0.4223116467470247,309.36883089719987,204.65703672695992,1001,0.2118380062305296,0.08823529411764706,506,75,75,1000.4264705882352,0.007574953624898652,0,3002577,20.71286327303998,25.369899999999895,4.657036726959916,12.704460917
0.0012,0.6,0.075,0.985,-14.657646433040071,0.5144927536231884,138,71,67,0.4223116467470247,309.36883089719987,185.34235356695993,1005,0.21362229102167182,0.08695652173913043,508,76,76,1000.4130434782609,0.007479702739972921,0,3002577,20.97754643303998,6.319899999999908,-14.657646433040071,12.493116583
0.0012,0.6,0.1,0.965,5398.071002972801,0.631578947368421,209,132,77,0.46244493471911263,5869.28203528512,5598.071002972801,871,0.41386138613861384,0.18660287081339713,296,70,70,1000.2200956937799,0.013419295090343154,0,3002577,164.57139702719994,5562.642400000001,5398.071002972801,12.767654917
0.0012,0.6,0.1,0.97,5528.109093459281,0.6350710900473934,211,134,77,0.4654245924323161,5999.320125771601,5728.109093459281,893,0.40037950664136623,0.1943127962085308,316,72,72,1000.2132701421801,0.01334482954008877,0,3002577,168.91140654071992,5697.020500000001,5528.109093459281,12.96239725
0.0012,0.6,0.1,0.975,-57.91249734528017,0.4965034965034965,143,71,72,0.4217953220153114,245.73910946199996,142.08750265471983,1003,0.21601208459214502,0.08391608391608392,519,94,94,1000.3006993006993,0.005275029051093835,0,3002577,23.680697345280002,-34.23180000000017,-57.91249734528017,12.865701208
0.0012,0.6,0.1,0.98,-57.91249734528017,0.4965034965034965,143,71,72,0.4217953220153114,245.73910946199996,142.08750265471983,1003,0.21601208459214502,0.08391608391608392,519,94,94,1000.3006993006993,0.005275029051093835,0,3002577,23.680697345280002,-34.23180000000017,-57.91249734528017,12.751203292
0.0012,0.6,0.1,0.985,-69.24152134528018,0.4930555555555556,144,71,73,0.46789715751395383,245.73910946199996,130.75847865471982,1007,0.21621621621621623,0.08333333333333333,522,95,95,1000.2986111111111,0.005248511658970619,0,3002577,23.809721345280003,-45.43180000000017,-69.24152134528018,12.674273625
0.0012,0.6,0.125,0.965,6619.67743417848,0.6341463414634146,205,130,75,0.4210126530025667,7090.8884664908,6819.67743417848,871,0.41922290388548056,0.21951219512195122,284,68,68,1000.2341463414634,0.013616948381926437,0,3002577,198.80806582151993,6818.485500000001,6619.67743417848,12.706078458
0.0012,0.6,0.125,0.97,6978.145092723121,0.6346153846153846,208,132,76,0.4362302875080759,7449.3561250354405,7178.145092723121,893,0.40545808966861596,0.23557692307692307,305,71,71,1000.2259615384615,0.013123008252226356,0,3002577,209.48020727687992,7187.625300000001,6978.145092723121,12.586834084
0.0012,0.6,0.125,0.975,6565.86086367192,0.6035242290748899,227,137,90,0.4887147663578939,7037.07189598424,6765.86086367192,1003,0.364951768488746,0.21585903083700442,395,102,102,1000.2731277533039,0.013137357592803763,0,3002577,199.46763632807995,6765.3285,6565.86086367192,12.682969375
0.0012,0.6,0.125,0.98,6565.86086367192,0.6035242290748899,227,137,90,0.4887147663578939,7037.07189598424,6765.86086367192,1003,0.364951768488746,0.21585903083700442,395,102,102,1000.2731277533039,0.013137357592803763,0,3002577,199.46763632807995,6765.3285,6565.86086367192,12.5329975
0.0012,0.6,0.125,0.985,6284.94152927192,0.6008771929824561,228,137,91,0.4887147663578939,7037.07189598424,6484.94152927192,1007,0.36421725239616615,0.21929824561403508,398,103,103,1000.2719298245614,0.012932893557632684,0,3002577,202.66697072807995,6487.6085,6284.94152927192,12.978893458
0.0012,0.65,0.03,0.965,754.6070356959998,0.7791411042944786,163,127,36,0.1223675602912587,976.1363651759998,954.6070356959998,912,0.18778801843317972,0.006134969325153374,705,15,15,1000.1042944785277,0.014371047881444799,0,3002577,26.27296430400001,780.8799999999998,754.6070356959998,12.74626025
0.0012,0.65,0.03,0.97,97.94862733599996,0.7073170731707317,82,58,24,0.14676346732031398,302.00356070399994,297.94862733599996,934,0.09020902090209021,0,827,10,10,1000.170731707317,0.01794701260386809,0,3002577,8.801372663999999,106.74999999999996,97.94862733599996,12.553450666
0.0012,0.65,0.03,0.975,739.1013253360001,0.7751479289940828,169,131,38,0.15478474169416354,960.152225272,939.1013253360001,1042,0.16933867735470942,0.005917159763313609,829,21,21,1000.1183431952662,0.014078257447854525,0,3002577,26.508674664,765.61,739.1013253360001,12.579983208
0.0012,0.65,0.03,0.98,739.1013253360001,0.7751479289940828,169,131,38,0.15478474169416354,960.152225272,939.1013253360001,1042,0.16933867735470942,0.005917159763313609,829,21,21,1000.1183431952662,0.014078257447854525,0,3002577,26.508674664,765.61,739.1013253360001,12.527063167
0.0012,0.65,0.03,0.985,716.11249088,0.7705882352941177,170,131,39,0.15478474169416354,960.152225272,916.11249088,1046,0.16966067864271456,0.0058823529411764705,832,22,22,1000.1176470588235,0.013938125486055759,0,3002577,26.76750912,742.88,716.11249088,12.295919833
0.0012,0.65,0.05,0.965,1568.6304559852804,0.7085427135678392,199,141,58,0.21637407680021586,1836.0890216892803,1768.6304559852804,912,0.3540925266903915,0.05527638190954774,363,44,44,1000.0904522613065,0.013739286209101718,0,3002577,54.178744014720024,1622.8092000000004,1568.6304559852804,12.495697083
0.0012,0.65,0.05,0.97,1720.8576362732801,0.7135922330097088,206,147,59,0.21637407680021586,1994.05735650528,1920.8576362732801,934,0.3527397260273973,0.05339805825242718,378,48,48,1000.0922330097087,0.013647677028066237,0,3002577,58.47156372671998,1779.3292000000001,1720.8576362732801,12.349240208
0.0012,0.65,0.05,0.975,1757.3962941030402,0.7009345794392523,214,150,64,0.22394602351820544,2032.0313029670401,1957.3962941030402,1039,0.2772020725388601,0.04672897196261682,558,59,59,1000.1448598130842,0.013680823972229663,0,3002577,61.76270589696,1819.159,1757.3962941030402,12.497085833
0.0012,0.65,0.05,0.98,1757.3962941030402,0.7009345794392523,214,150,64,0.22394602351820544,2032.0313029670401,1957.3962941030402,1039,0.2772020725388601,0.04672897196261682,558,59,59,1000.1448598130842,0.013680823972229663,0,3002577,61.76270589696,1819.159,1757.3962941030402,12.548195542
0.0012,0.65,0.05,0.985,1677.3960529110402,0.6976744186046512,215,150,65,0.22394602351820544,2032.0313029670401,1877.3960529110402,1043,0.2770618556701031,0.046511627906976744,561,60,60,1000.1441860465117,0.01348602253211153,0,3002577,62.65294708896,1740.0490000000002,1677.3960529110402,12.696837209
0.0012,0.65,0.075,0.965,2734.6334082344797,0.6666666666666666,222,148,74,0.2754793880656147,3095.88808603968,2934.6334082344797,909,0.4007220216606498,0.08108108108108109,332,64,64,1000.1261261261261,0.015477847490200087,0,3002577,91.10989176552002,2825.7432999999996,2734.6334082344797,12.883981708
0.0012,0.65,0.075,0.97,3093.7230731160794,0.668141592920354,226,151,75,0.27929010038194446,3454.9777509212795,3293.7230731160794,931,0.3923611111111111,0.084070796460177,350,67,67,1000.1194690265487,0.015578471551862974,0,3002577,100.82502688392,3194.5480999999995,3093.7230731160794,13.11064725
0.0012,0.65,0.075,0.975,-62.926712742479936,0.5247524752475248,101,53,48,0.4487224911402058,224.23219941200003,137.07328725752006,1042,0.1463768115942029,0.039603960396039604,589,66,66,1000.3861386138614,0.007330369625196947,0,3002577,12.39561274248,-50.53109999999994,-62.926712742479936,13.050135875
0.0012,0.65,0.075,0.98,-62.926712742479936,0.5247524752475248,101,53,48,0.4487224911402058,224.23219941200003,137.07328725752006,1042,0.1463768115942029,0.039603960396039604,589,66,66,1000.3861386138614,0.007330369625196947,0,3002577,12.39561274248,-50.53109999999994,-62.926712742479936,13.235875875
0.0012,0.65,0.075,0.985,-71.01887274247994,0.5196078431372549,102,53,49,0.4487224911402058,224.23219941200003,128.98112725752006,1046,0.14697406340057637,0.0392156862745098,592,67,67,1000.3823529411765,0.0072765454398602,0,3002577,12.487772742479999,-58.531099999999945,-71.01887274247994,12.384506958
0.0012,0.65,0.1,0.965,4711.754386751999,0.6531531531531531,222,145,77,0.29085480744633424,5073.009064557199,4911.754386751999,909,0.4007220216606498,0.12162162162162163,332,71,71,1000.1441441441441,0.018086060463453516,0,3002577,139.77901324799998,4851.533399999999,4711.754386751999,12.146285416
0.0012,0.65,0.1,0.97,4789.799352315999,0.6592920353982301,226,149,77,0.3180247063064639,5151.0540301211995,4989.799352315999,931,0.39372822299651566,0.12389380530973451,348,73,73,1000.1327433628319,0.018041647626547332,0,3002577,142.78304768399997,4932.582399999999,4789.799352315999,12.293767209
0.0012,0.65,0.1,0.975,-69.68090605856,0.49166666666666664,120,59,61,0.4372595207504452,228.92199344400004,130.31909394144,1039,0.17673048600883653,0.1,559,88,88,1000.3,0.0046338364446182004,0,3002577,18.32190605856,-51.358999999999995,-69.68090605856,12.595081459
0.0012,0.65,0.1,0.98,-69.68090605856,0.49166666666666664,120,59,61,0.4372595207504452,228.92199344400004,130.31909394144,1039,0.17673048600883653,0.1,559,88,88,1000.3,0.0046338364446182004,0,3002577,18.32190605856,-51.358999999999995,-69.68090605856,12.526053417
0.0012,0.65,0.1,0.985,-80.20071405856,0.48760330578512395,121,59,62,0.4766807498959428,228.92199344400004,119.79928594144,1043,0.17715959004392387,0.09917355371900827,562,89,89,1000.297520661157,0.004605968644032514,0,3002577,18.44171405856,-61.759,-80.20071405856,12.776448458
0.0012,0.65,0.125,0.965,7007.9908442574415,0.6621004566210046,219,145,74,0.49654812704114926,7369.245522062642,7207.9908442574415,910,0.41714285714285715,0.2328767123287671,306,67,67,1000.2374429223744,0.017758271479858666,0,3002577,213.55855574255997,7221.549400000002,7007.9908442574415,12.7541435
0.0012,0.65,0.125,0.97,7037.372594474162,0.6636771300448431,223,148,75,0.49807409634443983,7398.627272279362,7237.372594474162,932,0.4018018018018018,0.242152466367713,332,71,71,1000.2286995515695,0.017560765705887358,0,3002577,216.71530552583994,7254.087900000001,7037.372594474162,13.139774417
0.0012,0.65,0.125,0.975,-86.96670849079996,0.3783783783783784,37,14,23,0.5117106810895605,231.488355636,113.03329150920004,1042,0.37,0.1891891891891892,63,28,28,1000.7027027027027,0.004594974318815214,0,3002577,7.286208490799998,-79.68049999999997,-86.96670849079996,12.838121042000001
0.0012,0.65,0.125,0.98,-86.96670849079996,0.3783783783783784,37,14,23,0.5117106810895605,231.488355636,113.03329150920004,1042,0.37,0.1891891891891892,63,28,28,1000.7027027027027,0.004594974318815214,0,3002577,7.286208490799998,-79.68049999999997,-86.96670849079996,13.093965708
0.0012,0.65,0.125,0.985,-86.96670849079996,0.3783783783783784,37,14,23,0.5117106810895605,231.488355636,113.03329150920004,1046,0.37,0.1891891891891892,63,28,28,1000.7027027027027,0.004594974318815214,0,3002577,7.286208490799998,-79.68049999999997,-86.96670849079996,13.038824125
0.0012,0.7,0.03,0.965,147.1592456560001,0.7383177570093458,107,79,28,0.08122750518792571,364.4028468960001,347.1592456560001,969,0.1145610278372591,0.009345794392523364,827,12,12,1000.3084112149533,0.018451086864918413,0,3002577,11.430754344000002,158.59000000000012,147.1592456560001,12.999877208000001
0.0012,0.7,0.03,0.97,169.00394956800017,0.7209302325581395,129,93,36,0.11423741248488506,369.00394956800017,369.00394956800017,765,0.17456021650879566,0.015503875968992248,610,18,18,1000.2790697674419,0.015777343984091526,0,3002577,14.03505043200001,183.0390000000002,169.00394956800017,12.38751025
0.0012,0.7,0.03,0.975,163.57966536000026,0.7175572519083969,131,94,37,0.14579799751778316,363.57966536000026,363.57966536000026,1099,0.12277413308341144,0.015267175572519083,936,20,20,1000.2900763358779,0.01571605110508668,0,3002577,14.11933464000001,177.69900000000027,163.57966536000026,12.31778725
0.0012,0.7,0.03,0.98,163.57966536000026,0.7175572519083969,131,94,37,0.14579799751778316,363.57966536000026,363.57966536000026,1099,0.12277413308341144,0.015267175572519083,936,20,20,1000.2900763358779,0.01571605110508668,0,3002577,14.11933464000001,177.69900000000027,163.57966536000026,12.509987292
0.0012,0.7,0.03,0.985,154.67828936000024,0.7121212121212122,132,94,38,0.14579799751778316,363.57966536000026,354.67828936000024,1103,0.12324929971988796,0.015151515151515152,939,21,21,1000.2878787878788,0.01559504247293143,0,3002577,14.22071064000001,168.89900000000026,154.67828936000024,12.375755999999999
0.0012,0.7,0.05,0.965,146.41970462063983,0.6444444444444445,135,87,48,0.16691258752519164,375.6680400206398,346.41970462063983,969,0.21428571428571427,0.037037037037037035,495,49,49,1000.1703703703704,0.00984756301054069,0,3002577,18.271295379360005,164.69099999999983,146.41970462063983,12.529114792
0.0012,0.7,0.05,0.97,144.8220855326398,0.6438356164383562,146,94,52,0.16691258752519164,374.07042093263976,344.8220855326398,991,0.22392638036809817,0.03424657534246575,506,51,51,1000.1643835616438,0.010608873796372122,0,3002577,19.68891446736,164.5109999999998,144.8220855326398,12.87238875
0.0012,0.7,0.05,0.975,200.15213015560022,0.631336405529954,217,137,80,0.2225852332722892,434.5077592196002,400.1521301556002,1098,0.28703703703703703,0.059907834101382486,539,70,70,1000.2626728110599,0.011941276696961815,0,3002577,31.230169844400002,231.3823000000002,200.15213015560022,12.748227875
0.0012,0.7,0.05,0.98,200.15213015560022,0.631336405529954,217,137,80,0.2225852332722892,434.5077592196002,400.1521301556002,1098,0.28703703703703703,0.059907834101382486,539,70,70,1000.2626728110599,0.011941276696961815,0,3002577,31.230169844400002,231.3823000000002,200.15213015560022,13.126447584
0.0012,0.7,0.05,0.985,183.9678101556002,0.6284403669724771,218,137,81,0.2225852332722892,434.5077592196002,383.9678101556002,1102,0.2868421052631579,0.05963302752293578,542,71,71,1000.2614678899082,0.01186941510482024,0,3002577,31.414489844400002,215.3823000000002,183.9678101556002,13.1211375
0.0012,0.7,0.075,0.965,235.62108319847977,0.6086956521739131,184,112,72,0.2187935295837998,488.9931666704798,435.62108319847977,966,0.2972536348949919,0.10326086956521739,435,69,69,1000.25,0.009851799453316006,0,3002577,35.631416801520004,271.25249999999977,235.62108319847977,13.193817083
0.0012,0.7,0.075,0.97,292.5640261523196,0.6019417475728155,206,124,82,0.2187935295837998,552.7019767043196,492.5640261523196,988,0.321875,0.10679611650485436,434,72,72,1000.2330097087379,0.010232106680597847,0,3002577,43.05897384768,335.62299999999965,292.5640261523196,13.113640208
0.0012,0.7,0.075,0.975,50.47085372952003,0.5772727272727273,220,127,93,0.2604697551821148,275.8442818968,250.47085372952003,1096,0.29333333333333333,0.05,530,96,96,1000.2636363636364,0.009166617750106583,0,3002577,31.496046270480022,81.96690000000005,50.47085372952003,12.920580791999999
0.0012,0.7,0.075,0.98,50.47085372952003,0.5772727272727273,220,127,93,0.2604697551821148,275.8442818968,250.47085372952003,1096,0.29333333333333333,0.05,530,96,96,1000.2636363636364,0.009166617750106583,0,3002577,31.496046270480022,81.96690000000005,50.47085372952003,13.115489708
0.0012,0.7,0.075,0.985,35.09574972952004,0.5746606334841629,221,127,94,0.2604697551821148,275.8442818968,235.09574972952004,1100,0.29310344827586204,0.049773755656108594,533,97,97,1000.262443438914,0.009117331511864024,0,3002577,31.671150270480023,66.76690000000006,35.09574972952004,13.228149208
0.0012,0.7,0.1,0.965,291.3972746582397,0.594059405940594,202,120,82,0.34885038820137776,562.2242252102398,491.3972746582397,966,0.32792207792207795,0.15346534653465346,414,72,72,1000.2524752475248,0.01091262682097116,0,3002577,52.54912534176,343.9463999999997,291.3972746582397,13.404548584
0.0012,0.7,0.1,0.97,326.8480689737597,0.5970149253731343,201,120,81,0.34885038820137776,603.2913131897598,526.8480689737597,988,0.31504702194357365,0.16417910447761194,437,74,74,1000.2437810945273,0.010556318167806807,0,3002577,55.05573102624003,381.90379999999976,326.8480689737597,13.310014958
0.0012,0.7,0.1,0.975,-68.23469503559997,0.5111111111111111,135,69,66,0.4518047640282256,236.62680877999998,131.76530496440003,1098,0.1816958277254374,0.1037037037037037,608,91,91,1000.2592592592592,0.006030356927152538,0,3002577,20.88899503559999,-47.34569999999998,-68.23469503559997,13.515675167
0.0012,0.7,0.1,0.98,-68.23469503559997,0.5111111111111111,135,69,66,0.4518047640282256,236.62680877999998,131.76530496440003,1098,0.1816958277254374,0.1037037037037037,608,91,91,1000.2592592592592,0.006030356927152538,0,3002577,20.88899503559999,-47.34569999999998,-68.23469503559997,13.372388542
0.0012,0.7,0.1,0.985,-78.75450303559997,0.5073529411764706,136,69,67,0.487608789597775,236.62680877999998,121.24549696440003,1102,0.18206157965194109,0.10294117647058823,611,92,92,1000.2573529411765,0.005997878836840295,0,3002577,21.00880303559999,-57.74569999999998,-78.75450303559997,13.333544792
0.0012,0.7,0.125,0.965,-21.951097592719833,0.54375,160,87,73,0.4477712118033002,290.19472951888,178.04890240728017,965,0.2601626016260163,0.1375,455,72,72,1000.34375,0.008361273881071742,0,3002577,35.27419759271999,13.32310000000016,-21.951097592719833,12.991911458
0.0012,0.7,0.125,0.97,38.93351500136009,0.5548780487804879,164,91,73,0.39428697527683987,292.60230206984016,238.9335150013601,987,0.25826771653543307,0.14634146341463414,471,76,76,1000.2378048780488,0.007894082391663627,0,3002577,37.77818499863998,76.71170000000006,38.93351500136009,13.136125791
0.0012,0.7,0.125,0.975,-76.40638189527998,0.509090909090909,165,84,81,0.505834189477137,250.10556269351997,123.59361810472002,1099,0.296229802513465,0.11515151515151516,392,96,96,1000.3939393939394,0.005583079445876147,0,3002577,31.637281895279997,-44.76909999999998,-76.40638189527998,12.922068167
0.0012,0.7,0.125,0.98,-76.40638189527998,0.509090909090909,165,84,81,0.505834189477137,250.10556269351997,123.59361810472002,1099,0.296229802513465,0.11515151515151516,392,96,96,1000.3939393939394,0.005583079445876147,0,3002577,31.637281895279997,-44.76909999999998,-76.40638189527998,13.088299666
0.0012,0.7,0.125,0.985,-76.40638189527998,0.509090909090909,165,84,81,0.505834189477137,250.10556269351997,123.59361810472002,1103,0.296229802513465,0.11515151515151516,392,96,96,1000.3939393939394,0.005583079445876147,0,3002577,31.637281895279997,-44.76909999999998,-76.40638189527998,12.947428375
0.0014,0.5,0.03,0.965,78.2330210400001,0.7037037037037037,27,19,8,0.12767662177760483,278.2330210400001,278.2330210400001,713,0.03851640513552068,0,674,0,0,1000.1851851851852,0.0067655786350148345,0,3002577,2.886978959999999,81.12000000000009,78.2330210400001,12.381844875
0.0014,0.5,0.03,0.97,78.2330210400001,0.7037037037037037,27,19,8,0.12767662177760483,278.2330210400001,278.2330210400001,735,0.03734439834024896,0,696,0,0,1000.1851851851852,0.0067655786350148345,0,3002577,2.886978959999999,81.12000000000009,78.2330210400001,12.14529125
0.0014,0.5,0.03,0.975,78.2330210400001,0.7037037037037037,27,19,8,0.12767662177760483,278.2330210400001,278.2330210400001,843,0.032490974729241874,0,804,0,0,1000.1851851851852,0.0067655786350148345,0,3002577,2.886978959999999,81.12000000000009,78.2330210400001,12.309989542
0.0014,0.5,0.03,0.98,78.2330210400001,0.7037037037037037,27,19,8,0.12767662177760483,278.2330210400001,278.2330210400001,843,0.032490974729241874,0,804,0,0,1000.1851851851852,0.0067655786350148345,0,3002577,2.886978959999999,81.12000000000009,78.2330210400001,12.312712959
0.0014,0.5,0.03,0.985,71.7592930400001,0.6785714285714286,28,19,9,0.12767662177760483,278.2330210400001,271.7592930400001,847,0.033532934131736525,0,807,1,1,1000.1785714285714,0.006608695652173912,0,3002577,2.960706959999999,74.7200000000001,71.7592930400001,12.42850275
0.0014,0.5,0.05,0.965,173.09816578840002,0.6056338028169014,71,43,28,0.22668717127939525,373.0981657884,373.0981657884,713,0.11774461028192372,0.028169014084507043,532,33,33,1000.2112676056338,0.0034750428739055857,0,3002577,9.556334211600003,182.65450000000004,173.09816578840002,12.508030375
0.0014,0.5,0.05,0.97,171.5097436044,0.6133333333333333,75,46,29,0.218252115852645,371.5097436044,371.5097436044,509,0.18518518518518517,0.02666666666666667,330,37,37,1000.2,0.003390848999914154,0,3002577,9.994756395600003,181.5045,171.5097436044,12.604030125
0.0014,0.5,0.05,0.975,155.5927594524,0.6142857142857143,70,43,27,0.23940630991827053,355.5927594524,355.5927594524,843,0.0842358604091456,0.02857142857142857,761,33,33,1000.2285714285714,0.003517782730884774,0,3002577,9.021740547599999,164.6145,155.5927594524,12.632689333
0.0014,0.5,0.05,0.98,155.5927594524,0.6142857142857143,70,43,27,0.23940630991827053,355.5927594524,355.5927594524,843,0.0842358604091456,0.02857142857142857,761,33,33,1000.2285714285714,0.003517782730884774,0,3002577,9.021740547599999,164.6145,155.5927594524,12.94917875
0.0014,0.5,0.05,0.985,141.02687145239997,0.6056338028169014,71,43,28,0.23940630991827053,355.5927594524,341.0268714524,847,0.08502994011976048,0.028169014084507043,764,34,34,1000.2253521126761,0.0034574721402038273,0,3002577,9.1876285476,150.2145,141.02687145239997,12.7545405
0.0014,0.5,0.075,0.965,338.72390025056006,0.5619047619047619,105,59,46,0.379795771418288,538.7239002505601,538.7239002505601,712,0.28225806451612906,0.06666666666666667,267,61,61,1000.1428571428571,0.003029591858505258,0,3002577,19.41749974943999,358.14140000000003,338.72390025056006,13.095471333
0.0014,0.5,0.075,0.97,344.03633706432015,0.5648148148148148,108,61,47,0.379795771418288,544.0363370643202,544.0363370643202,734,0.27411167512690354,0.07407407407407407,286,64,64,1000.1296296296297,0.0030188493001945377,0,3002577,20.16786293567999,364.2042000000001,344.03633706432015,13.018683084
0.0014,0.5,0.075,0.975,-95.40945067400003,0.42424242424242425,66,28,38,0.5033182374225104,210.57859822199998,104.59054932599997,841,0.18282548476454294,0.030303030303030304,295,52,52,1000.4848484848485,0.00254091075443091,0,3002577,8.195950673999997,-87.21350000000002,-95.40945067400003,13.033040083
0.0014,0.5,0.075,0.98,-95.40945067400003,0.42424242424242425,66,28,38,0.5033182374225104,210.57859822199998,104.59054932599997,841,0.18282548476454294,0.030303030303030304,295,52,52,1000.4848484848485,0.00254091075443091,0,3002577,8.195950673999997,-87.21350000000002,-95.40945067400003,13.121587417
0.0014,0.5,0.075,0.985,-95.40945067400003,0.42424242424242425,66,28,38,0.5033182374225104,210.57859822199998,104.59054932599997,845,0.18282548476454294,0.030303030303030304,295,52,52,1000.4848484848485,0.00254091075443091,0,3002577,8.195950673999997,-87.21350000000002,-95.40945067400003,13.166453792
0.0014,0.5,0.1,0.965,416.6763168883198,0.5267857142857143,112,59,53,0.4975661113792045,616.6763168883198,616.6763168883198,713,0.3035230352303523,0.08035714285714286,257,68,68,1000.1785714285714,0.003067938076264866,0,3002577,24.507883111680005,441.1841999999998,416.6763168883198,13.258445583
0.0014,0.5,0.1,0.97,396.35242420832014,0.5405405405405406,111,60,51,0.4743459305217689,596.3524242083201,596.3524242083201,735,0.2853470437017995,0.08108108108108109,278,69,69,1000.1711711711712,0.0031136481577581717,0,3002577,24.42177579168,420.7742000000001,396.35242420832014,13.252097958
0.0014,0.5,0.1,0.975,341.48642494592,0.5378787878787878,132,71,61,0.46596601141443916,541.48642494592,541.48642494592,843,0.26452905811623245,0.06818181818181818,367,90,90,1000.2348484848485,0.002570581644566617,0,3002577,24.579775054080002,366.06620000000004,341.48642494592,13.119963084
0.0014,0.5,0.1,0.98,341.48642494592,0.5378787878787878,132,71,61,0.46596601141443916,541.48642494592,541.48642494592,843,0.26452905811623245,0.06818181818181818,367,90,90,1000.2348484848485,0.002570581644566617,0,3002577,24.579775054080002,366.06620000000004,341.48642494592,13.04078875
0.0014,0.5,0.1,0.985,296.97954494592,0.5338345864661654,133,71,62,0.46596601141443916,541.48642494592,496.97954494592,847,0.2644135188866799,0.06766917293233082,370,91,91,1000.2330827067669,0.002523876065792559,0,3002577,25.08665505408,322.0662,296.97954494592,13.174453208
0.0014,0.5,0.125,0.965,-76.79491742888004,0.375,48,18,30,0.5353148046758136,265.1366641564,123.20508257111996,711,0.35294117647058826,0.08333333333333333,88,38,38,1000.4791666666666,0.0007290923184368268,0,3002577,9.629817428879997,-67.16510000000004,-76.79491742888004,12.978860583
0.0014,0.5,0.125,0.97,-76.79491742888004,0.375,48,18,30,0.5353148046758136,265.1366641564,123.20508257111996,733,0.35294117647058826,0.08333333333333333,88,38,38,1000.4791666666666,0.0007290923184368268,0,3002577,9.629817428879997,-67.16510000000004,-76.79491742888004,12.854302708
0.0014,0.5,0.125,0.975,-112.61323495127996,0.38461538461538464,65,25,40,0.5630661747563999,200,87.38676504872004,843,0.3299492385786802,0.09230769230769231,132,54,54,1000.5384615384615,0.0007089885569246918,0,3002577,10.864334951279998,-101.74889999999996,-112.61323495127996,13.18914375
0.0014,0.5,0.125,0.98,-112.61323495127996,0.38461538461538464,65,25,40,0.5630661747563999,200,87.38676504872004,843,0.3299492385786802,0.09230769230769231,132,54,54,1000.5384615384615,0.0007089885569246918,0,3002577,10.864334951279998,-101.74889999999996,-112.61323495127996,12.739200458
0.0014,0.5,0.125,0.985,-112.61323495127996,0.38461538461538464,65,25,40,0.5630661747563999,200,87.38676504872004,847,0.3299492385786802,0.09230769230769231,132,54,54,1000.5384615384615,0.0007089885569246918,0,3002577,10.864334951279998,-101.74889999999996,-112.61323495127996,12.903442083
0.0014,0.55,0.03,0.965,10.749527856000043,0.5652173913043478,23,13,10,0.10554159824365504,219.95735598399997,210.74952785600004,769,0.030303030303030304,0,736,0,0,1000.1739130434783,0.003877551020408167,0,3002577,2.2104721439999997,12.960000000000043,10.749527856000043,12.582802584
0.0014,0.55,0.03,0.97,10.749527856000043,0.5652173913043478,23,13,10,0.10554159824365504,219.95735598399997,210.74952785600004,791,0.029449423815621,0,758,0,0,1000.1739130434783,0.003877551020408167,0,3002577,2.2104721439999997,12.960000000000043,10.749527856000043,12.975554333
0.0014,0.55,0.03,0.975,10.749527856000043,0.5652173913043478,23,13,10,0.10554159824365504,219.95735598399997,210.74952785600004,899,0.025871766029246346,0,866,0,0,1000.1739130434783,0.003877551020408167,0,3002577,2.2104721439999997,12.960000000000043,10.749527856000043,12.592844333
0.0014,0.55,0.03,0.98,10.749527856000043,0.5652173913043478,23,13,10,0.10554159824365504,219.95735598399997,210.74952785600004,899,0.025871766029246346,0,866,0,0,1000.1739130434783,0.003877551020408167,0,3002577,2.2104721439999997,12.960000000000043,10.749527856000043,12.563896042
0.0014,0.55,0.03,0.985,10.749527856000043,0.5652173913043478,23,13,10,0.10554159824365504,219.95735598399997,210.74952785600004,903,0.025755879059350503,0,870,0,0,1000.1739130434783,0.003877551020408167,0,3002577,2.2104721439999997,12.960000000000043,10.749527856000043,12.77881775
0.0014,0.55,0.05,0.965,650.3995504693603,0.6792452830188679,106,72,34,0.21304226808967397,892.4528330373603,850.3995504693603,543,0.24882629107981222,0.03773584905660377,320,39,39,1000.1415094339623,0.0036057100664533596,0,3002577,21.744549530640004,672.1441000000003,650.3995504693603,12.692325875
0.0014,0.55,0.05,0.97,13.64834807496004,0.5507246376811594,69,38,31,0.21304226808967397,228.00499069896003,213.64834807496004,565,0.15265486725663716,0.043478260869565216,383,41,41,1000.2608695652174,0.00395229982964225,0,3002577,7.752751925040004,21.401100000000042,13.64834807496004,12.5171055
0.0014,0.55,0.05,0.975,1.0299512349599524,0.5555555555555556,72,40,32,0.16173321975480676,216.06419221095996,201.02995123495995,673,0.1111111111111111,0.041666666666666664,576,46,46,1000.2916666666666,0.0037932992617830787,0,3002577,7.9211487650400025,8.951099999999954,1.0299512349599524,12.581260541
0.0014,0.55,0.05,0.98,1.0299512349599524,0.5555555555555556,72,40,32,0.16173321975480676,216.06419221095996,201.02995123495995,673,0.1111111111111111,0.041666666666666664,576,46,46,1000.2916666666666,0.0037932992617830787,0,3002577,7.9211487650400025,8.951099999999954,1.0299512349599524,12.531899208
0.0014,0.55,0.05,0.985,-7.0622087650400545,0.547945205479452,73,40,33,0.16173321975480676,216.06419221095996,192.93779123495995,677,0.11196319018404909,0.0410958904109589,579,47,47,1000.2876712328767,0.003750701852891635,0,3002577,8.013308765040003,0.9510999999999488,-7.0622087650400545,12.727181541
0.0014,0.55,0.075,0.965,986.8547578568805,0.6349206349206349,126,80,46,0.37319854509348804,1277.1914389288804,1186.8547578568805,766,0.2964705882352941,0.047619047619047616,299,57,57,1000.0873015873016,0.002812400292304367,0,3002577,34.26674214312001,1021.1215000000005,986.8547578568805,12.52220625
0.0014,0.55,0.075,0.97,1018.6868165128803,0.640625,128,82,46,0.37319854509348804,1311.1002028968803,1218.6868165128803,788,0.28635346756152125,0.046875,319,59,59,1000.078125,0.002812481199991978,0,3002577,35.214683487120006,1053.9015000000004,1018.6868165128803,13.005377958
0.0014,0.55,0.075,0.975,-61.90855542391998,0.48936170212765956,94,46,48,0.3747659072289546,205.96137622999998,138.09144457608002,896,0.17343173431734318,0.05319148936170213,448,70,70,1000.4148936170212,0.002729526762938458,0,3002577,12.129055423919999,-49.77949999999998,-61.90855542391998,12.529165417
0.0014,0.55,0.075,0.98,-61.90855542391998,0.48936170212765956,94,46,48,0.3747659072289546,205.96137622999998,138.09144457608002,896,0.17343173431734318,0.05319148936170213,448,70,70,1000.4148936170212,0.002729526762938458,0,3002577,12.129055423919999,-49.77949999999998,-61.90855542391998,12.614356541
0.0014,0.55,0.075,0.985,-70.00071542391998,0.4842105263157895,95,46,49,0.3747659072289546,205.96137622999998,129.99928457608002,900,0.17399267399267399,0.05263157894736842,451,71,71,1000.4105263157895,0.0027101616873949114,0,3002577,12.221215423919999,-57.779499999999985,-70.00071542391998,12.565665458
0.0014,0.55,0.1,0.965,1917.3110414785601,0.5985401459854015,137,82,55,0.397250953177144,2227.26739598568,2117.31104147856,765,0.3277511961722488,0.10948905109489052,281,68,68,1000.1313868613139,0.0025760896327210493,0,3002577,57.21735852144,1974.5284000000001,1917.3110414785601,12.718316875
0.0014,0.55,0.1,0.97,2813.927203142,0.6287878787878788,132,83,49,0.36642310826325075,3123.88355764912,3013.927203142,787,0.3350253807106599,0.10606060606060606,262,63,63,1000.1742424242424,0.00300024653002999,0,3002577,73.56429685799999,2887.4915,2813.927203142,12.696416709
0.0014,0.55,0.1,0.975,-102.25103457095997,0.4,55,22,33,0.5112551728547998,200,97.74896542904003,896,0.2669902912621359,0.05454545454545454,151,43,43,1000.5090909090909,0.0013624834929884518,0,3002577,7.996734570959999,-94.25429999999997,-102.25103457095997,12.524276
0.0014,0.55,0.1,0.98,-102.25103457095997,0.4,55,22,33,0.5112551728547998,200,97.74896542904003,896,0.2669902912621359,0.05454545454545454,151,43,43,1000.5090909090909,0.0013624834929884518,0,3002577,7.996734570959999,-94.25429999999997,-102.25103457095997,12.557257833
0.0014,0.55,0.1,0.985,-102.25103457095997,0.4,55,22,33,0.5112551728547998,200,97.74896542904003,900,0.2669902912621359,0.05454545454545454,151,43,43,1000.5090909090909,0.0013624834929884518,0,3002577,7.996734570959999,-94.25429999999997,-102.25103457095997,12.687231833
0.0014,0.55,0.125,0.965,-88.37794974983998,0.39622641509433965,53,21,32,0.5512828481471315,248.7581537484,111.62205025016002,767,0.36551724137931035,0.09433962264150944,92,37,37,1000.4528301886793,0.0017884411671642221,0,3002577,11.142049749839998,-77.23589999999999,-88.37794974983998,12.486250167
0.0014,0.55,0.125,0.97,-88.37794974983998,0.39622641509433965,53,21,32,0.5512828481471315,248.7581537484,111.62205025016002,789,0.36551724137931035,0.09433962264150944,92,37,37,1000.4528301886793,0.0017884411671642221,0,3002577,11.142049749839998,-77.23589999999999,-88.37794974983998,12.394114583
0.0014,0.55,0.125,0.975,-104.26146990863994,0.4084507042253521,71,29,42,0.5213073495431997,200,95.73853009136006,899,0.3463414634146341,0.08450704225352113,134,55,55,1000.5070422535211,0.001278882985295936,0,3002577,12.547269908639999,-91.71419999999993,-104.26146990863994,12.638396666
0.0014,0.55,0.125,0.98,-104.26146990863994,0.4084507042253521,71,29,42,0.5213073495431997,200,95.73853009136006,899,0.3463414634146341,0.08450704225352113,134,55,55,1000.5070422535211,0.001278882985295936,0,3002577,12.547269908639999,-91.71419999999993,-104.26146990863994,12.390744625
0.0014,0.55,0.125,0.985,-104.26146990863994,0.4084507042253521,71,29,42,0.5213073495431997,200,95.73853009136006,903,0.3463414634146341,0.08450704225352113,134,55,55,1000.5070422535211,0.001278882985295936,0,3002577,12.547269908639999,-91.71419999999993,-104.26146990863994,12.520179417
0.0014,0.6,0.03,0.965,18.01005007200004,0.64,25,16,9,0.07831174444652823,236.53339267200002,218.01005007200004,790,0.032133676092544985,0.04,753,2,2,1000.2,0.016070602743949437,0,3002577,2.479949928,20.49000000000004,18.01005007200004,12.497685291
0.0014,0.6,0.03,0.97,19.896893464000044,0.6538461538461539,26,17,9,0.07226409619137461,237.02531352000005,219.89689346400004,812,0.0325,0.038461538461538464,774,3,3,1000.1923076923077,0.01564845391774242,0,3002577,2.553106536,22.450000000000045,19.896893464000044,12.666953833
0.0014,0.6,0.03,0.975,14.191115272000047,0.6296296296296297,27,17,10,0.09445718064418045,236.53339267200002,214.19111527200005,920,0.029768467475192944,0.037037037037037035,880,4,4,1000.1481481481482,0.015303875513799177,0,3002577,2.618884728,16.81000000000005,14.191115272000047,12.41199
0.0014,0.6,0.03,0.98,14.191115272000047,0.6296296296296297,27,17,10,0.09445718064418045,236.53339267200002,214.19111527200005,920,0.029768467475192944,0.037037037037037035,880,4,4,1000.1481481481482,0.015303875513799177,0,3002577,2.618884728,16.81000000000005,14.191115272000047,12.488888125
0.0014,0.6,0.03,0.985,14.191115272000047,0.6296296296296297,27,17,10,0.09445718064418045,236.53339267200002,214.19111527200005,924,0.029637760702524697,0.037037037037037035,884,4,4,1000.1481481481482,0.015303875513799177,0,3002577,2.618884728,16.81000000000005,14.191115272000047,12.557919584
0.0014,0.6,0.05,0.965,714.1703456533601,0.6875,128,88,40,0.1839714163524141,955.18527556536,914.1703456533601,564,0.28699551569506726,0.0390625,318,45,45,1000.171875,0.005885502177171816,0,3002577,25.41375434664,739.5841,714.1703456533601,12.517642792
0.0014,0.6,0.05,0.97,906.5057203893602,0.697841726618705,139,97,42,0.1839714163524141,1156.3466478773603,1106.5057203893602,812,0.2907949790794979,0.050359712230215826,339,51,51,1000.0647482014389,0.0056630048890110776,0,3002577,30.258379610640002,936.7641000000002,906.5057203893602,12.475074666
0.0014,0.6,0.05,0.975,586.8454391874399,0.6829268292682927,123,84,39,0.2426610926781028,822.1494294914398,786.8454391874399,920,0.15336658354114713,0.024390243902439025,679,46,46,1000.1951219512196,0.006131019508171885,0,3002577,21.94826081256,608.7936999999998,586.8454391874399,12.547915958
0.0014,0.6,0.05,0.98,586.8454391874399,0.6829268292682927,123,84,39,0.2426610926781028,822.1494294914398,786.8454391874399,920,0.15336658354114713,0.024390243902439025,679,46,46,1000.1951219512196,0.006131019508171885,0,3002577,21.94826081256,608.7936999999998,586.8454391874399,12.5915755
0.0014,0.6,0.05,0.985,554.4767991874398,0.6774193548387096,124,84,40,0.2426610926781028,822.1494294914398,754.4767991874398,924,0.15384615384615385,0.024193548387096774,682,47,47,1000.1935483870968,0.0060295310456704885,0,3002577,22.31690081256,576.7936999999998,554.4767991874398,12.641589083
0.0014,0.6,0.075,0.965,1254.2025909038398,0.625,152,95,57,0.2616171712360778,1554.9227985358398,1454.2025909038398,786,0.3438914027149321,0.07236842105263158,290,66,66,1000.1184210526316,0.005264738865748154,0,3002577,44.03840909616,1298.2409999999998,1254.2025909038398,12.706778541
0.0014,0.6,0.075,0.97,1252.1354272958401,0.6258064516129033,155,97,58,0.2616171712360778,1552.8556349278401,1452.1354272958401,808,0.33405172413793105,0.07096774193548387,309,68,68,1000.1096774193549,0.005228862047043862,0,3002577,44.45557270416,1296.5910000000001,1252.1354272958401,12.399917083
0.0014,0.6,0.075,0.975,-41.42662613991993,0.5038759689922481,129,65,64,0.3593657002395068,239.18152681704,158.57337386008007,920,0.22791519434628976,0.06976744186046512,437,86,86,1000.3720930232558,0.004638502481792907,0,3002577,17.722326139919996,-23.704299999999936,-41.42662613991993,12.544522625
0.0014,0.6,0.075,0.98,-41.42662613991993,0.5038759689922481,129,65,64,0.3593657002395068,239.18152681704,158.57337386008007,920,0.22791519434628976,0.06976744186046512,437,86,86,1000.3720930232558,0.004638502481792907,0,3002577,17.722326139919996,-23.704299999999936,-41.42662613991993,12.419931042
0.0014,0.6,0.075,0.985,-51.13721813991992,0.5,130,65,65,0.37761588931593587,239.18152681704,148.86278186008008,924,0.22807017543859648,0.06923076923076923,440,87,87,1000.3692307692307,0.004611651656287234,0,3002577,17.832918139919997,-33.30429999999993,-51.13721813991992,12.76602575
0.0014,0.6,0.1,0.965,2084.0628224691204,0.6064516129032258,155,94,61,0.32722992150475433,2394.0191769762405,2284.0628224691204,786,0.3530751708428246,0.10967741935483871,284,71,71,1000.141935483871,0.004796166391013992,0,3002577,64.42277753087998,2148.4856000000004,2084.0628224691204,12.665539542
0.0014,0.6,0.1,0.97,2267.700995684,0.6125,160,98,62,0.32722992150475433,2577.6573501911203,2467.700995684,808,0.3470715835140998,0.11875,301,73,73,1000.13125,0.004725092307378468,0,3002577,68.789204316,2336.4902,2267.700995684,12.748410333
0.0014,0.6,0.1,0.975,-64.32142295263986,0.48854961832061067,131,64,67,0.47418698482868205,234.31493572904006,135.67857704736014,917,0.22586206896551725,0.08396946564885496,449,95,95,1000.2824427480916,0.004731855035654978,0,3002577,21.30902295264,-43.012399999999865,-64.32142295263986,12.626816208
0.0014,0.6,0.1,0.98,-64.32142295263986,0.48854961832061067,131,64,67,0.47418698482868205,234.31493572904006,135.67857704736014,917,0.22586206896551725,0.08396946564885496,449,95,95,1000.2824427480916,0.004731855035654978,0,3002577,21.30902295264,-43.012399999999865,-64.32142295263986,12.482331583
0.0014,0.6,0.1,0.985,-74.84123095263986,0.48484848484848486,132,64,68,0.47418698482868205,234.31493572904006,125.15876904736014,921,0.22602739726027396,0.08333333333333333,452,96,96,1000.280303030303,0.004707940519000875,0,3002577,21.42883095264,-53.41239999999986,-74.84123095263986,12.715757875
0.0014,0.6,0.125,0.965,-64.40257995983995,0.4406779661016949,59,26,33,0.5095280191889757,276.4631321364,135.59742004016005,788,0.3881578947368421,0.13559322033898305,93,37,37,1000.4237288135594,0.007941884352505106,0,3002577,14.609179959839999,-49.793399999999956,-64.40257995983995,12.784200459000001
0.0014,0.6,0.125,0.97,-64.40257995983995,0.4406779661016949,59,26,33,0.5095280191889757,276.4631321364,135.59742004016005,810,0.3881578947368421,0.13559322033898305,93,37,37,1000.4237288135594,0.007941884352505106,0,3002577,14.609179959839999,-49.793399999999956,-64.40257995983995,12.609142084
0.0014,0.6,0.125,0.975,-102.58699758023997,0.4246575342465753,73,31,42,0.5234171191490126,204.39887023600002,97.41300241976003,920,0.3427230046948357,0.1095890410958904,140,55,55,1000.5342465753424,0.004816313319307331,0,3002577,12.572297580239997,-90.01469999999998,-102.58699758023997,12.797952542
0.0014,0.6,0.125,0.98,-102.58699758023997,0.4246575342465753,73,31,42,0.5234171191490126,204.39887023600002,97.41300241976003,920,0.3427230046948357,0.1095890410958904,140,55,55,1000.5342465753424,0.004816313319307331,0,3002577,12.572297580239997,-90.01469999999998,-102.58699758023997,12.666690667
0.0014,0.6,0.125,0.985,-102.58699758023997,0.4246575342465753,73,31,42,0.5234171191490126,204.39887023600002,97.41300241976003,924,0.3427230046948357,0.1095890410958904,140,55,55,1000.5342465753424,0.004816313319307331,0,3002577,12.572297580239997,-90.01469999999998,-102.58699758023997,12.746934333
0.0014,0.65,0.03,0.965,51.98503803199986,0.717391304347826,46,33,13,0.06656328912943989,253.37830146399986,251.98503803199986,817,0.05707196029776675,0,760,2,2,1000.2608695652174,0.015596442861957811,0,3002577,4.614961968,56.599999999999866,51.98503803199986,12.646683333
0.0014,0.65,0.03,0.97,37.5064947759999,0.7352941176470589,34,25,9,0.06656328912943989,249.4844177439999,237.5064947759999,839,0.04116222760290557,0,792,4,4,1000.1764705882352,0.01670719560781265,0,3002577,3.3035052239999994,40.809999999999896,37.5064947759999,12.723367542
0.0014,0.65,0.03,0.975,52.22484633599984,0.7333333333333333,45,33,12,0.06656328912943989,257.71182752799984,252.22484633599984,947,0.04807692307692308,0,891,5,5,1000.2444444444444,0.014808036477116366,0,3002577,4.4751536640000005,56.69999999999985,52.22484633599984,12.364173167
0.0014,0.65,0.03,0.98,52.22484633599984,0.7333333333333333,45,33,12,0.06656328912943989,257.71182752799984,252.22484633599984,947,0.04807692307692308,0,891,5,5,1000.2444444444444,0.014808036477116366,0,3002577,4.4751536640000005,56.69999999999985,52.22484633599984,12.677236834
0.0014,0.65,0.03,0.985,46.56033433599984,0.717391304347826,46,33,13,0.06656328912943989,257.71182752799984,246.56033433599984,951,0.04893617021276596,0,894,6,6,1000.2391304347826,0.014577689243027889,0,3002577,4.539665664,51.09999999999984,46.56033433599984,12.660187208
0.0014,0.65,0.05,0.965,784.9251060693599,0.6928104575163399,153,106,47,0.18223808755490914,1031.5487522133599,984.9251060693599,816,0.32075471698113206,0.0392156862745098,324,48,48,1000.0980392156863,0.008250121507847055,0,3002577,30.278993930640013,815.2040999999999,784.9251060693599,12.791939333
0.0014,0.65,0.05,0.97,812.0820797500797,0.6967741935483871,155,108,47,0.18223808755490914,1059.8860713660797,1012.0820797500797,838,0.3106212424849699,0.05161290322580645,344,50,50,1000.0903225806452,0.008198703202767674,0,3002577,31.021120249920017,843.1031999999998,812.0820797500797,12.789305125
0.0014,0.65,0.05,0.975,541.4645047709602,0.6842105263157895,152,104,48,0.20757483701207058,776.2846961949601,741.4645047709602,721,0.2529118136439268,0.03289473684210526,449,55,55,1000.1907894736842,0.008178375555489507,0,3002577,24.606595229039996,566.0711000000001,541.4645047709602,12.550068625
0.0014,0.65,0.05,0.98,541.4645047709602,0.6842105263157895,152,104,48,0.20757483701207058,776.2846961949601,741.4645047709602,721,0.2529118136439268,0.03289473684210526,449,55,55,1000.1907894736842,0.008178375555489507,0,3002577,24.606595229039996,566.0711000000001,541.4645047709602,12.560532667
0.0014,0.65,0.05,0.985,511.5235127709601,0.6797385620915033,153,104,49,0.20757483701207058,776.2846961949601,711.5235127709601,725,0.2528925619834711,0.032679738562091505,452,56,56,1000.1895424836601,0.008064913926398508,0,3002577,24.947587229039996,536.4711000000001,511.5235127709601,12.524264541
0.0014,0.65,0.075,0.965,1181.0116123371197,0.6342857142857142,175,111,64,0.2721595075619603,1468.5165239038397,1381.0116123371197,815,0.373134328358209,0.07428571428571429,294,70,70,1000.1257142857143,0.007179269585493077,0,3002577,47.342787662880006,1228.3543999999997,1181.0116123371197,12.556024625
0.0014,0.65,0.075,0.97,1230.7533220251196,0.6420454545454546,176,113,63,0.2691587472545944,1518.2582335918396,1430.7533220251196,837,0.35845213849287166,0.07386363636363637,315,71,71,1000.1079545454545,0.007163323103585562,0,3002577,48.81107797488001,1279.5643999999995,1230.7533220251196,12.635106333
0.0014,0.65,0.075,0.975,-37.71884892808001,0.5174825174825175,143,74,69,0.36230760634119413,244.15492838263995,162.28115107192,945,0.2423728813559322,0.06993006993006994,447,88,88,1000.3776223776224,0.005753896669345128,0,3002577,19.819548928079985,-17.89930000000002,-37.71884892808001,12.596801833
0.0014,0.65,0.075,0.98,-37.71884892808001,0.5174825174825175,143,74,69,0.36230760634119413,244.15492838263995,162.28115107192,945,0.2423728813559322,0.06993006993006994,447,88,88,1000.3776223776224,0.005753896669345128,0,3002577,19.819548928079985,-17.89930000000002,-37.71884892808001,12.637339292
0.0014,0.65,0.075,0.985,-47.42944092808,0.5138888888888888,144,74,70,0.37510760039702656,244.15492838263995,152.57055907192,949,0.24242424242424243,0.06944444444444445,450,89,89,1000.375,0.00572370305379845,0,3002577,19.930140928079986,-27.499300000000012,-47.42944092808,12.681642834
0.0014,0.65,0.1,0.965,-25.946281905679996,0.5161290322580645,124,64,60,0.4013173421190947,279.16117583544,174.05371809432,814,0.26495726495726496,0.0967741935483871,344,71,71,1000.3225806451613,0.006896408764459703,0,3002577,23.828381905680004,-2.1178999999999917,-25.946281905679996,12.617005667
0.0014,0.65,0.1,0.97,1140.01075669352,0.6196319018404908,163,101,62,0.37369562781572235,1427.51566826024,1340.01075669352,837,0.33539094650205764,0.09815950920245399,323,73,73,1000.239263803681,0.005987414596103784,0,3002577,49.97514330648,1189.9859000000001,1140.01075669352,12.254509292
0.0014,0.65,0.1,0.975,-75.87706490519984,0.47619047619047616,126,60,66,0.4492879519898996,220.94733627576008,124.12293509480016,943,0.2096505823627288,0.0873015873015873,475,92,92,1000.3095238095239,0.005669695092573474,0,3002577,19.627364905199975,-56.24969999999987,-75.87706490519984,12.275889292
0.0014,0.65,0.1,0.98,-75.87706490519984,0.47619047619047616,126,60,66,0.4492879519898996,220.94733627576008,124.12293509480016,943,0.2096505823627288,0.0873015873015873,475,92,92,1000.3095238095239,0.005669695092573474,0,3002577,19.627364905199975,-56.24969999999987,-75.87706490519984,13.197829791
0.0014,0.65,0.1,0.985,-85.58765690519985,0.47244094488188976,127,60,67,0.48217369340898353,220.94733627576008,114.41234309480015,947,0.20991735537190082,0.08661417322834646,478,93,93,1000.3070866141733,0.005640577923856477,0,3002577,19.737956905199976,-65.84969999999987,-85.58765690519985,13.009069583
0.0014,0.65,0.125,0.965,-5.317724170080027,0.5259259259259259,135,71,64,0.4165049322823201,307.46387270016,194.68227582991997,817,0.29540481400437635,0.1259259259259259,322,71,71,1000.3111111111111,0.006816102689445672,0,3002577,30.99472417007999,25.676999999999964,-5.317724170080027,13.191132083
0.0014,0.65,0.125,0.97,1587.8576169701603,0.6127167630057804,173,106,67,0.4242078146124671,1875.3625285368803,1787.8576169701603,839,0.3680851063829787,0.1329479768786127,297,74,74,1000.2138728323699,0.005490327802885326,0,3002577,67.01248302983998,1654.8701000000003,1587.8576169701603,12.9938905
0.0014,0.65,0.125,0.975,-95.07573141688,0.4661016949152542,118,55,63,0.5180439180673978,217.705041012,104.92426858312,946,0.2737819025522042,0.1016949152542373,313,89,89,1000.3898305084746,0.005292470294131605,0,3002577,20.93363141687999,-74.14210000000001,-95.07573141688,12.659319375
0.0014,0.65,0.125,0.98,-95.07573141688,0.4661016949152542,118,55,63,0.5180439180673978,217.705041012,104.92426858312,946,0.2737819025522042,0.1016949152542373,313,89,89,1000.3898305084746,0.005292470294131605,0,3002577,20.93363141687999,-74.14210000000001,-95.07573141688,12.811857541
0.0014,0.65,0.125,0.985,-95.07573141688,0.4661016949152542,118,55,63,0.5180439180673978,217.705041012,104.92426858312,950,0.2737819025522042,0.1016949152542373,313,89,89,1000.3898305084746,0.005292470294131605,0,3002577,20.93363141687999,-74.14210000000001,-95.07573141688,12.674862208
0.0014,0.7,0.03,0.965,10.914549264000101,0.7083333333333334,24,17,7,0.06435275847805,225.42101328800007,210.9145492640001,849,0.028537455410225922,0,817,0,0,1000.375,0.022265215142123908,0,3002577,2.225450736,13.1400000000001,10.914549264000101,12.52681825
0.0014,0.7,0.03,0.97,10.914549264000101,0.7083333333333334,24,17,7,0.06435275847805,225.42101328800007,210.9145492640001,871,0.027809965237543453,0,839,0,0,1000.375,0.022265215142123908,0,3002577,2.225450736,13.1400000000001,10.914549264000101,12.662235666
0.0014,0.7,0.03,0.975,10.914549264000101,0.7083333333333334,24,17,7,0.06435275847805,225.42101328800007,210.9145492640001,979,0.024716786817713696,0,947,0,0,1000.375,0.022265215142123908,0,3002577,2.225450736,13.1400000000001,10.914549264000101,12.648876667
0.0014,0.7,0.03,0.98,10.914549264000101,0.7083333333333334,24,17,7,0.06435275847805,225.42101328800007,210.9145492640001,979,0.024716786817713696,0,947,0,0,1000.375,0.022265215142123908,0,3002577,2.225450736,13.1400000000001,10.914549264000101,12.692532625
0.0014,0.7,0.03,0.985,10.914549264000101,0.7083333333333334,24,17,7,0.06435275847805,225.42101328800007,210.9145492640001,983,0.024615384615384615,0,951,0,0,1000.375,0.022265215142123908,0,3002577,2.225450736,13.1400000000001,10.914549264000101,13.218478625
0.0014,0.7,0.05,0.965,1092.83804394784,0.7037037037037037,189,133,56,0.1398374133258732,1361.76469194784,1292.83804394784,848,0.37649402390438247,0.0582010582010582,313,56,56,1000.1481481481482,0.019359456994943465,0,3002577,43.157956052160024,1135.996,1092.83804394784,12.8825115
0.0014,0.7,0.05,0.97,925.7730087078403,0.6947368421052632,190,132,58,0.14971474249758907,1185.4620647078402,1125.7730087078403,870,0.36259541984732824,0.05789473684210526,334,57,57,1000.1421052631579,0.018747195329295845,0,3002577,39.01299129216002,964.7860000000003,925.7730087078403,12.681382459
0.0014,0.7,0.05,0.975,431.94341477896,0.6835443037974683,158,108,50,0.21509834905737893,665.34086277896,631.94341477896,753,0.24960505529225907,0.0189873417721519,475,55,55,1000.2088607594936,0.018630089230684547,0,3002577,22.697685221039997,454.6411,431.94341477896,12.838517625
0.0014,0.7,0.05,0.98,431.94341477896,0.6835443037974683,158,108,50,0.21509834905737893,665.34086277896,631.94341477896,753,0.24960505529225907,0.0189873417721519,475,55,55,1000.2088607594936,0.018630089230684547,0,3002577,22.697685221039997,454.6411,431.94341477896,12.983145875
0.0014,0.7,0.05,0.985,406.04850277896,0.6792452830188679,159,108,51,0.21509834905737893,665.34086277896,606.04850277896,757,0.24960753532182103,0.018867924528301886,478,56,56,1000.2075471698113,0.018383791831229103,0,3002577,22.992597221039997,429.04110000000003,406.04850277896,12.731011417
0.0014,0.7,0.075,0.965,82.23703741343991,0.5695364238410596,151,86,65,0.3100992506921569,318.52428357544,282.2370374134399,849,0.2984189723320158,0.06622516556291391,355,70,70,1000.225165562914,0.0069955051343900945,0,3002577,25.810962586559995,108.0479999999999,82.23703741343991,12.6465705
0.0014,0.7,0.075,0.97,84.55237920543993,0.5751633986928104,153,88,65,0.3100992506921569,318.52428357544,284.55237920543993,871,0.2897727272727273,0.06535947712418301,375,72,72,1000.2156862745098,0.0068609297728712245,0,3002577,26.475620794560005,111.02799999999993,84.55237920543993,12.705517834
0.0014,0.7,0.075,0.975,-11.91687545960005,0.5477707006369427,157,86,71,0.35542884418259546,268.85275340103993,188.08312454039995,977,0.2552845528455285,0.06369426751592357,458,89,89,1000.3630573248407,0.007659363298539777,0,3002577,22.310175459599986,10.393299999999936,-11.91687545960005,12.61185925
0.0014,0.7,0.075,0.98,-11.91687545960005,0.5477707006369427,157,86,71,0.35542884418259546,268.85275340103993,188.08312454039995,977,0.2552845528455285,0.06369426751592357,458,89,89,1000.3630573248407,0.007659363298539777,0,3002577,22.310175459599986,10.393299999999936,-11.91687545960005,12.66263725
0.0014,0.7,0.075,0.985,-23.245899459600054,0.5443037974683544,158,86,72,0.35542884418259546,268.85275340103993,176.75410054039995,981,0.2552504038772213,0.06329113924050633,461,90,90,1000.3607594936709,0.007617171086026819,0,3002577,22.439199459599987,-0.8067000000000668,-23.245899459600054,12.900016417
0.0014,0.7,0.1,0.965,17.575940255280045,0.5594405594405595,143,80,63,0.37535980470402913,327.28465957015993,217.57594025528005,848,0.2948453608247423,0.0979020979020979,342,70,70,1000.3146853146853,0.006012246222333196,0,3002577,28.96275974471999,46.538700000000034,17.575940255280045,12.981500167
0.0014,0.7,0.1,0.97,67.25681912975983,0.5666666666666667,150,85,65,0.3947184717122578,327.28465957015993,267.25681912975983,871,0.28957528957528955,0.11333333333333333,368,75,75,1000.3,0.0063188967151261675,0,3002577,31.85358087024,99.11039999999983,67.25681912975983,12.941725
0.0014,0.7,0.1,0.975,-57.32201371791996,0.5,144,72,72,0.47858748282699776,267.7211528847201,142.67798628208004,976,0.22677165354330708,0.09027777777777778,491,99,99,1000.3194444444445,0.005026677993761143,0,3002577,25.02421371791998,-32.29779999999998,-57.32201371791996,12.953572542
0.0014,0.7,0.1,0.98,-57.32201371791996,0.5,144,72,72,0.47858748282699776,267.7211528847201,142.67798628208004,976,0.22677165354330708,0.09027777777777778,491,99,99,1000.3194444444445,0.005026677993761143,0,3002577,25.02421371791998,-32.29779999999998,-57.32201371791996,12.921576291000001
0.0014,0.7,0.1,0.985,-68.65103771791996,0.496551724137931,145,72,73,0.509381455791659,267.7211528847201,131.34896228208004,980,0.22727272727272727,0.0896551724137931,493,100,100,1000.3172413793103,0.005003158306345688,0,3002577,25.153237717919982,-43.497799999999984,-68.65103771791996,12.8247565
0.0014,0.7,0.125,0.965,-22.28047116431992,0.5303030303030303,132,70,62,0.5026087581458949,357.30329342592006,177.71952883568008,848,0.336734693877551,0.1893939393939394,260,72,72,1000.2651515151515,0.005437578159789734,0,3002577,31.618271164320017,9.337800000000097,-22.28047116431992,12.99514375
0.0014,0.7,0.125,0.97,-23.97825950831981,0.5328467153284672,137,73,64,0.5073604309550679,357.30329342592006,176.0217404916802,870,0.3231132075471698,0.18248175182481752,287,75,75,1000.2627737226277,0.005351272693354603,0,3002577,32.926059508319995,8.947800000000186,-23.97825950831981,12.963277416
0.0014,0.7,0.125,0.975,-79.95551588423987,0.45348837209302323,86,39,47,0.500549250196113,240.35299609199998,120.04448411576013,979,0.32950191570881227,0.10465116279069768,175,62,62,1000.4767441860465,0.00594999740894808,0,3002577,17.456815884239994,-62.49869999999988,-79.95551588423987,12.808196875
0.0014,0.7,0.125,0.98,-79.95551588423987,0.45348837209302323,86,39,47,0.500549250196113,240.35299609199998,120.04448411576013,979,0.32950191570881227,0.10465116279069768,175,62,62,1000.4767441860465,0.00594999740894808,0,3002577,17.456815884239994,-62.49869999999988,-79.95551588423987,12.80807175
0.0014,0.7,0.125,0.985,-79.95551588423987,0.45348837209302323,86,39,47,0.500549250196113,240.35299609199998,120.04448411576013,983,0.32950191570881227,0.10465116279069768,175,62,62,1000.4767441860465,0.00594999740894808,0,3002577,17.456815884239994,-62.49869999999988,-79.95551588423987,12.804364375
0.0016,0.5,0.03,0.965,51.5523901280001,0.7857142857142857,14,11,3,0.05480191277755435,251.5523901280001,251.5523901280001,691,0.020618556701030927,0,665,0,0,1000.1428571428571,0.0021714285714285733,0,3002577,1.5076098719999997,53.0600000000001,51.5523901280001,12.809808417
0.0016,0.5,0.03,0.97,51.5523901280001,0.7857142857142857,14,11,3,0.05480191277755435,251.5523901280001,251.5523901280001,713,0.019971469329529243,0,687,0,0,1000.1428571428571,0.0021714285714285733,0,3002577,1.5076098719999997,53.0600000000001,51.5523901280001,12.6941485
0.0016,0.5,0.03,0.975,51.5523901280001,0.7857142857142857,14,11,3,0.05480191277755435,251.5523901280001,251.5523901280001,821,0.0173053152039555,0,795,0,0,1000.1428571428571,0.0021714285714285733,0,3002577,1.5076098719999997,53.0600000000001,51.5523901280001,12.66298925
0.0016,0.5,0.03,0.98,51.5523901280001,0.7857142857142857,14,11,3,0.05480191277755435,251.5523901280001,251.5523901280001,821,0.0173053152039555,0,795,0,0,1000.1428571428571,0.0021714285714285733,0,3002577,1.5076098719999997,53.0600000000001,51.5523901280001,13.036366375
0.0016,0.5,0.03,0.985,45.8878781280001,0.7333333333333333,15,11,4,0.05480191277755435,251.5523901280001,245.8878781280001,825,0.01845018450184502,0,798,1,1,1000.1333333333333,0.00208791208791209,0,3002577,1.5721218719999996,47.46000000000009,45.8878781280001,12.816983958
0.0016,0.5,0.05,0.965,130.61257281544,0.6153846153846154,65,40,25,0.1730791967969143,330.61257281544,330.61257281544,465,0.18309859154929578,0.06153846153846154,290,40,40,1000.2615384615384,0.0009786692203268554,0,3002577,8.186727184559997,138.7993,130.61257281544,12.696621292
0.0016,0.5,0.05,0.97,140.90770057544012,0.6268656716417911,67,42,25,0.1730791967969143,340.9077005754401,340.9077005754401,487,0.17771883289124668,0.05970149253731343,310,42,42,1000.2388059701492,0.0009612757647201684,0,3002577,8.551599424559999,149.45930000000013,140.90770057544012,12.841299875
0.0016,0.5,0.05,0.975,112.31015979944004,0.6164383561643836,73,45,28,0.12516195471930883,312.31015979944004,312.31015979944004,595,0.12874779541446207,0.0547945205479452,494,48,48,1000.2602739726027,0.0008767774899976829,0,3002577,8.73914020056,121.04930000000004,112.31015979944004,12.647487334000001
0.0016,0.5,0.05,0.98,112.31015979944004,0.6164383561643836,73,45,28,0.12516195471930883,312.31015979944004,312.31015979944004,595,0.12874779541446207,0.0547945205479452,494,48,48,1000.2602739726027,0.0008767774899976829,0,3002577,8.73914020056,121.04930000000004,112.31015979944004,12.525600959
0.0016,0.5,0.05,0.985,100.17191979944005,0.6081081081081081,74,45,29,0.12516195471930883,312.31015979944004,300.17191979944005,599,0.1295971978984238,0.05405405405405406,497,49,49,1000.2567567567568,0.0008637207501464362,0,3002577,8.87738020056,109.04930000000004,100.17191979944005,12.649384041
0.0016,0.5,0.075,0.965,175.76464176816,0.5434782608695652,92,50,42,0.31303728822763127,375.76464176816,375.76464176816,690,0.2636103151862464,0.06521739130434782,257,63,63,1000.1521739130435,0.0007585543493197753,0,3002577,14.983758231839994,190.7484,175.76464176816,12.482473584
0.0016,0.5,0.075,0.97,195.2594337979201,0.5408163265306123,98,53,45,0.3044573840242958,395.2594337979201,395.2594337979201,712,0.2620320855614973,0.07142857142857142,276,68,68,1000.1428571428571,0.0007287117489588031,0,3002577,16.15176620208,211.41120000000012,195.2594337979201,12.83859825
0.0016,0.5,0.075,0.975,72.73762928904011,0.5368421052631579,95,51,44,0.3775798649213975,272.7376292890401,272.7376292890401,593,0.20562770562770563,0.05263157894736842,367,69,69,1000.3789473684211,0.0007023552312086538,0,3002577,12.843670710959996,85.58130000000011,72.73762928904011,12.574363042
0.0016,0.5,0.075,0.98,72.73762928904011,0.5368421052631579,95,51,44,0.3775798649213975,272.7376292890401,272.7376292890401,593,0.20562770562770563,0.05263157894736842,367,69,69,1000.3789473684211,0.0007023552312086538,0,3002577,12.843670710959996,85.58130000000011,72.73762928904011,12.480325959
0.0016,0.5,0.075,0.985,56.5533092890401,0.53125,96,51,45,0.3775798649213975,272.7376292890401,256.5533092890401,597,0.20600858369098712,0.052083333333333336,370,70,70,1000.375,0.0006930830313471561,0,3002577,13.027990710959996,69.5813000000001,56.5533092890401,12.723881375
0.0016,0.5,0.1,0.965,196.14802026192012,0.5050505050505051,99,50,49,0.44281180140959414,396.1480202619201,396.1480202619201,689,0.2836676217765043,0.08080808080808081,250,69,69,1000.2121212121212,0.0007050752978943139,0,3002577,19.16317973808,215.31120000000013,196.14802026192012,12.872460916
0.0016,0.5,0.1,0.97,227.83968709096018,0.5154639175257731,97,50,47,0.44281180140959414,427.8396870909602,427.8396870909602,711,0.27635327635327633,0.07216494845360824,254,67,67,1000.319587628866,0.00073646741131705,0,3002577,19.467212909040004,247.30690000000018,227.83968709096018,12.835292541
0.0016,0.5,0.1,0.975,129.4527567675201,0.5042016806722689,119,60,59,0.40430018107860183,329.4527567675201,329.4527567675201,819,0.25158562367864695,0.06722689075630252,354,89,89,1000.2689075630252,0.000584602407726774,0,3002577,19.50044323248,148.9532000000001,129.4527567675201,12.920135875
0.0016,0.5,0.1,0.98,129.4527567675201,0.5042016806722689,119,60,59,0.40430018107860183,329.4527567675201,329.4527567675201,819,0.25158562367864695,0.06722689075630252,354,89,89,1000.2689075630252,0.000584602407726774,0,3002577,19.50044323248,148.9532000000001,129.4527567675201,12.94555125
0.0016,0.5,0.1,0.985,102.74862876752007,0.5,120,60,60,0.40430018107860183,329.4527567675201,302.7486287675201,823,0.25157232704402516,0.06666666666666667,357,90,90,1000.2666666666667,0.0005766561358272344,0,3002577,19.804571232479997,122.55320000000007,102.74862876752007,12.980268584000001
0.0016,0.5,0.125,0.965,-74.57798344488003,0.375,48,18,30,0.5269533281857409,265.1366641564,125.42201655511997,689,0.35555555555555557,0.08333333333333333,87,38,38,1000.4583333333334,0.0003290002218838709,0,3002577,9.592883444879996,-64.98510000000003,-74.57798344488003,12.779010958
0.0016,0.5,0.125,0.97,-74.57798344488003,0.375,48,18,30,0.5269533281857409,265.1366641564,125.42201655511997,711,0.35555555555555557,0.08333333333333333,87,38,38,1000.4583333333334,0.0003290002218838709,0,3002577,9.592883444879996,-64.98510000000003,-74.57798344488003,12.751363166
0.0016,0.5,0.125,0.975,-105.13311755127998,0.3880597014925373,67,26,41,0.5256655877563999,200,94.86688244872002,821,0.3316831683168317,0.08955223880597014,135,57,57,1000.4925373134329,0.00025166729583490645,0,3002577,10.994217551280002,-94.13889999999998,-105.13311755127998,12.774369458
0.0016,0.5,0.125,0.98,-105.13311755127998,0.3880597014925373,67,26,41,0.5256655877563999,200,94.86688244872002,821,0.3316831683168317,0.08955223880597014,135,57,57,1000.4925373134329,0.00025166729583490645,0,3002577,10.994217551280002,-94.13889999999998,-105.13311755127998,12.557381042
0.0016,0.5,0.125,0.985,-105.13311755127998,0.3880597014925373,67,26,41,0.5256655877563999,200,94.86688244872002,825,0.3316831683168317,0.08955223880597014,135,57,57,1000.4925373134329,0.00025166729583490645,0,3002577,10.994217551280002,-94.13889999999998,-105.13311755127998,12.727917875
0.0016,0.55,0.03,0.965,167.38111861600015,0.8205128205128205,39,32,7,0.07599283262605865,377.76464517600016,367.38111861600015,727,0.054775280898876406,0,673,1,1,1000.1025641025641,0.0034953271028037402,0,3002577,4.828881384,172.21000000000015,167.38111861600015,12.831107208
0.0016,0.55,0.03,0.97,167.38111861600015,0.8205128205128205,39,32,7,0.07599283262605865,377.76464517600016,367.38111861600015,749,0.05313351498637602,0,695,1,1,1000.1025641025641,0.0034953271028037402,0,3002577,4.828881384,172.21000000000015,167.38111861600015,12.580622542
0.0016,0.55,0.03,0.975,167.38111861600015,0.8205128205128205,39,32,7,0.07599283262605865,377.76464517600016,367.38111861600015,857,0.04631828978622328,0,803,1,1,1000.1025641025641,0.0034953271028037402,0,3002577,4.828881384,172.21000000000015,167.38111861600015,12.512946125
0.0016,0.55,0.03,0.98,167.38111861600015,0.8205128205128205,39,32,7,0.07599283262605865,377.76464517600016,367.38111861600015,857,0.04631828978622328,0,803,1,1,1000.1025641025641,0.0034953271028037402,0,3002577,4.828881384,172.21000000000015,167.38111861600015,12.566047083
0.0016,0.55,0.03,0.985,158.47974261600012,0.8,40,32,8,0.07599283262605865,377.76464517600016,358.4797426160001,861,0.04728132387706856,0,806,2,2,1000.1,0.0034249084249084265,0,3002577,4.930257384,163.4100000000001,158.47974261600012,12.33630675
0.0016,0.55,0.05,0.965,419.26908561848006,0.6632653061224489,98,65,33,0.17388224264521232,649.9004889704801,619.2690856184801,727,0.2474747474747475,0.061224489795918366,298,48,48,1000.1020408163265,0.0027683046018840084,0,3002577,17.054414381519997,436.3235000000001,419.26908561848006,12.572664875
0.0016,0.55,0.05,0.97,428.1495357304801,0.67,100,67,33,0.17388224264521232,658.7809390824801,628.1495357304801,749,0.23923444976076555,0.06,318,50,50,1000.09,0.002756342387099403,0,3002577,17.453964269519997,445.6035000000001,428.1495357304801,12.594588583
0.0016,0.55,0.05,0.975,347.7196460824799,0.6568627450980392,102,67,35,0.15696360255174854,574.7168151384799,547.7196460824799,631,0.1705685618729097,0.049019607843137254,496,52,52,1000.2254901960785,0.0026557986307151763,0,3002577,16.40385391752,364.1234999999999,347.7196460824799,12.407744958
0.0016,0.55,0.05,0.98,347.7196460824799,0.6568627450980392,102,67,35,0.15696360255174854,574.7168151384799,547.7196460824799,631,0.1705685618729097,0.049019607843137254,496,52,52,1000.2254901960785,0.0026557986307151763,0,3002577,16.40385391752,364.1234999999999,347.7196460824799,12.492330334
0.0016,0.55,0.05,0.985,325.8708140824799,0.6504854368932039,103,67,36,0.15696360255174854,574.7168151384799,525.8708140824799,635,0.17109634551495018,0.04854368932038835,499,53,53,1000.2233009708738,0.0026170657534394584,0,3002577,16.65268591752,342.5234999999999,325.8708140824799,12.535099208
0.0016,0.55,0.075,0.965,649.7720999681602,0.5819672131147541,122,71,51,0.29661290814106867,914.1499646401602,849.7720999681602,724,0.3185378590078329,0.09016393442622951,261,68,68,1000.172131147541,0.0020540732314415413,0,3002577,30.12230003183999,679.8944000000002,649.7720999681602,12.67047925
0.0016,0.55,0.075,0.97,683.4466474961602,0.5887096774193549,124,73,51,0.29608862824805104,950.4203938081602,883.4466474961602,746,0.30617283950617286,0.08870967741935484,281,70,70,1000.1612903225806,0.002052234746279051,0,3002577,31.27775250383999,714.7244000000002,683.4466474961602,12.607407375
0.0016,0.55,0.075,0.975,-16.21424508807985,0.4827586206896552,116,56,60,0.3269433209839744,243.14065574264012,183.78575491192015,853,0.23061630218687873,0.08620689655172414,387,87,87,1000.3793103448276,0.0008194754336071735,0,3002577,16.014945088079998,-0.1992999999998517,-16.21424508807985,12.567157
0.0016,0.55,0.075,0.98,-16.21424508807985,0.4827586206896552,116,56,60,0.3269433209839744,243.14065574264012,183.78575491192015,853,0.23061630218687873,0.08620689655172414,387,87,87,1000.3793103448276,0.0008194754336071735,0,3002577,16.014945088079998,-0.1992999999998517,-16.21424508807985,12.696253291
0.0016,0.55,0.075,0.985,-27.543269088079853,0.47863247863247865,117,56,61,0.3269433209839744,243.14065574264012,172.45673091192015,857,0.23076923076923078,0.08547008547008547,390,88,88,1000.3760683760684,0.0008136593378181772,0,3002577,16.14396908808,-11.399299999999855,-27.543269088079853,12.660956375
0.0016,0.55,0.1,0.965,1157.2336691664796,0.5691056910569106,123,70,53,0.3690698916616353,1467.1900236735996,1357.2336691664796,725,0.3324324324324324,0.13821138211382114,247,71,71,1000.2764227642276,0.0017568053615096971,0,3002577,46.52763083352001,1203.7612999999997,1157.2336691664796,12.4249525
0.0016,0.55,0.1,0.97,1230.6219587824799,0.576,125,72,53,0.36860926360118507,1540.5783132896,1430.6219587824799,747,0.31887755102040816,0.136,267,73,73,1000.264,0.0017625355580294928,0,3002577,48.71934121752001,1279.3412999999998,1230.6219587824799,12.545609709
0.0016,0.55,0.1,0.975,-56.93335176911992,0.45161290322580644,124,56,68,0.4539750236091585,240.93690951,143.06664823088008,855,0.24124513618677043,0.0967741935483871,390,98,98,1000.2983870967741,0.0005229125448280444,0,3002577,20.225351769119996,-36.70799999999993,-56.93335176911992,12.7595065
0.0016,0.55,0.1,0.98,-56.93335176911992,0.45161290322580644,124,56,68,0.4539750236091585,240.93690951,143.06664823088008,855,0.24124513618677043,0.0967741935483871,390,98,98,1000.2983870967741,0.0005229125448280444,0,3002577,20.225351769119996,-36.70799999999993,-56.93335176911992,12.629180833
0.0016,0.55,0.1,0.985,-68.26237576911993,0.448,125,56,69,0.4539750236091585,240.93690951,131.73762423088007,859,0.2413127413127413,0.096,393,99,99,1000.296,0.000520071257524539,0,3002577,20.354375769119997,-47.90799999999993,-68.26237576911993,12.518077917
0.0016,0.55,0.125,0.965,1333.4871985424802,0.552,125,69,56,0.4816668369615792,1643.4435530496003,1533.4871985424802,725,0.3434065934065934,0.168,239,71,71,1000.288,0.0016210910154904259,0,3002577,53.314501457519995,1386.8017000000002,1333.4871985424802,12.536038834
0.0016,0.55,0.125,0.97,1426.9396499344798,0.5590551181102362,127,71,56,0.4816668369615792,1736.8960044415999,1626.9396499344798,747,0.3290155440414508,0.16535433070866143,259,73,73,1000.2755905511812,0.0016309010296236544,0,3002577,56.00205006552,1482.9416999999999,1426.9396499344798,12.4763555
0.0016,0.55,0.125,0.975,-85.22897280287988,0.4262295081967213,122,52,70,0.5203003335942253,239.25600794568012,114.77102719712012,855,0.2911694510739857,0.13114754098360656,297,98,98,1000.4016393442623,0.0005369277848599547,0,3002577,22.807972802880002,-62.42099999999988,-85.22897280287988,12.76777825
0.0016,0.55,0.125,0.98,-85.22897280287988,0.4262295081967213,122,52,70,0.5203003335942253,239.25600794568012,114.77102719712012,855,0.2911694510739857,0.13114754098360656,297,98,98,1000.4016393442623,0.0005369277848599547,0,3002577,22.807972802880002,-62.42099999999988,-85.22897280287988,12.453566083
0.0016,0.55,0.125,0.985,-85.22897280287988,0.4262295081967213,122,52,70,0.5203003335942253,239.25600794568012,114.77102719712012,859,0.2911694510739857,0.13114754098360656,297,98,98,1000.4016393442623,0.0005369277848599547,0,3002577,22.807972802880002,-62.42099999999988,-85.22897280287988,12.403374333
0.0016,0.6,0.03,0.965,172.764760528,0.8125,48,39,9,0.07480348123166158,382.62911076,372.764760528,741,0.06620689655172414,0.020833333333333332,677,1,1,1000.1041666666666,0.006661073825503357,0,3002577,5.535239471999999,178.3,172.764760528,12.46983875
0.0016,0.6,0.03,0.97,175.61561112000004,0.8163265306122449,49,40,9,0.07042566467678263,385.47996135200003,375.61561112000004,763,0.06559571619812583,0.02040816326530612,698,2,2,1000.1020408163265,0.006540362438220759,0,3002577,5.644388879999998,181.26000000000005,175.61561112000004,12.564854167
0.0016,0.6,0.03,0.975,172.32010604000004,0.8125,48,39,9,0.07673543269870703,382.18445627200003,372.32010604000004,871,0.056140350877192984,0.020833333333333332,807,2,2,1000.0833333333334,0.006706081081081082,0,3002577,5.5098939599999985,177.83000000000004,172.32010604000004,12.461519583
0.0016,0.6,0.03,0.98,172.32010604000004,0.8125,48,39,9,0.07673543269870703,382.18445627200003,372.32010604000004,871,0.056140350877192984,0.020833333333333332,807,2,2,1000.0833333333334,0.006706081081081082,0,3002577,5.5098939599999985,177.83000000000004,172.32010604000004,12.416658416
0.0016,0.6,0.03,0.985,163.41873004,0.7959183673469388,49,39,10,0.07673543269870703,382.18445627200003,363.41873004,875,0.0570430733410943,0.02040816326530612,810,3,3,1000.0816326530612,0.00658374792703151,0,3002577,5.611269959999999,169.03,163.41873004,12.5570745
0.0016,0.6,0.05,0.965,482.2530032192001,0.6788990825688074,109,74,35,0.16919072682930253,712.8844065712001,682.2530032192001,741,0.2665036674816626,0.09174311926605505,300,48,48,1000.1100917431193,0.0035058284108451885,0,3002577,19.4695967808,501.72260000000006,482.2530032192001,12.621317792
0.0016,0.6,0.05,0.97,496.9308855392002,0.6846846846846847,111,76,35,0.16919072682930253,728.0814652192001,696.9308855392002,763,0.25754060324825984,0.09009009009009009,320,50,50,1000.0990990990991,0.0034667542541416576,0,3002577,20.031714460800004,516.9626000000002,496.9308855392002,12.674822542
0.0016,0.6,0.05,0.975,439.20488451895994,0.6694915254237288,118,79,39,0.12945864154932832,667.7595825589599,639.20488451896,871,0.19001610305958133,0.05084745762711865,503,57,57,1000.1186440677966,0.003399163568773234,0,3002577,19.54121548104001,458.74609999999996,439.20488451895994,12.54037725
0.0016,0.6,0.05,0.98,439.20488451895994,0.6694915254237288,118,79,39,0.12945864154932832,667.7595825589599,639.20488451896,871,0.19001610305958133,0.05084745762711865,503,57,57,1000.1186440677966,0.003399163568773234,0,3002577,19.54121548104001,458.74609999999996,439.20488451895994,12.744433292
0.0016,0.6,0.05,0.985,413.30997251895997,0.6638655462184874,119,79,40,0.12945864154932832,667.7595825589599,613.30997251896,875,0.1904,0.05042016806722689,506,58,58,1000.1176470588235,0.0033493589743589743,0,3002577,19.83612748104001,433.1461,413.30997251895997,12.565602916
0.0016,0.6,0.075,0.965,727.8717424328003,0.5970149253731343,134,80,54,0.2816475154381651,991.7304307768003,927.8717424328003,738,0.3383838383838384,0.08955223880597014,262,69,69,1000.1716417910447,0.0028997977550288285,0,3002577,33.02685756719999,760.8986000000002,727.8717424328003,12.723695583
0.0016,0.6,0.075,0.97,780.5847972528003,0.6029411764705882,136,82,54,0.2816475154381651,1048.5968962208003,980.5847972528003,760,0.3253588516746411,0.10294117647058823,282,71,71,1000.1617647058823,0.002860684539463125,0,3002577,34.872802747200005,815.4576000000003,780.5847972528003,12.44608425
0.0016,0.6,0.075,0.975,469.0634240622402,0.5705128205128205,156,89,67,0.28730977268619423,715.2701172542402,669.0634240622402,869,0.29601518026565465,0.09615384615384616,371,93,93,1000.2435897435897,0.0027549745375731634,0,3002577,30.13217593776,499.1956000000002,469.0634240622402,13.018664625
0.0016,0.6,0.075,0.98,469.0634240622402,0.5705128205128205,156,89,67,0.28730977268619423,715.2701172542402,669.0634240622402,869,0.29601518026565465,0.09615384615384616,371,93,93,1000.2435897435897,0.0027549745375731634,0,3002577,30.13217593776,499.1956000000002,469.0634240622402,12.972064708
0.0016,0.6,0.075,0.985,427.79340806224013,0.5668789808917197,157,89,68,0.28730977268619423,715.2701172542402,627.7934080622401,873,0.295668549905838,0.09554140127388536,374,94,94,1000.2420382165606,0.002715377179558719,0,3002577,30.60219193776,458.3956000000001,427.79340806224013,12.972867917
0.0016,0.6,0.1,0.965,902.0932624131203,0.5757575757575758,132,76,56,0.3754303830843715,1206.4477043411202,1102.0932624131203,739,0.3402061855670103,0.12878787878787878,256,69,69,1000.2651515151515,0.0027696326896955174,0,3002577,42.39273758688002,944.4860000000003,902.0932624131203,12.886075834
0.0016,0.6,0.1,0.97,1137.8899463539997,0.583941605839416,137,80,57,0.36628614066860926,1447.8463008611197,1337.8899463539997,761,0.3309178743961353,0.13138686131386862,277,73,73,1000.1678832116788,0.0026507714632313887,0,3002577,47.963153645999995,1185.8530999999996,1137.8899463539997,12.848065209
0.0016,0.6,0.1,0.975,797.9319615100799,0.5562913907284768,151,84,67,0.45693801397646666,1092.42205320608,997.9319615100799,869,0.296078431372549,0.07947019867549669,359,91,91,1000.2384105960265,0.002484361455380362,0,3002577,40.192438489919994,838.1243999999999,797.9319615100799,13.115645125
0.0016,0.6,0.1,0.98,797.9319615100799,0.5562913907284768,151,84,67,0.45693801397646666,1092.42205320608,997.9319615100799,869,0.296078431372549,0.07947019867549669,359,91,91,1000.2384105960265,0.002484361455380362,0,3002577,40.192438489919994,838.1243999999999,797.9319615100799,12.768402708
0.0016,0.6,0.1,0.985,716.2011455100799,0.5526315789473685,152,84,68,0.45693801397646666,1092.42205320608,916.2011455100799,873,0.29571984435797666,0.07894736842105263,362,92,92,1000.2368421052631,0.0024320441689445445,0,3002577,41.123254489919994,757.3243999999999,716.2011455100799,12.855679209
0.0016,0.6,0.125,0.965,1917.4623217620797,0.582089552238806,134,78,56,0.4668477022522019,2227.4186762691998,2117.4623217620797,739,0.35733333333333334,0.20149253731343283,241,71,71,1000.2835820895523,0.002432613914793031,0,3002577,69.20987823791998,1986.6721999999997,1917.4623217620797,12.849881125
0.0016,0.6,0.125,0.97,2028.03360524432,0.5882352941176471,136,80,56,0.4668477022522019,2337.98995975144,2228.03360524432,761,0.3425692695214106,0.20588235294117646,261,73,73,1000.2720588235294,0.002399275171307564,0,3002577,72.47539475567999,2100.509,2028.03360524432,12.697099542
0.0016,0.6,0.125,0.975,-64.61541299935988,0.45588235294117646,136,62,74,0.47208826879777777,235.16123484872003,135.38458700064012,871,0.26356589147286824,0.11764705882352941,380,103,103,1000.2941176470588,0.0025429408146590885,0,3002577,25.708212999359993,-38.90719999999988,-64.61541299935988,12.690414875
0.0016,0.6,0.125,0.98,-64.61541299935988,0.45588235294117646,136,62,74,0.47208826879777777,235.16123484872003,135.38458700064012,871,0.26356589147286824,0.11764705882352941,380,103,103,1000.2941176470588,0.0025429408146590885,0,3002577,25.708212999359993,-38.90719999999988,-64.61541299935988,12.609995291
0.0016,0.6,0.125,0.985,-78.37208499935988,0.45255474452554745,137,62,75,0.48278926550592516,235.16123484872003,121.62791500064012,875,0.26346153846153847,0.11678832116788321,383,104,104,1000.2919708029198,0.002529780478375094,0,3002577,25.864884999359994,-52.50719999999989,-78.37208499935988,12.724177625
0.0016,0.65,0.03,0.965,198.52809849599993,0.9111111111111111,45,41,4,0.04971786276193928,398.5280984959999,398.5280984959999,752,0.06114130434782609,0.022222222222222223,691,0,0,999.8888888888889,0.016074766355140185,0,3002577,5.1119015039999995,203.63999999999993,198.52809849599993,12.900762125
0.0016,0.65,0.03,0.97,198.52809849599993,0.9111111111111111,45,41,4,0.04971786276193928,398.5280984959999,398.5280984959999,774,0.059366754617414245,0.022222222222222223,713,0,0,999.8888888888889,0.016074766355140185,0,3002577,5.1119015039999995,203.63999999999993,198.52809849599993,12.75572
0.0016,0.65,0.03,0.975,198.52809849599993,0.9111111111111111,45,41,4,0.04971786276193928,398.5280984959999,398.5280984959999,882,0.05196304849884527,0.022222222222222223,821,0,0,999.8888888888889,0.016074766355140185,0,3002577,5.1119015039999995,203.63999999999993,198.52809849599993,12.685633917
0.0016,0.65,0.03,0.98,198.52809849599993,0.9111111111111111,45,41,4,0.04971786276193928,398.5280984959999,398.5280984959999,882,0.05196304849884527,0.022222222222222223,821,0,0,999.8888888888889,0.016074766355140185,0,3002577,5.1119015039999995,203.63999999999993,198.52809849599993,12.794579084
0.0016,0.65,0.03,0.985,188.46812332799993,0.8913043478260869,46,41,5,0.04971786276193928,392.23920147199993,388.46812332799993,886,0.052873563218390804,0.021739130434782608,824,1,1,999.8913043478261,0.015567765567765568,0,3002577,5.211876671999999,193.67999999999992,188.46812332799993,12.591179375
0.0016,0.65,0.05,0.965,431.00206850695986,0.6936936936936937,111,77,34,0.17025215933524243,631.0020685069599,631.0020685069599,752,0.2642857142857143,0.036036036036036036,309,48,48,1000.027027027027,0.008894167326471365,0,3002577,17.499031493040007,448.50109999999984,431.00206850695986,12.432129167
0.0016,0.65,0.05,0.97,494.61264439568026,0.7043478260869566,115,81,34,0.17025215933524243,694.6126443956803,694.6126443956803,774,0.26018099547511314,0.06086956521739131,327,50,50,1000.0173913043478,0.008749781498242274,0,3002577,18.987555604320008,513.6002000000003,494.61264439568026,12.451672
0.0016,0.65,0.05,0.975,343.7510066109601,0.6869565217391305,115,79,36,0.1241225419510151,543.7510066109601,543.7510066109601,656,0.18488745980707397,0.034782608695652174,507,52,52,1000.1391304347826,0.008613056878677501,0,3002577,16.740093389039995,360.4911000000001,343.7510066109601,12.543844959
0.0016,0.65,0.05,0.98,343.7510066109601,0.6869565217391305,115,79,36,0.1241225419510151,543.7510066109601,543.7510066109601,656,0.18488745980707397,0.034782608695652174,507,52,52,1000.1391304347826,0.008613056878677501,0,3002577,16.740093389039995,360.4911000000001,343.7510066109601,12.559227708
0.0016,0.65,0.05,0.985,321.55279144296003,0.6810344827586207,116,79,37,0.1241225419510151,529.7756798909601,521.55279144296,660,0.1853035143769968,0.034482758620689655,510,53,53,1000.1379310344828,0.008434134217067108,0,3002577,16.978308557039995,338.53110000000004,321.55279144296003,12.653491459
0.0016,0.65,0.075,0.965,676.2225980836799,0.6086956521739131,138,84,54,0.245124359759211,876.2225980836799,876.2225980836799,748,0.3399014778325123,0.07971014492753623,268,69,69,1000.0942028985507,0.00793699595039521,0,3002577,30.23960191632001,706.4621999999999,676.2225980836799,12.687455083
0.0016,0.65,0.075,0.97,759.3927891116803,0.6170212765957447,141,87,54,0.245124359759211,959.3927891116803,959.3927891116803,770,0.3294392523364486,0.0851063829787234,287,71,71,1000.0851063829788,0.007959907628208925,0,3002577,32.34841088832001,791.7412000000003,759.3927891116803,12.414729334
0.0016,0.65,0.075,0.975,645.7615111030402,0.5961538461538461,156,93,63,0.2745866254741637,845.7615111030402,845.7615111030402,877,0.29158878504672897,0.0641025641025641,379,90,90,1000.1474358974359,0.007417298610480429,0,3002577,30.848488896959996,676.6100000000002,645.7615111030402,12.474813
0.0016,0.65,0.075,0.98,645.7615111030402,0.5961538461538461,156,93,63,0.2745866254741637,845.7615111030402,845.7615111030402,877,0.29158878504672897,0.0641025641025641,379,90,90,1000.1474358974359,0.007417298610480429,0,3002577,30.848488896959996,676.6100000000002,645.7615111030402,12.723582458
0.0016,0.65,0.075,0.985,593.8432032630403,0.5923566878980892,157,93,64,0.2745866254741637,813.2688764790403,793.8432032630403,881,0.2912801484230056,0.06369426751592357,382,91,91,1000.1464968152866,0.007159574586931508,0,3002577,31.366796736959994,625.2100000000003,593.8432032630403,12.641905625
0.0016,0.65,0.1,0.965,456.2814755212801,0.5748031496062992,127,73,54,0.41058621216108837,656.2814755212801,656.2814755212801,749,0.3135802469135803,0.11023622047244094,278,69,69,1000.2125984251968,0.006041133064114362,0,3002577,28.795724478720004,485.07720000000006,456.2814755212801,12.511654958
0.0016,0.65,0.1,0.97,484.23600153216023,0.584,125,73,52,0.401120364256234,684.2360015321602,684.2360015321602,771,0.3048780487804878,0.104,285,67,67,1000.312,0.006137324901204067,0,3002577,29.32919846784001,513.5652000000002,484.23600153216023,12.596903167
0.0016,0.65,0.1,0.975,-63.376098306399825,0.46564885496183206,131,61,70,0.4401548670741534,240.07215351000002,136.62390169360017,879,0.24485981308411214,0.08396946564885496,404,99,99,1000.2213740458016,0.003286383531927659,0,3002577,21.067898306399993,-42.30819999999983,-63.376098306399825,12.577966083
0.0016,0.65,0.1,0.98,-63.376098306399825,0.46564885496183206,131,61,70,0.4401548670741534,240.07215351000002,136.62390169360017,879,0.24485981308411214,0.08396946564885496,404,99,99,1000.2213740458016,0.003286383531927659,0,3002577,21.067898306399993,-42.30819999999983,-63.376098306399825,12.48564175
0.0016,0.65,0.1,0.985,-73.89590630639982,0.4621212121212121,132,61,71,0.47472419499770346,240.07215351000002,126.10409369360018,883,0.24489795918367346,0.08333333333333333,407,100,100,1000.219696969697,0.0032700329896591567,0,3002577,21.187706306399992,-52.708199999999835,-73.89590630639982,12.388247375
0.0016,0.65,0.125,0.965,648.0746016220799,0.5658914728682171,129,73,56,0.42042206985598507,848.0746016220799,848.0746016220799,749,0.337696335078534,0.13953488372093023,253,70,70,1000.2480620155038,0.006274094791745406,0,3002577,37.56699837792,685.6415999999998,648.0746016220799,12.377276
0.0016,0.65,0.125,0.97,658.55879244152,0.5681818181818182,132,75,57,0.42042206985598507,858.55879244152,858.55879244152,771,0.32195121951219513,0.13636363636363635,278,73,73,1000.2272727272727,0.006141569621992832,0,3002577,38.98970755847999,697.5485,658.55879244152,12.104838458
0.0016,0.65,0.125,0.975,-93.56239705463993,0.44537815126050423,119,53,66,0.5323986368981948,227.62466353672002,106.43760294536007,882,0.28883495145631066,0.1092436974789916,293,90,90,1000.3529411764706,0.0035112245383677448,0,3002577,21.651497054639986,-71.91089999999994,-93.56239705463993,12.624742416
0.0016,0.65,0.125,0.98,-93.56239705463993,0.44537815126050423,119,53,66,0.5323986368981948,227.62466353672002,106.43760294536007,882,0.28883495145631066,0.1092436974789916,293,90,90,1000.3529411764706,0.0035112245383677448,0,3002577,21.651497054639986,-71.91089999999994,-93.56239705463993,12.493245791
0.0016,0.65,0.125,0.985,-93.56239705463993,0.44537815126050423,119,53,66,0.5323986368981948,227.62466353672002,106.43760294536007,886,0.28883495145631066,0.1092436974789916,293,90,90,1000.3529411764706,0.0035112245383677448,0,3002577,21.651497054639986,-71.91089999999994,-93.56239705463993,12.634007458
0.0016,0.7,0.03,0.965,13.41329388799997,0.8181818181818182,11,9,2,0.03812564964067659,213.41329388799997,213.41329388799997,775,0.014304291287386216,0,758,0,0,999.5454545454545,0.07842696629213486,0,3002577,0.9467061120000001,14.35999999999997,13.41329388799997,12.441724041
0.0016,0.7,0.03,0.97,13.41329388799997,0.8181818181818182,11,9,2,0.03812564964067659,213.41329388799997,213.41329388799997,797,0.01390644753476612,0,780,0,0,999.5454545454545,0.07842696629213486,0,3002577,0.9467061120000001,14.35999999999997,13.41329388799997,12.276474875
0.0016,0.7,0.03,0.975,13.41329388799997,0.8181818181818182,11,9,2,0.03812564964067659,213.41329388799997,213.41329388799997,905,0.012235817575083427,0,888,0,0,999.5454545454545,0.07842696629213486,0,3002577,0.9467061120000001,14.35999999999997,13.41329388799997,12.332383042
0.0016,0.7,0.03,0.98,13.41329388799997,0.8181818181818182,11,9,2,0.03812564964067659,213.41329388799997,213.41329388799997,905,0.012235817575083427,0,888,0,0,999.5454545454545,0.07842696629213486,0,3002577,0.9467061120000001,14.35999999999997,13.41329388799997,12.70717825
0.0016,0.7,0.03,0.985,13.41329388799997,0.8181818181818182,11,9,2,0.03812564964067659,213.41329388799997,213.41329388799997,909,0.012181616832779624,0,892,0,0,999.5454545454545,0.07842696629213486,0,3002577,0.9467061120000001,14.35999999999997,13.41329388799997,12.497417416
0.0016,0.7,0.05,0.965,410.06344534695995,0.7079646017699115,113,80,33,0.1699214903916908,610.06344534696,610.06344534696,775,0.25565610859728505,0.035398230088495575,329,48,48,1000.0530973451328,0.014753204254158717,0,3002577,17.067654653040005,427.13109999999995,410.06344534695995,12.444144792
0.0016,0.7,0.05,0.97,458.11735155496035,0.7203389830508474,118,85,33,0.1699214903916908,658.1173515549604,658.1173515549604,797,0.2543103448275862,0.03389830508474576,346,50,50,1000.0593220338983,0.01470632719939501,0,3002577,18.51374844504,476.63110000000034,458.11735155496035,12.46108175
0.0016,0.7,0.05,0.975,277.0610279469599,0.6864406779661016,118,81,37,0.14660105461411962,477.0610279469599,477.0610279469599,679,0.1826625386996904,0.03389830508474576,528,52,52,1000.1779661016949,0.013384192859322555,0,3002577,15.540072053040005,292.60109999999986,277.0610279469599,12.259837292
0.0016,0.7,0.05,0.98,277.0610279469599,0.6864406779661016,118,81,37,0.14660105461411962,477.0610279469599,477.0610279469599,679,0.1826625386996904,0.03389830508474576,528,52,52,1000.1779661016949,0.013384192859322555,0,3002577,15.540072053040005,292.60109999999986,277.0610279469599,12.493747708
0.0016,0.7,0.05,0.985,257.7502936109599,0.680672268907563,119,81,38,0.14660105461411962,465.5313834029599,457.7502936109599,683,0.18307692307692308,0.03361344537815126,531,53,53,1000.1764705882352,0.013094305513708951,0,3002577,15.730806389040005,273.4810999999999,257.7502936109599,12.712066583
0.0016,0.7,0.075,0.965,778.20878830984,0.6357615894039735,151,96,55,0.2397274892696787,978.20878830984,978.20878830984,771,0.352803738317757,0.0728476821192053,277,69,69,1000.1324503311258,0.014238745811168659,0,3002577,33.89071169016,812.0995,778.20878830984,12.801567708
0.0016,0.7,0.075,0.97,783.72010682584,0.632258064516129,155,98,57,0.2397274892696787,983.72010682584,983.72010682584,793,0.34444444444444444,0.07741935483870968,295,71,71,1000.1225806451613,0.014024068464607697,0,3002577,34.418393174159995,818.1385,783.72010682584,12.694337833
0.0016,0.7,0.075,0.975,326.3469201775199,0.5838509316770186,161,94,67,0.2797840933616601,526.3469201775199,526.3469201775199,901,0.2875,0.07453416149068323,399,91,91,1000.1987577639752,0.010256058559418853,0,3002577,25.187979822479996,351.5348999999999,326.3469201775199,12.506975917
0.0016,0.7,0.075,0.98,326.3469201775199,0.5838509316770186,161,94,67,0.2797840933616601,526.3469201775199,526.3469201775199,901,0.2875,0.07453416149068323,399,91,91,1000.1987577639752,0.010256058559418853,0,3002577,25.187979822479996,351.5348999999999,326.3469201775199,12.600097958
0.0016,0.7,0.075,0.985,294.54856267351994,0.5802469135802469,162,94,68,0.2797840933616601,507.4802291055199,494.54856267351994,905,0.2872340425531915,0.07407407407407407,402,92,92,1000.1975308641976,0.010029984801753804,0,3002577,25.506337326479994,320.0548999999999,294.54856267351994,12.54824825
0.0016,0.7,0.1,0.965,-31.591076935439986,0.5,108,54,54,0.4891862135704712,309.36720353056,168.40892306456,772,0.2488479262672811,0.10185185185185185,326,69,69,1000.1481481481482,0.004589922047733845,0,3002577,17.935976935439996,-13.65509999999999,-31.591076935439986,12.536531167
0.0016,0.7,0.1,0.97,-20.108709991440037,0.5130434782608696,115,59,56,0.4743096514673221,309.36720353056,179.89129000855996,795,0.25164113785557984,0.09565217391304348,342,72,72,1000.1565217391304,0.004527762369766473,0,3002577,18.993609991440003,-1.1151000000000337,-20.108709991440037,12.605522959
0.0016,0.7,0.1,0.975,-57.81684917624,0.48175182481751827,137,66,71,0.4217620431809484,241.09048779615998,142.18315082376,903,0.24162257495590828,0.08029197080291971,430,99,99,1000.2262773722628,0.0034521305615652334,0,3002577,21.67594917623998,-36.140900000000016,-57.81684917624,12.462293583
0.0016,0.7,0.1,0.98,-57.81684917624,0.48175182481751827,137,66,71,0.4217620431809484,241.09048779615998,142.18315082376,903,0.24162257495590828,0.08029197080291971,430,99,99,1000.2262773722628,0.0034521305615652334,0,3002577,21.67594917623998,-36.140900000000016,-57.81684917624,12.626372833
0.0016,0.7,0.1,0.985,-69.14587317624,0.4782608695652174,138,66,72,0.457240606960835,241.09048779615998,130.85412682376,907,0.24168126094570927,0.07971014492753623,433,100,100,1000.2246376811594,0.003434041358660054,0,3002577,21.80497317623998,-47.34090000000002,-69.14587317624,12.685381125
0.0016,0.7,0.125,0.965,1175.4343301241597,0.609271523178808,151,92,59,0.4001565662125038,1375.4343301241597,1375.4343301241597,773,0.3691931540342298,0.1390728476821192,258,71,71,1000.2384105960265,0.015180927932907401,0,3002577,51.51226987583999,1226.9465999999998,1175.4343301241597,12.47566475
0.0016,0.7,0.125,0.97,1285.76428340232,0.6012658227848101,158,95,63,0.40449896825226167,1485.76428340232,1485.76428340232,795,0.3550561797752809,0.15822784810126583,287,76,76,1000.2215189873418,0.015007105741281928,0,3002577,55.29361659768001,1341.0579,1285.76428340232,12.7036395
0.0016,0.7,0.125,0.975,-89.61658972679992,0.4566929133858268,127,58,69,0.5210236221500409,230.45689803888004,110.38341027320008,905,0.2828507795100223,0.12598425196850394,322,94,94,1000.3385826771654,0.0033233153222282613,0,3002577,22.202689726799985,-67.41389999999993,-89.61658972679992,12.474646292
0.0016,0.7,0.125,0.98,-89.61658972679992,0.4566929133858268,127,58,69,0.5210236221500409,230.45689803888004,110.38341027320008,905,0.2828507795100223,0.12598425196850394,322,94,94,1000.3385826771654,0.0033233153222282613,0,3002577,22.202689726799985,-67.41389999999993,-89.61658972679992,12.172040875
0.0016,0.7,0.125,0.985,-89.61658972679992,0.4566929133858268,127,58,69,0.5210236221500409,230.45689803888004,110.38341027320008,909,0.2828507795100223,0.12598425196850394,322,94,94,1000.3385826771654,0.0033233153222282613,0,3002577,22.202689726799985,-67.41389999999993,-89.61658972679992,12.472887416
0.0018,0.5,0.03,0.965,53.66736845984002,0.7857142857142857,14,11,3,0.05399118838118501,253.66736845984002,253.66736845984002,682,0.020833333333333332,0.07142857142857142,658,0,0,1000.1428571428571,0.0020760048440113046,0,3002577,1.47583154016,55.14320000000002,53.66736845984002,12.190750125
0.0018,0.5,0.03,0.97,53.66736845984002,0.7857142857142857,14,11,3,0.05399118838118501,253.66736845984002,253.66736845984002,704,0.020172910662824207,0.07142857142857142,680,0,0,1000.1428571428571,0.0020760048440113046,0,3002577,1.47583154016,55.14320000000002,53.66736845984002,12.372445292
0.0018,0.5,0.03,0.975,53.66736845984002,0.7857142857142857,14,11,3,0.05399118838118501,253.66736845984002,253.66736845984002,812,0.017456359102244388,0.07142857142857142,788,0,0,1000.1428571428571,0.0020760048440113046,0,3002577,1.47583154016,55.14320000000002,53.66736845984002,12.650988042
0.0018,0.5,0.03,0.98,53.66736845984002,0.7857142857142857,14,11,3,0.05399118838118501,253.66736845984002,253.66736845984002,812,0.017456359102244388,0.07142857142857142,788,0,0,1000.1428571428571,0.0020760048440113046,0,3002577,1.47583154016,55.14320000000002,53.66736845984002,12.47226125
0.0018,0.5,0.03,0.985,48.00285645984002,0.7333333333333333,15,11,4,0.05399118838118501,253.66736845984002,248.00285645984002,816,0.018610421836228287,0.06666666666666667,791,1,1,1000.1333333333333,0.0019954547974059106,0,3002577,1.5403435401599999,49.54320000000002,48.00285645984002,12.200261875
0.0018,0.5,0.05,0.965,85.09043786424007,0.5932203389830508,59,35,24,0.22237458812709146,285.0904378642401,285.0904378642401,456,0.16954022988505746,0.05084745762711865,289,38,38,1000.2542372881356,0.0007353766000673063,0,3002577,6.907262135759999,91.99770000000007,85.09043786424007,12.208536125
0.0018,0.5,0.05,0.97,94.68693585128,0.6065573770491803,61,37,24,0.22237458812709146,294.68693585128,294.68693585128,478,0.16486486486486487,0.08196721311475409,309,40,40,1000.2295081967213,0.0007171200458956836,0,3002577,7.235564148719997,101.9225,94.68693585128,12.178168667
0.0018,0.5,0.05,0.975,82.99127547976002,0.6153846153846154,65,40,25,0.16958649605398254,282.99127547976,282.99127547976,586,0.11484098939929328,0.06153846153846154,501,46,46,1000.276923076923,0.0006782726656115764,0,3002577,7.443824520239999,90.43510000000002,82.99127547976002,12.408015917
0.0018,0.5,0.05,0.98,82.99127547976002,0.6153846153846154,65,40,25,0.16958649605398254,282.99127547976,282.99127547976,586,0.11484098939929328,0.06153846153846154,501,46,46,1000.276923076923,0.0006782726656115764,0,3002577,7.443824520239999,90.43510000000002,82.99127547976002,12.63296775
0.0018,0.5,0.05,0.985,71.66225147976002,0.6060606060606061,66,40,26,0.16958649605398254,282.99127547976,271.66225147976,590,0.11578947368421053,0.06060606060606061,504,47,47,1000.2727272727273,0.0006671582569612703,0,3002577,7.572848520239999,79.23510000000002,71.66225147976002,12.751351417
0.0018,0.5,0.075,0.965,136.8546071685601,0.5217391304347826,92,48,44,0.2564776478584608,336.8546071685601,336.8546071685601,681,0.26512968299711814,0.09782608695652174,255,67,67,1000.1630434782609,0.0003665416225194013,0,3002577,14.06129283144,150.9159000000001,136.8546071685601,12.591976208
0.0018,0.5,0.075,0.97,149.29174035256005,0.5319148936170213,94,50,44,0.2547970960330857,349.29174035256005,349.29174035256005,703,0.25474254742547425,0.09574468085106383,275,69,69,1000.1489361702128,0.0003638267963948075,0,3002577,14.684159647440001,163.97590000000005,149.29174035256005,12.634622709
0.0018,0.5,0.075,0.975,94.03410094960009,0.5436893203883495,103,56,47,0.2913339378502449,294.0341009496001,294.0341009496001,812,0.21369294605809128,0.07766990291262135,379,79,79,1000.2621359223301,0.0004755053768684927,0,3002577,14.009499050400004,108.0436000000001,94.03410094960009,12.489840458
0.0018,0.5,0.075,0.98,94.03410094960009,0.5436893203883495,103,56,47,0.2913339378502449,294.0341009496001,294.0341009496001,812,0.21369294605809128,0.07766990291262135,379,79,79,1000.2621359223301,0.0004755053768684927,0,3002577,14.009499050400004,108.0436000000001,94.03410094960009,12.304092042
0.0018,0.5,0.075,0.985,76.23134894960009,0.5384615384615384,104,56,48,0.2913339378502449,294.0341009496001,276.2313489496001,816,0.2139917695473251,0.07692307692307693,382,80,80,1000.2596153846154,0.0004692124449577713,0,3002577,14.212251050400004,90.44360000000009,76.23134894960009,12.484166542
0.0018,0.5,0.1,0.965,111.71449756056006,0.4946236559139785,93,46,47,0.3790209458159876,311.71449756056006,311.71449756056006,682,0.27514792899408286,0.10752688172043011,245,67,67,1000.3440860215054,0.0005669970244371038,0,3002577,16.79140243944,128.50590000000005,111.71449756056006,12.593378209
0.0018,0.5,0.1,0.97,128.01770995944014,0.5052631578947369,95,48,47,0.3790209458159876,328.01770995944014,328.01770995944014,704,0.2638888888888889,0.12631578947368421,265,69,69,1000.3263157894737,0.000555538132764654,0,3002577,17.672790040560006,145.69050000000016,128.01770995944014,12.551494791
0.0018,0.5,0.1,0.975,63.07448909016,0.5,112,56,56,0.3757557860023998,263.07448909016,263.07448909016,808,0.24190064794816415,0.08928571428571429,351,86,86,1000.2767857142857,0.0004585074626865677,0,3002577,17.173410909839998,80.2479,63.07448909016,12.652754667
0.0018,0.5,0.1,0.98,63.07448909016,0.5,112,56,56,0.3757557860023998,263.07448909016,263.07448909016,808,0.24190064794816415,0.08928571428571429,351,86,86,1000.2767857142857,0.0004585074626865677,0,3002577,17.173410909839998,80.2479,63.07448909016,12.294688959
0.0018,0.5,0.1,0.985,42.034873090160005,0.49557522123893805,113,56,57,0.3757557860023998,263.07448909016,242.03487309016,812,0.24197002141327623,0.08849557522123894,354,87,87,1000.2743362831858,0.00045288359476353395,0,3002577,17.41302690984,59.447900000000004,42.034873090160005,12.416515583
0.0018,0.5,0.125,0.965,121.98048818320001,0.4838709677419355,93,45,48,0.42489656297897904,321.9804881832,321.9804881832,682,0.28703703703703703,0.12903225806451613,231,67,67,1000.3655913978495,0.0005664775691184148,0,3002577,18.937111816799998,140.9176,121.98048818320001,12.394359
0.0018,0.5,0.125,0.97,139.02073587351998,0.48936170212765956,94,46,48,0.42489656297897904,339.02073587352,339.02073587352,704,0.27485380116959063,0.1276595744680851,248,68,68,1000.3404255319149,0.0005571620831584033,0,3002577,19.78076412647999,158.80149999999998,139.02073587351998,12.387690375
0.0018,0.5,0.125,0.975,-103.21605128872004,0.4387755102040816,98,43,55,0.5160802564436002,200,96.78394871127996,810,0.2506393861892583,0.09183673469387756,293,82,82,1000.4387755102041,0.0005483323315723435,0,3002577,15.109551288719997,-88.10650000000004,-103.21605128872004,12.449201875
0.0018,0.5,0.125,0.98,-103.21605128872004,0.4387755102040816,98,43,55,0.5160802564436002,200,96.78394871127996,810,0.2506393861892583,0.09183673469387756,293,82,82,1000.4387755102041,0.0005483323315723435,0,3002577,15.109551288719997,-88.10650000000004,-103.21605128872004,12.617942875
0.0018,0.5,0.125,0.985,-103.21605128872004,0.4387755102040816,98,43,55,0.5160802564436002,200,96.78394871127996,814,0.2506393861892583,0.09183673469387756,293,82,82,1000.4387755102041,0.0005483323315723435,0,3002577,15.109551288719997,-88.10650000000004,-103.21605128872004,12.74035475
0.0018,0.55,0.03,0.965,114.73263795200006,0.8214285714285714,28,23,5,0.07768105196715691,314.73263795200006,314.73263795200006,708,0.040229885057471264,0,668,0,0,1000.1428571428571,0.005657142857142861,0,3002577,3.1273620479999997,117.86000000000006,114.73263795200006,12.398638333
0.0018,0.55,0.03,0.97,114.73263795200006,0.8214285714285714,28,23,5,0.07768105196715691,314.73263795200006,314.73263795200006,730,0.03899721448467967,0,690,0,0,1000.1428571428571,0.005657142857142861,0,3002577,3.1273620479999997,117.86000000000006,114.73263795200006,12.287899417
0.0018,0.55,0.03,0.975,114.73263795200006,0.8214285714285714,28,23,5,0.07768105196715691,314.73263795200006,314.73263795200006,838,0.03389830508474576,0,798,0,0,1000.1428571428571,0.005657142857142861,0,3002577,3.1273620479999997,117.86000000000006,114.73263795200006,12.803463042
0.0018,0.55,0.03,0.98,114.73263795200006,0.8214285714285714,28,23,5,0.07768105196715691,314.73263795200006,314.73263795200006,838,0.03389830508474576,0,798,0,0,1000.1428571428571,0.005657142857142861,0,3002577,3.1273620479999997,117.86000000000006,114.73263795200006,12.488141625
0.0018,0.55,0.03,0.985,107.44969395200008,0.7931034482758621,29,23,6,0.07768105196715691,314.73263795200006,307.4496939520001,842,0.03493975903614458,0,801,1,1,1000.1379310344828,0.005515320334261841,0,3002577,3.2103060479999996,110.66000000000008,107.44969395200008,12.409805917
0.0018,0.55,0.05,0.965,353.18177716528,0.6705882352941176,85,57,28,0.17388224264521232,553.18177716528,553.18177716528,708,0.2236842105263158,0.07058823529411765,295,46,46,1000.1176470588235,0.004002265193018628,0,3002577,13.848222834720001,367.03,353.18177716528,12.515935125
0.0018,0.55,0.05,0.97,364.58661246999986,0.6781609195402298,87,59,28,0.17388224264521232,564.5866124699999,564.5866124699999,730,0.21641791044776118,0.09195402298850575,315,48,48,1000.1034482758621,0.0039812313379781064,0,3002577,14.292487529999995,378.8790999999999,364.58661246999986,12.484378584
0.0018,0.55,0.05,0.975,278.4035909744799,0.6555555555555556,90,59,31,0.16193746866978145,478.4035909744799,478.4035909744799,612,0.15463917525773196,0.05555555555555555,492,51,51,1000.2555555555556,0.003727978681883641,0,3002577,13.32490902552,291.72849999999994,278.4035909744799,12.508929334
0.0018,0.55,0.05,0.98,278.4035909744799,0.6555555555555556,90,59,31,0.16193746866978145,478.4035909744799,478.4035909744799,612,0.15463917525773196,0.05555555555555555,492,51,51,1000.2555555555556,0.003727978681883641,0,3002577,13.32490902552,291.72849999999994,278.4035909744799,12.587642625
0.0018,0.55,0.05,0.985,258.98240697447994,0.6483516483516484,91,59,32,0.16193746866978145,478.4035909744799,458.98240697447994,616,0.1552901023890785,0.054945054945054944,495,52,52,1000.2527472527472,0.0036687283948982183,0,3002577,13.54609302552,272.52849999999995,258.98240697447994,12.604691292
0.0018,0.55,0.075,0.965,460.98834778775984,0.5688073394495413,109,62,47,0.3424980229518787,660.9883477877598,660.9883477877598,705,0.3002754820936639,0.09174311926605505,254,67,67,1000.2935779816514,0.0029644232964532026,0,3002577,22.963552212239996,483.95189999999985,460.98834778775984,12.2959775
0.0018,0.55,0.075,0.97,489.56456152376006,0.5765765765765766,111,64,47,0.33717113578652264,689.5645615237601,689.5645615237601,727,0.2883116883116883,0.09009009009009009,274,69,69,1000.2792792792793,0.0029678557852262873,0,3002577,23.95733847624,513.5219000000001,489.56456152376006,12.484136208
0.0018,0.55,0.075,0.975,301.9317787406401,0.5476190476190477,126,69,57,0.32819717938629484,501.9317787406401,501.9317787406401,834,0.26359832635983266,0.06349206349206349,352,83,83,1000.3571428571429,0.0026178117883593564,0,3002577,20.663021259360008,322.5948000000001,301.9317787406401,12.534564625
0.0018,0.55,0.075,0.98,301.9317787406401,0.5476190476190477,126,69,57,0.32819717938629484,501.9317787406401,501.9317787406401,834,0.26359832635983266,0.06349206349206349,352,83,83,1000.3571428571429,0.0026178117883593564,0,3002577,20.663021259360008,322.5948000000001,301.9317787406401,12.760320959
0.0018,0.55,0.075,0.985,271.1815707406401,0.5433070866141733,127,69,58,0.32819717938629484,501.9317787406401,471.1815707406401,838,0.26348547717842324,0.06299212598425197,355,84,84,1000.3543307086615,0.0025776215582893986,0,3002577,21.013229259360006,292.1948000000001,271.1815707406401,12.735994041
0.0018,0.55,0.1,0.965,651.6102344075199,0.5596330275229358,109,61,48,0.37816834514923814,851.6102344075199,851.6102344075199,708,0.315028901734104,0.12844036697247707,237,66,66,1000.3119266055046,0.0030795404378115903,0,3002577,30.581765592480004,682.1919999999999,651.6102344075199,12.484383417
0.0018,0.55,0.1,0.97,668.4513886395197,0.5625,112,63,49,0.3778316565503814,868.4513886395197,868.4513886395197,730,0.30434782608695654,0.125,256,69,69,1000.2946428571429,0.0030501394201366233,0,3002577,31.75061136047999,700.2019999999997,668.4513886395197,12.370950166
0.0018,0.55,0.1,0.975,386.60560821367994,0.5338345864661654,133,71,62,0.44307804334972084,586.60560821368,586.60560821368,836,0.2731006160164271,0.09022556390977443,354,91,91,1000.2781954887218,0.0024026879875047643,0,3002577,26.515891786319994,413.1214999999999,386.60560821367994,12.314359417
0.0018,0.55,0.1,0.98,386.60560821367994,0.5338345864661654,133,71,62,0.44307804334972084,586.60560821368,586.60560821368,836,0.2731006160164271,0.09022556390977443,354,91,91,1000.2781954887218,0.0024026879875047643,0,3002577,26.515891786319994,413.1214999999999,386.60560821367994,12.655521125
0.0018,0.55,0.1,0.985,338.86186421367995,0.5298507462686567,134,71,63,0.44307804334972084,586.60560821368,538.86186421368,840,0.2729124236252546,0.08955223880597014,357,92,92,1000.276119402985,0.002358862428546256,0,3002577,27.059635786319994,365.9214999999999,338.86186421367995,12.249137083
0.0018,0.55,0.125,0.965,732.3923301783201,0.5384615384615384,117,63,54,0.4581207347539108,932.3923301783201,932.3923301783201,706,0.32142857142857145,0.1452991452991453,247,74,74,1000.2136752136752,0.0028115708162994714,0,3002577,36.277769821679996,768.6701,732.3923301783201,12.405948417
0.0018,0.55,0.125,0.97,783.75867129832,0.5462184873949579,119,65,54,0.4581207347539108,983.75867129832,983.75867129832,728,0.3082901554404145,0.15126050420168066,267,76,76,1000.2016806722689,0.002827108471236266,0,3002577,38.15142870168,821.9100999999999,783.75867129832,12.327283375
0.0018,0.55,0.125,0.975,-93.4119991607999,0.4358974358974359,117,51,66,0.5035252849230858,214.68968630696008,106.5880008392001,838,0.2826086956521739,0.11965811965811966,297,96,96,1000.4188034188035,0.001092636758561187,0,3002577,20.581599160799993,-72.8303999999999,-93.4119991607999,12.380022666
0.0018,0.55,0.125,0.98,-93.4119991607999,0.4358974358974359,117,51,66,0.5035252849230858,214.68968630696008,106.5880008392001,838,0.2826086956521739,0.11965811965811966,297,96,96,1000.4188034188035,0.001092636758561187,0,3002577,20.581599160799993,-72.8303999999999,-93.4119991607999,12.454740208
0.0018,0.55,0.125,0.985,-93.4119991607999,0.4358974358974359,117,51,66,0.5035252849230858,214.68968630696008,106.5880008392001,842,0.2826086956521739,0.11965811965811966,297,96,96,1000.4188034188035,0.001092636758561187,0,3002577,20.581599160799993,-72.8303999999999,-93.4119991607999,12.216793917
0.0018,0.6,0.03,0.965,149.12874149600003,0.8611111111111112,36,31,5,0.07140782406031122,349.12874149600003,349.12874149600003,718,0.05106382978723404,0.027777777777777776,669,1,1,1000.0555555555555,0.00888888888888889,0,3002577,3.981258504,153.11000000000004,149.12874149600003,12.335896459
0.0018,0.6,0.03,0.97,150.977239864,0.8648648648648649,37,32,5,0.07083574654691213,350.977239864,350.977239864,740,0.05089408528198074,0.02702702702702703,690,2,2,1000.0540540540541,0.008843537414965989,0,3002577,4.072760136,155.05,150.977239864,12.332177916
0.0018,0.6,0.03,0.975,134.8841639360001,0.8378378378378378,37,31,6,0.08545252896917484,334.8841639360001,334.8841639360001,848,0.04431137724550898,0.02702702702702703,798,3,3,1000.027027027027,0.00893617021276596,0,3002577,3.9158360640000005,138.8000000000001,134.8841639360001,11.29942925
0.0018,0.6,0.03,0.98,134.8841639360001,0.8378378378378378,37,31,6,0.08545252896917484,334.8841639360001,334.8841639360001,848,0.04431137724550898,0.02702702702702703,798,3,3,1000.027027027027,0.00893617021276596,0,3002577,3.9158360640000005,138.8000000000001,134.8841639360001,9.280104625
0.0018,0.6,0.03,0.985,126.79200393600013,0.8157894736842105,38,31,7,0.08545252896917484,334.8841639360001,326.7920039360001,852,0.04529201430274136,0.02631578947368421,801,4,4,1000.0263157894736,0.008729792147806007,0,3002577,4.007996064,130.80000000000013,126.79200393600013,12.408073417
0.0018,0.6,0.05,0.965,366.81661566384,0.6813186813186813,91,62,29,0.17469277510881856,566.81661566384,566.81661566384,718,0.23636363636363636,0.0989010989010989,294,44,44,1000.1208791208791,0.004599568752252446,0,3002577,14.641784336159994,381.45840000000004,366.81661566384,12.513842541
0.0018,0.6,0.05,0.97,380.15432034384,0.6881720430107527,93,64,29,0.17469277510881856,580.15432034384,580.15432034384,740,0.2285012285012285,0.0967741935483871,314,46,46,1000.1075268817204,0.0045553903477853945,0,3002577,15.134079656159994,395.2884,380.15432034384,12.197159792
0.0018,0.6,0.05,0.975,368.10231140208,0.6796116504854369,103,70,33,0.1441787474650001,568.10231140208,568.10231140208,848,0.1713810316139767,0.07766990291262135,498,58,58,1000.1359223300971,0.004253233584208393,0,3002577,16.05128859792,384.1536,368.10231140208,12.498744084
0.0018,0.6,0.05,0.98,368.10231140208,0.6796116504854369,103,70,33,0.1441787474650001,568.10231140208,568.10231140208,848,0.1713810316139767,0.07766990291262135,498,58,58,1000.1359223300971,0.004253233584208393,0,3002577,16.05128859792,384.1536,368.10231140208,12.472420958
0.0018,0.6,0.05,0.985,345.44426340207997,0.6730769230769231,104,70,34,0.1441787474650001,568.10231140208,545.44426340208,852,0.171900826446281,0.07692307692307693,501,59,59,1000.1346153846154,0.004187186654243757,0,3002577,16.309336597919998,361.75359999999995,345.44426340207997,12.503471334
0.0018,0.6,0.075,0.965,554.4308992051198,0.5982905982905983,117,70,47,0.28295827267930534,754.4308992051198,754.4308992051198,715,0.31117021276595747,0.1282051282051282,259,68,68,1000.1794871794872,0.003944554196803214,0,3002577,25.87770079488,580.3085999999997,554.4308992051198,12.368592125
0.0018,0.6,0.075,0.97,585.37740799712,0.6050420168067226,119,72,47,0.2825049204184229,785.37740799712,785.37740799712,737,0.2989949748743719,0.12605042016806722,279,70,70,1000.1680672268908,0.0039044188204942665,0,3002577,26.961192002879997,612.3386,585.37740799712,12.45984975
0.0018,0.6,0.075,0.975,234.91430410352007,0.556390977443609,133,74,59,0.33377227783078256,434.91430410352007,434.91430410352007,844,0.2654690618762475,0.08270676691729323,368,86,86,1000.3383458646616,0.003392291663248397,0,3002577,20.836495896479995,255.75080000000005,234.91430410352007,12.261390666
0.0018,0.6,0.075,0.98,234.91430410352007,0.556390977443609,133,74,59,0.33377227783078256,434.91430410352007,434.91430410352007,844,0.2654690618762475,0.08270676691729323,368,86,86,1000.3383458646616,0.003392291663248397,0,3002577,20.836495896479995,255.75080000000005,234.91430410352007,12.478438708
0.0018,0.6,0.075,0.985,208.21017610352004,0.5522388059701493,134,74,60,0.33377227783078256,434.91430410352007,408.21017610352004,848,0.26534653465346536,0.08208955223880597,371,87,87,1000.3358208955224,0.003346985689309073,0,3002577,21.140623896479994,229.35080000000005,208.21017610352004,12.390815125
0.0018,0.6,0.1,0.965,611.0174010801599,0.5726495726495726,117,67,50,0.3716235546747326,811.0174010801599,811.0174010801599,716,0.3277310924369748,0.11965811965811966,240,68,68,1000.2905982905983,0.003942058422642116,0,3002577,31.125398919839995,642.1427999999999,611.0174010801599,12.168380625
0.0018,0.6,0.1,0.97,697.4575299201598,0.5785123966942148,121,70,51,0.3716235546747326,897.4575299201598,897.4575299201598,738,0.31926121372031663,0.11570247933884298,258,71,71,1000.2727272727273,0.003868304619719702,0,3002577,33.69527007984,731.1527999999998,697.4575299201598,12.168060958
0.0018,0.6,0.1,0.975,-43.20925446512001,0.47619047619047616,126,60,66,0.41135473167341713,249.47655453064004,156.79074553488,848,0.24705882352941178,0.09523809523809523,384,98,98,1000.2857142857143,0.002998841178865609,0,3002577,20.67125446512,-22.53800000000001,-43.20925446512001,12.441392875
0.0018,0.6,0.1,0.98,-43.20925446512001,0.47619047619047616,126,60,66,0.41135473167341713,249.47655453064004,156.79074553488,848,0.24705882352941178,0.09523809523809523,384,98,98,1000.2857142857143,0.002998841178865609,0,3002577,20.67125446512,-22.53800000000001,-43.20925446512001,12.184375209
0.0018,0.6,0.1,0.985,-55.34749446512001,0.47244094488188976,127,60,67,0.42017595277830344,249.47655453064004,144.65250553488,852,0.24708171206225682,0.09448818897637795,387,99,99,1000.2834645669292,0.0029813335824264795,0,3002577,20.80949446512,-34.53800000000001,-55.34749446512001,12.494902291
0.0018,0.6,0.125,0.965,786.4104380979201,0.5655737704918032,122,69,53,0.44198241700343766,986.4104380979201,986.4104380979201,716,0.3279569892473118,0.18032786885245902,250,73,73,1000.1967213114754,0.003729638786585554,0,3002577,40.15816190208,826.5686000000001,786.4104380979201,8.798352917
0.0018,0.6,0.125,0.97,833.32446814528,0.5725806451612904,124,71,53,0.4477956429400379,1033.32446814528,1033.32446814528,738,0.3147208121827411,0.18548387096774194,270,75,75,1000.1854838709677,0.0036711393319667964,0,3002577,42.13593185471999,875.4603999999999,833.32446814528,8.51440225
0.0018,0.6,0.125,0.975,-82.78981920655997,0.4426229508196721,122,54,68,0.5164632822289831,242.40182076296,117.21018079344003,846,0.291866028708134,0.13114754098360656,296,96,96,1000.4180327868852,0.0029966200912923805,0,3002577,22.181219206559998,-60.60859999999997,-82.78981920655997,12.438564584
0.0018,0.6,0.125,0.98,-82.78981920655997,0.4426229508196721,122,54,68,0.5164632822289831,242.40182076296,117.21018079344003,846,0.291866028708134,0.13114754098360656,296,96,96,1000.4180327868852,0.0029966200912923805,0,3002577,22.181219206559998,-60.60859999999997,-82.78981920655997,10.381652958
0.0018,0.6,0.125,0.985,-82.78981920655997,0.4426229508196721,122,54,68,0.5164632822289831,242.40182076296,117.21018079344003,850,0.291866028708134,0.13114754098360656,296,96,96,1000.4180327868852,0.0029966200912923805,0,3002577,22.181219206559998,-60.60859999999997,-82.78981920655997,8.715316417
0.0018,0.65,0.03,0.965,37.22783275199998,0.8666666666666667,15,13,2,0.029255923943780494,237.22783275199998,237.22783275199998,726,0.02086230876216968,0,704,0,0,1000.2,0.027841726618705043,0,3002577,1.412167248,38.639999999999986,37.22783275199998,12.187934833
0.0018,0.65,0.03,0.97,37.22783275199998,0.8666666666666667,15,13,2,0.029255923943780494,237.22783275199998,237.22783275199998,748,0.020242914979757085,0,726,0,0,1000.2,0.027841726618705043,0,3002577,1.412167248,38.639999999999986,37.22783275199998,12.007984417
0.0018,0.65,0.03,0.975,37.22783275199998,0.8666666666666667,15,13,2,0.029255923943780494,237.22783275199998,237.22783275199998,856,0.0176678445229682,0,834,0,0,1000.2,0.027841726618705043,0,3002577,1.412167248,38.639999999999986,37.22783275199998,8.358167916
0.0018,0.65,0.03,0.98,37.22783275199998,0.8666666666666667,15,13,2,0.029255923943780494,237.22783275199998,237.22783275199998,856,0.0176678445229682,0,834,0,0,1000.2,0.027841726618705043,0,3002577,1.412167248,38.639999999999986,37.22783275199998,12.857133541
0.0018,0.65,0.03,0.985,31.56332075199998,0.8125,16,13,3,0.029255923943780494,237.22783275199998,231.56332075199998,860,0.01875732708089097,0,837,1,1,1000.1875,0.0265068493150685,0,3002577,1.476679248,33.03999999999998,31.56332075199998,12.351876666999999
0.0018,0.65,0.05,0.965,279.8913207309601,0.6842105263157895,95,65,30,0.18276897927503524,479.8913207309601,479.8913207309601,726,0.23929471032745592,0.042105263157894736,302,47,47,1000.0947368421052,0.007289464711899081,0,3002577,13.429779269040004,293.3211000000001,279.8913207309601,12.463522375
0.0018,0.65,0.05,0.97,320.2220534196001,0.6938775510204082,98,68,30,0.18276897927503524,520.2220534196001,520.2220534196001,748,0.23389021479713604,0.05102040816326531,321,49,49,1000.0816326530612,0.007183092302098153,0,3002577,14.329846580400002,334.5519000000001,320.2220534196001,12.596440375
0.0018,0.65,0.05,0.975,226.46219422695987,0.6767676767676768,99,67,32,0.14901270491833443,426.46219422695987,426.46219422695987,630,0.1652754590984975,0.04040404040404041,500,51,51,1000.2222222222222,0.007110953562566468,0,3002577,13.16890577304,239.63109999999986,226.46219422695987,12.561323792
0.0018,0.65,0.05,0.98,226.46219422695987,0.6767676767676768,99,67,32,0.14901270491833443,426.46219422695987,426.46219422695987,630,0.1652754590984975,0.04040404040404041,500,51,51,1000.2222222222222,0.007110953562566468,0,3002577,13.16890577304,239.63109999999986,226.46219422695987,12.576840458
0.0018,0.65,0.05,0.985,209.46865822695986,0.67,100,67,33,0.14901270491833443,426.46219422695987,409.46865822695986,634,0.16583747927031509,0.04,503,52,52,1000.22,0.007006636395389454,0,3002577,13.36244177304,222.83109999999985,209.46865822695986,12.434689625
0.0018,0.65,0.075,0.965,402.5199072524001,0.5950413223140496,121,72,49,0.28048639584301205,602.5199072524001,602.5199072524001,722,0.31592689295039167,0.09090909090909091,262,68,68,1000.1652892561983,0.005980383169859748,0,3002577,23.232792747599998,425.7527000000001,402.5199072524001,12.263686583
0.0018,0.65,0.075,0.97,422.00294264840034,0.6016260162601627,123,74,49,0.28048639584301205,622.0029426484003,622.0029426484003,744,0.3037037037037037,0.0975609756097561,282,70,70,1000.1544715447154,0.005889432037232287,0,3002577,24.068757351599995,446.0717000000003,422.00294264840034,12.478099084
0.0018,0.65,0.075,0.975,-32.54859829943982,0.514018691588785,107,55,52,0.35066912131991823,222.097469078,167.45140170056018,854,0.20576923076923076,0.037383177570093455,413,81,81,1000.2897196261682,0.002751075132810526,0,3002577,13.791698299440005,-18.75689999999981,-32.54859829943982,12.459107541
0.0018,0.65,0.075,0.98,-32.54859829943982,0.514018691588785,107,55,52,0.35066912131991823,222.097469078,167.45140170056018,854,0.20576923076923076,0.037383177570093455,413,81,81,1000.2897196261682,0.002751075132810526,0,3002577,13.791698299440005,-18.75689999999981,-32.54859829943982,12.658747292
0.0018,0.65,0.075,0.985,-42.25919029943981,0.5092592592592593,108,55,53,0.35066912131991823,222.097469078,157.7408097005602,858,0.20610687022900764,0.037037037037037035,416,82,82,1000.2870370370371,0.0027303540045192087,0,3002577,13.902290299440006,-28.356899999999804,-42.25919029943981,12.386713542
0.0018,0.65,0.1,0.965,433.3531923716,0.5725806451612904,124,71,53,0.42651427553101096,633.3531923716,633.3531923716,723,0.3263157894736842,0.11290322580645161,256,71,71,1000.1854838709677,0.005501381248081602,0,3002577,28.25550762840001,461.6087,433.3531923716,12.413530584
0.0018,0.65,0.1,0.97,512.6824090435999,0.5826771653543307,127,74,53,0.42651427553101096,712.6824090435999,712.6824090435999,745,0.31592039800995025,0.11023622047244094,275,73,73,1000.1653543307086,0.0056371928046617704,0,3002577,30.466290956400005,543.1487,512.6824090435999,12.732557375
0.0018,0.65,0.1,0.975,-68.12147892111992,0.4661016949152542,118,55,63,0.4324590384398825,228.76041411,131.87852107888008,854,0.2318271119842829,0.0847457627118644,391,92,92,1000.3135593220339,0.002832685376871279,0,3002577,18.461478921119998,-49.65999999999992,-68.12147892111992,12.509942792
0.0018,0.65,0.1,0.98,-68.12147892111992,0.4661016949152542,118,55,63,0.4324590384398825,228.76041411,131.87852107888008,854,0.2318271119842829,0.0847457627118644,391,92,92,1000.3135593220339,0.002832685376871279,0,3002577,18.461478921119998,-49.65999999999992,-68.12147892111992,12.334058959
0.0018,0.65,0.1,0.985,-78.64128692111991,0.46218487394957986,119,55,64,0.469494258650343,228.76041411,121.35871307888009,858,0.23196881091617932,0.08403361344537816,394,93,93,1000.3109243697479,0.002816454440874291,0,3002577,18.581286921119997,-60.05999999999992,-78.64128692111991,12.30789375
0.0018,0.65,0.125,0.965,-58.2238421738399,0.4090909090909091,44,18,26,0.5039442602654522,285.80690932440007,141.7761578261601,724,0.36065573770491804,0.09090909090909091,78,33,33,1000.5454545454545,0.000935361591099297,0,3002577,9.45794217384,-48.7658999999999,-58.2238421738399,12.458755375
0.0018,0.65,0.125,0.97,-58.2238421738399,0.4090909090909091,44,18,26,0.5039442602654522,285.80690932440007,141.7761578261601,746,0.36065573770491804,0.09090909090909091,78,33,33,1000.5454545454545,0.000935361591099297,0,3002577,9.45794217384,-48.7658999999999,-58.2238421738399,12.267190292
0.0018,0.65,0.125,0.975,-95.06498763688002,0.4491525423728814,118,53,65,0.5008727805258822,210.237006256,104.93501236311998,856,0.28502415458937197,0.1016949152542373,296,91,91,1000.4237288135594,0.0027451918593099315,0,3002577,19.629887636879992,-75.43510000000003,-95.06498763688002,12.390173667
0.0018,0.65,0.125,0.98,-95.06498763688002,0.4491525423728814,118,53,65,0.5008727805258822,210.237006256,104.93501236311998,856,0.28502415458937197,0.1016949152542373,296,91,91,1000.4237288135594,0.0027451918593099315,0,3002577,19.629887636879992,-75.43510000000003,-95.06498763688002,12.103280834
0.0018,0.65,0.125,0.985,-95.06498763688002,0.4491525423728814,118,53,65,0.5008727805258822,210.237006256,104.93501236311998,860,0.28502415458937197,0.1016949152542373,296,91,91,1000.4237288135594,0.0027451918593099315,0,3002577,19.629887636879992,-75.43510000000003,-95.06498763688002,7.86406975
0.0018,0.7,0.03,0.965,-3.080999040000023,0.625,8,5,3,0.06570297280000005,200,196.91900095999998,739,0.010914051841746248,0,725,0,0,1000.5,0.08250000000000003,0,3002577,0.6809990399999999,-2.4000000000000234,-3.080999040000023,7.767450625
0.0018,0.7,0.03,0.97,-3.080999040000023,0.625,8,5,3,0.06570297280000005,200,196.91900095999998,761,0.010596026490066225,0,747,0,0,1000.5,0.08250000000000003,0,3002577,0.6809990399999999,-2.4000000000000234,-3.080999040000023,12.439626625
0.0018,0.7,0.03,0.975,-3.080999040000023,0.625,8,5,3,0.06570297280000005,200,196.91900095999998,869,0.009269988412514484,0,855,0,0,1000.5,0.08250000000000003,0,3002577,0.6809990399999999,-2.4000000000000234,-3.080999040000023,12.502484084
0.0018,0.7,0.03,0.98,-3.080999040000023,0.625,8,5,3,0.06570297280000005,200,196.91900095999998,869,0.009269988412514484,0,855,0,0,1000.5,0.08250000000000003,0,3002577,0.6809990399999999,-2.4000000000000234,-3.080999040000023,12.560244583
0.0018,0.7,0.03,0.985,-3.080999040000023,0.625,8,5,3,0.06570297280000005,200,196.91900095999998,873,0.00922722029988466,0,859,0,0,1000.5,0.08250000000000003,0,3002577,0.6809990399999999,-2.4000000000000234,-3.080999040000023,12.728341958
0.0018,0.7,0.05,0.965,302.4095117200802,0.7019230769230769,104,73,31,0.17556340783108929,502.4095117200802,502.4095117200802,739,0.254278728606357,0.038461538461538464,305,47,47,1000.1346153846154,0.013932030374592367,0,3002577,14.377588279920007,316.78710000000024,302.4095117200802,12.780624458
0.0018,0.7,0.05,0.97,315.74284357680017,0.7075471698113207,106,75,31,0.17556340783108929,515.7428435768002,515.7428435768002,761,0.2459396751740139,0.05660377358490566,325,49,49,1000.122641509434,0.013651148495252426,0,3002577,14.843356423200003,330.5862000000002,315.74284357680017,12.654995708
0.0018,0.7,0.05,0.975,203.80467911208007,0.6857142857142857,105,72,33,0.15416887364372078,403.80467911208007,403.80467911208007,643,0.17128874388254486,0.0380952380952381,508,51,51,1000.2761904761904,0.01292566451475412,0,3002577,13.082420887919996,216.88710000000006,203.80467911208007,12.698297
0.0018,0.7,0.05,0.98,203.80467911208007,0.6857142857142857,105,72,33,0.15416887364372078,403.80467911208007,403.80467911208007,643,0.17128874388254486,0.0380952380952381,508,51,51,1000.2761904761904,0.01292566451475412,0,3002577,13.082420887919996,216.88710000000006,203.80467911208007,12.412258875
0.0018,0.7,0.05,0.985,187.62035911208005,0.6792452830188679,106,72,34,0.15416887364372078,399.03865381992006,387.62035911208005,647,0.17179902755267423,0.03773584905660377,511,52,52,1000.2735849056604,0.012741095220725659,0,3002577,13.266740887919996,200.88710000000006,187.62035911208005,12.47579825
0.0018,0.7,0.075,0.965,443.52145582104004,0.6183206106870229,131,81,50,0.277229427429868,643.52145582104,643.52145582104,736,0.33080808080808083,0.08396946564885496,265,68,68,1000.1908396946565,0.012306416288782733,0,3002577,24.999044178960013,468.5205,443.52145582104004,12.648225125
0.0018,0.7,0.075,0.97,451.9898899890401,0.6240601503759399,133,83,50,0.277229427429868,651.9898899890401,651.9898899890401,758,0.3181818181818182,0.08270676691729323,285,70,70,1000.1804511278195,0.012110624014746713,0,3002577,25.780610010959997,477.7705000000001,451.9898899890401,12.48460325
0.0018,0.7,0.075,0.975,-29.985230619439903,0.5370370370370371,108,58,50,0.34338022356551823,211.70365334999997,170.0147693805601,867,0.2026266416510319,0.037037037037037035,425,79,79,1000.3055555555555,0.0046755630321613385,0,3002577,13.308330619440008,-16.676899999999897,-29.985230619439903,12.527734
0.0018,0.7,0.075,0.98,-29.985230619439903,0.5370370370370371,108,58,50,0.34338022356551823,211.70365334999997,170.0147693805601,867,0.2026266416510319,0.037037037037037035,425,79,79,1000.3055555555555,0.0046755630321613385,0,3002577,13.308330619440008,-16.676899999999897,-29.985230619439903,12.454880208
0.0018,0.7,0.075,0.985,-40.505038619439915,0.5321100917431193,109,58,51,0.34338022356551823,211.70365334999997,159.49496138056008,871,0.20297951582867785,0.03669724770642202,428,80,80,1000.302752293578,0.004635421492458461,0,3002577,13.42813861944001,-27.076899999999906,-40.505038619439915,12.455859209
0.0018,0.7,0.1,0.965,442.0236981517603,0.5939849624060151,133,79,54,0.4169565099996278,642.0236981517603,642.0236981517603,737,0.3392857142857143,0.12030075187969924,259,71,71,1000.2105263157895,0.01144180265382364,0,3002577,29.230201848240004,471.2539000000003,442.0236981517603,12.343194459
0.0018,0.7,0.1,0.97,417.81584236775996,0.5970149253731343,134,80,54,0.4169565099996278,617.81584236776,617.81584236776,759,0.3260340632603406,0.11940298507462686,277,72,72,1000.2835820895523,0.010957111699975331,0,3002577,29.788057632240008,447.60389999999995,417.81584236775996,12.502863167
0.0018,0.7,0.1,0.975,-70.28413064464002,0.48760330578512395,121,59,62,0.42116033220031107,221.51289009400006,129.71586935535998,867,0.23180076628352492,0.0743801652892562,401,92,92,1000.3223140495868,0.003463530073338177,0,3002577,18.68673064464,-51.597400000000015,-70.28413064464002,12.445570292
0.0018,0.7,0.1,0.98,-70.28413064464002,0.48760330578512395,121,59,62,0.42116033220031107,221.51289009400006,129.71586935535998,867,0.23180076628352492,0.0743801652892562,401,92,92,1000.3223140495868,0.003463530073338177,0,3002577,18.68673064464,-51.597400000000015,-70.28413064464002,12.403803958
0.0018,0.7,0.1,0.985,-80.80393864464001,0.48360655737704916,122,59,63,0.4619001119764246,221.51289009400006,119.19606135535999,871,0.23193916349809887,0.07377049180327869,404,93,93,1000.3196721311475,0.0034434516381304193,0,3002577,18.80653864464,-61.99740000000001,-80.80393864464001,12.533905666999999
0.0018,0.7,0.125,0.965,-18.225132877839883,0.5045871559633027,109,55,54,0.49076024591353995,281.6121000204,181.77486712216012,737,0.28534031413612565,0.11926605504587157,273,69,69,1000.3669724770642,0.005705745463284389,0,3002577,21.899432877840002,3.6743000000001196,-18.225132877839883,12.2067285
0.0018,0.7,0.125,0.97,-15.714284339359892,0.5258620689655172,116,61,55,0.49076024591353995,283.49719860944015,184.2857156606401,759,0.28019323671497587,0.13793103448275862,298,74,74,1000.3448275862069,0.005435748422559721,0,3002577,23.56028433936001,7.846000000000117,-15.714284339359892,12.416934875
0.0018,0.7,0.125,0.975,-96.03774343831992,0.464,125,58,67,0.5089205158626672,211.70148605232004,103.96225656168008,869,0.28735632183908044,0.104,310,95,95,1000.4,0.0029241658068268257,0,3002577,21.452443438319985,-74.58529999999993,-96.03774343831992,12.501637709
0.0018,0.7,0.125,0.98,-96.03774343831992,0.464,125,58,67,0.5089205158626672,211.70148605232004,103.96225656168008,869,0.28735632183908044,0.104,310,95,95,1000.4,0.0029241658068268257,0,3002577,21.452443438319985,-74.58529999999993,-96.03774343831992,12.669279333
0.0018,0.7,0.125,0.985,-96.03774343831992,0.464,125,58,67,0.5089205158626672,211.70148605232004,103.96225656168008,873,0.28735632183908044,0.104,310,95,95,1000.4,0.0029241658068268257,0,3002577,21.452443438319985,-74.58529999999993,-96.03774343831992,12.560547917
