LATENCY_ARB_MOMENTUM_THRESHOLD,LATENCY_ARB_MAX_ASK,MAX_POSITION_FRACTION,SPREAD_CAPTURE_THRESHOLD,pnl,win_rate,trades,wins,losses,max_dd,hwm,final_balance,signals,fill_rate,partial_fill_rate,no_fill_count,spread_legging_count,residual_position_count,avg_fill_latency_ms,avg_slippage,raw_event_batches,legacy_snapshot_batches,total_fees,gross_pnl,pnl_net,elapsed_s
0.0008,0.5,0.03,0.965,711.1972477172799,0.5745454545454546,275,158,117,0.30052016137112947,1302.67835811168,911.1972477172799,2686,0.10504201680672269,0.03272727272727273,2343,0,0,1000.0945454545455,0.012273493739411695,0,3002577,62.735352282720015,773.9325999999999,711.1972477172799,12.542961792
0.0008,0.5,0.03,0.97,711.1972477172799,0.5745454545454546,275,158,117,0.30052016137112947,1302.67835811168,911.1972477172799,2718,0.10377358490566038,0.03272727272727273,2375,0,0,1000.0945454545455,0.012273493739411695,0,3002577,62.735352282720015,773.9325999999999,711.1972477172799,12.91411725
0.0008,0.5,0.03,0.975,711.1972477172799,0.5745454545454546,275,158,117,0.30052016137112947,1302.67835811168,911.1972477172799,2884,0.09765625,0.03272727272727273,2541,0,0,1000.0945454545455,0.012273493739411695,0,3002577,62.735352282720015,773.9325999999999,711.1972477172799,12.829921375
0.0008,0.5,0.03,0.98,711.1972477172799,0.5745454545454546,275,158,117,0.30052016137112947,1302.67835811168,911.1972477172799,2912,0.09669479606188466,0.03272727272727273,2569,0,0,1000.0945454545455,0.012273493739411695,0,3002577,62.735352282720015,773.9325999999999,711.1972477172799,12.773273708
0.0008,0.5,0.03,0.985,670.2477885412799,0.572992700729927,274,157,117,0.33195498096493853,1302.67835811168,870.2477885412799,3211,0.08720560152768937,0.032846715328467155,2868,1,1,1000.0912408759124,0.012276445134436011,0,3002577,62.334811458720026,732.5826,670.2477885412799,13.093327083
0.0008,0.5,0.05,0.965,2646.8865297974435,0.573134328358209,335,192,143,0.44344649861698704,4350.195287439521,2846.8865297974435,2683,0.12929370899266693,0.15223880597014924,2256,12,12,1000.0686567164179,0.008409389424017557,0,3002577,213.46707020255982,2860.353600000003,2646.8865297974435,13.130051375
0.0008,0.5,0.05,0.97,2646.8865297974435,0.573134328358209,335,192,143,0.44344649861698704,4350.195287439521,2846.8865297974435,2715,0.12771635531833778,0.15223880597014924,2288,12,12,1000.0686567164179,0.008409389424017557,0,3002577,213.46707020255982,2860.353600000003,2646.8865297974435,13.065660459
0.0008,0.5,0.05,0.975,-93.91404810752012,0.40229885057471265,87,35,52,0.5204987107433099,221.24226622400005,106.08595189247988,2896,0.06702619414483821,0.022988505747126436,1211,7,7,1000.1264367816092,0.020895437350466707,0,3002577,8.276448107519993,-85.63760000000012,-93.91404810752012,13.146337209
0.0008,0.5,0.05,0.98,-93.91404810752012,0.40229885057471265,87,35,52,0.5204987107433099,221.24226622400005,106.08595189247988,2924,0.06641221374045801,0.022988505747126436,1223,7,7,1000.1264367816092,0.020895437350466707,0,3002577,8.276448107519993,-85.63760000000012,-93.91404810752012,13.207899792
0.0008,0.5,0.05,0.985,-86.74450414312008,0.45871559633027525,109,50,59,0.5093615364643566,230.83289280000005,113.25549585687992,3228,0.07218543046357616,0.027522935779816515,1401,25,25,1000.1926605504588,0.017624723152129894,0,3002577,10.241404143119992,-76.50310000000009,-86.74450414312008,13.5151625
0.0008,0.5,0.075,0.965,-100.8131652116,0.3333333333333333,54,18,36,0.504065826058,200,99.1868347884,2694,0.08866995073891626,0.037037037037037035,555,12,12,1000,0.019441333404442814,0,3002577,5.877665211599997,-94.93549999999999,-100.8131652116,13.267444875
0.0008,0.5,0.075,0.97,-100.09077840360001,0.3333333333333333,54,18,36,0.5004538920180001,200,99.90922159639999,2726,0.08985024958402663,0.037037037037037035,547,13,13,1000,0.018710217262478956,0,3002577,5.865278403599996,-94.22550000000001,-100.09077840360001,13.330905292
0.0008,0.5,0.075,0.975,-101.6738026356,0.3508771929824561,57,20,37,0.508369013178,200,98.3261973644,2902,0.08636363636363636,0.03508771929824561,603,19,19,1000.0526315789474,0.01710915749843231,0,3002577,6.1583026355999975,-95.5155,-101.6738026356,13.367430875
0.0008,0.5,0.075,0.98,-101.6738026356,0.3508771929824561,57,20,37,0.508369013178,200,98.3261973644,2930,0.08610271903323263,0.03508771929824561,605,19,19,1000.0526315789474,0.01710915749843231,0,3002577,6.1583026355999975,-95.5155,-101.6738026356,13.436828125
0.0008,0.5,0.075,0.985,-100.52377626400003,0.36065573770491804,61,22,39,0.5031491075351971,200.213434744,99.47622373599997,3232,0.16052631578947368,0.03278688524590164,319,29,29,1000.1147540983607,0.013772629173454216,0,3002577,6.745776264,-93.77800000000003,-100.52377626400003,13.492577459
0.0008,0.5,0.1,0.965,-112.14843209135992,0.32653061224489793,49,16,33,0.5607421604567996,200,87.85156790864008,2700,0.1644295302013423,0.08163265306122448,249,16,16,1000.1020408163265,0.017561581019841305,0,3002577,6.216632091359997,-105.93179999999992,-112.14843209135992,13.177776334
0.0008,0.5,0.1,0.97,-102.89902932335997,0.3181818181818182,44,14,30,0.5144951466167998,200,97.10097067664003,2731,0.15658362989323843,0.09090909090909091,237,11,11,1000,0.0192534983232884,0,3002577,5.667229323359996,-97.23179999999998,-102.89902932335997,13.08426975
0.0008,0.5,0.1,0.975,-104.84439367976002,0.32608695652173914,46,15,31,0.5242219683988001,200,95.15560632023998,2902,0.22115384615384615,0.06521739130434782,162,17,17,1000.0434782608696,0.016642689370578133,0,3002577,6.028093679759998,-98.81630000000001,-104.84439367976002,13.275194708
0.0008,0.5,0.1,0.98,-104.84439367976002,0.32608695652173914,46,15,31,0.5242219683988001,200,95.15560632023998,2930,0.22115384615384615,0.06521739130434782,162,17,17,1000.0434782608696,0.016642689370578133,0,3002577,6.028093679759998,-98.81630000000001,-104.84439367976002,12.998090375
0.0008,0.5,0.1,0.985,-103.93608279592003,0.38095238095238093,63,24,39,0.5230489803589605,201.41254185047998,96.06391720407997,3229,0.22743682310469315,0.06349206349206349,214,33,33,1000.1111111111111,0.013518876676102763,0,3002577,8.490982795919997,-95.44510000000002,-103.93608279592003,13.276698792
0.0008,0.5,0.125,0.965,-100.06691641952004,0.325,40,13,27,0.5003345820976002,200,99.93308358047996,2700,0.15151515151515152,0.15,224,9,9,999.975,0.020658879108046722,0,3002577,5.930916419519999,-94.13600000000004,-100.06691641952004,12.999886458
0.0008,0.5,0.125,0.97,-101.78341005152005,0.325,40,13,27,0.5089170502576003,200,98.21658994847995,2732,0.15037593984962405,0.15,226,9,9,999.95,0.020658879108046722,0,3002577,5.967410051519999,-95.81600000000005,-101.78341005152005,13.041425959
0.0008,0.5,0.125,0.975,-101.54542204767998,0.3409090909090909,44,15,29,0.5077271102383999,200,98.45457795232002,2905,0.24444444444444444,0.13636363636363635,136,17,17,1000.0227272727273,0.01736777216126248,0,3002577,6.688622047679998,-94.85679999999998,-101.54542204767998,12.856757583
0.0008,0.5,0.125,0.98,-101.54542204767998,0.3409090909090909,44,15,29,0.5077271102383999,200,98.45457795232002,2933,0.24444444444444444,0.13636363636363635,136,17,17,1000.0227272727273,0.01736777216126248,0,3002577,6.688622047679998,-94.85679999999998,-101.54542204767998,13.027900875
0.0008,0.5,0.125,0.985,-102.43745600768005,0.37735849056603776,53,20,33,0.5209273220096481,203.64873321848,97.56254399231995,3233,0.2420091324200913,0.16981132075471697,166,27,27,1000.0566037735849,0.014817806443834956,0,3002577,8.332656007679999,-94.10480000000005,-102.43745600768005,12.930459042
0.0008,0.55,0.03,0.965,21.080055976000125,0.5882352941176471,34,20,14,0.08549676207031597,241.74879520000007,221.08005597600012,4020,0.014821272885789015,0,2260,1,1,1000.1764705882352,0.01337090861482064,0,3002577,3.4699440239999997,24.550000000000125,21.080055976000125,13.120712834
0.0008,0.55,0.03,0.97,21.080055976000125,0.5882352941176471,34,20,14,0.08549676207031597,241.74879520000007,221.08005597600012,4052,0.014617368873602751,0,2292,1,1,1000.1764705882352,0.01337090861482064,0,3002577,3.4699440239999997,24.550000000000125,21.080055976000125,13.177661042
0.0008,0.55,0.03,0.975,21.080055976000125,0.5882352941176471,34,20,14,0.08549676207031597,241.74879520000007,221.08005597600012,4220,0.0136327185244587,0,2460,1,1,1000.1764705882352,0.01337090861482064,0,3002577,3.4699440239999997,24.550000000000125,21.080055976000125,13.040861125
0.0008,0.55,0.03,0.98,21.080055976000125,0.5882352941176471,34,20,14,0.08549676207031597,241.74879520000007,221.08005597600012,4248,0.013481363996827915,0,2488,1,1,1000.1764705882352,0.01337090861482064,0,3002577,3.4699440239999997,24.550000000000125,21.080055976000125,13.161206916
0.0008,0.55,0.03,0.985,21.080055976000125,0.5882352941176471,34,20,14,0.08549676207031597,241.74879520000007,221.08005597600012,4552,0.012031139419674451,0,2792,1,1,1000.1764705882352,0.01337090861482064,0,3002577,3.4699440239999997,24.550000000000125,21.080055976000125,13.078194833
0.0008,0.55,0.05,0.965,-56.63478292351991,0.475,80,38,42,0.42022312794145233,247.27653686400004,143.3652170764801,4009,0.020560267283474685,0.025,3811,24,24,1000.2,0.00791322608824067,0,3002577,8.61718292352,-48.01759999999991,-56.63478292351991,12.868562333
0.0008,0.55,0.05,0.97,-55.52741795551978,0.46987951807228917,83,39,44,0.41574488272642346,247.27653686400004,144.47258204448022,4044,0.021222193812324215,0.03614457831325301,3828,23,23,1000.156626506024,0.008612905004637655,0,3002577,8.67981795552,-46.84759999999978,-55.52741795551978,13.031380875
0.0008,0.55,0.05,0.975,-53.86352283551989,0.4805194805194805,77,37,40,0.41636600048368394,247.27653686400004,146.1364771644801,4213,0.018447532343076185,0.025974025974025976,4097,29,29,1000.1298701298701,0.008852856454966132,0,3002577,7.875922835520001,-45.98759999999989,-53.86352283551989,12.971904459
0.0008,0.55,0.05,0.98,-53.86352283551989,0.4805194805194805,77,37,40,0.41636600048368394,247.27653686400004,146.1364771644801,4241,0.01832460732984293,0.025974025974025976,4125,29,29,1000.1298701298701,0.008852856454966132,0,3002577,7.875922835520001,-45.98759999999989,-53.86352283551989,13.163063417
0.0008,0.55,0.05,0.985,-59.06590127551979,0.51,100,51,49,0.43876574389687734,251.11456970400005,140.9340987244802,4536,0.022237046920169,0.03,4397,48,48,1000.14,0.007439595770746947,0,3002577,10.100301275519994,-48.965599999999796,-59.06590127551979,13.102095834
0.0008,0.55,0.075,0.965,27084.926750964234,0.6202321724709784,603,374,229,0.4323332482021806,32182.308918765033,27284.926750964234,3995,0.17442869540063638,0.43283582089552236,2854,63,63,1000.0729684908789,0.008604012893130215,0,3002577,1403.5709490357608,28488.497699999996,27084.926750964234,13.276552708
0.0008,0.55,0.075,0.97,27034.194770764232,0.6279863481228669,586,368,218,0.4364727197188506,32131.19744555703,27234.194770764232,4026,0.1678602119736465,0.44197952218430037,2905,67,67,1000.0580204778157,0.00856742756186018,0,3002577,1398.062929235761,28432.257699999995,27034.194770764232,13.206966625
0.0008,0.55,0.075,0.975,-82.55345158151992,0.4090909090909091,66,27,39,0.5195703309681243,244.46148102208008,117.44654841848008,4215,0.11,0.06060606060606061,534,30,30,1000.2121212121212,0.01391010761157644,0,3002577,8.502351581519997,-74.05109999999992,-82.55345158151992,12.92268225
0.0008,0.55,0.075,0.98,-82.55345158151992,0.4090909090909091,66,27,39,0.5195703309681243,244.46148102208008,117.44654841848008,4243,0.10963455149501661,0.06060606060606061,536,30,30,1000.2121212121212,0.01391010761157644,0,3002577,8.502351581519997,-74.05109999999992,-82.55345158151992,13.088959834
0.0008,0.55,0.075,0.985,-84.47578713440011,0.43478260869565216,69,30,39,0.5023505626635145,232.13974375999996,115.52421286559989,4543,0.06831683168316832,0.043478260869565216,941,44,44,1000.2173913043479,0.010744821868774823,0,3002577,8.759787134399996,-75.71600000000011,-84.47578713440011,13.186830125
0.0008,0.55,0.1,0.965,-74.0229193463198,0.4675324675324675,154,72,82,0.458034424317652,232.44480148960008,125.9770806536802,4004,0.04235423542354235,0.07792207792207792,3482,72,72,1000.2597402597403,0.007430950854816322,0,3002577,20.774619346320005,-53.24829999999979,-74.0229193463198,13.12585675
0.0008,0.55,0.1,0.97,-81.97650941775987,0.4728682170542636,129,61,68,0.40988254708879934,200,118.02349058224013,4035,0.03514986376021798,0.07751937984496124,3541,75,75,1000.2945736434109,0.006805227555990503,0,3002577,17.189309417760004,-64.78719999999987,-81.97650941775987,13.210701917
0.0008,0.55,0.1,0.975,-103.20855908479994,0.37254901960784315,51,19,32,0.5160427954239997,200,96.79144091520006,4214,0.12289156626506025,0.09803921568627451,364,26,26,1000.1176470588235,0.012384027269344792,0,3002577,7.172359084799997,-96.03619999999995,-103.20855908479994,13.241169583
0.0008,0.55,0.1,0.98,-103.20855908479994,0.37254901960784315,51,19,32,0.5160427954239997,200,96.79144091520006,4242,0.1223021582733813,0.09803921568627451,366,26,26,1000.1176470588235,0.012384027269344792,0,3002577,7.172359084799997,-96.03619999999995,-103.20855908479994,13.043207375
0.0008,0.55,0.1,0.985,-82.77444108927992,0.4444444444444444,72,32,40,0.5196163189525245,244.02485666272014,117.22555891072008,4549,0.18090452261306533,0.09722222222222222,326,38,38,1000.2083333333334,0.01263730880272907,0,3002577,11.417841089280003,-71.35659999999991,-82.77444108927992,13.299503375
0.0008,0.55,0.125,0.965,-91.68215347983991,0.4496124031007752,129,58,71,0.48145487839014217,208.8879868040801,108.31784652016009,4010,0.03544929925803792,0.10852713178294573,3510,77,77,1000.2635658914729,0.006040690375203626,0,3002577,19.564753479839993,-72.11739999999992,-91.68215347983991,13.279981166
0.0008,0.55,0.125,0.97,-85.41064857031995,0.45528455284552843,123,56,67,0.42705324285159973,200,114.58935142968005,4042,0.033884297520661154,0.08943089430894309,3507,75,75,1000.3414634146342,0.005889331086714242,0,3002577,19.09154857032,-66.31909999999995,-85.41064857031995,12.741975374999999
0.0008,0.55,0.125,0.975,-106.40326414279991,0.35714285714285715,42,15,27,0.5320163207139995,200,93.59673585720009,4216,0.12574850299401197,0.14285714285714285,292,22,22,1000.0952380952381,0.013152875395187207,0,3002577,6.495564142799998,-99.90769999999992,-106.40326414279991,12.956380791
0.0008,0.55,0.125,0.98,-106.40326414279991,0.35714285714285715,42,15,27,0.5320163207139995,200,93.59673585720009,4244,0.125,0.14285714285714285,294,22,22,1000.0952380952381,0.013152875395187207,0,3002577,6.495564142799998,-99.90769999999992,-106.40326414279991,12.919633666
0.0008,0.55,0.125,0.985,-25.723784511199966,0.5066666666666667,75,38,37,0.5072829727697444,353.7044710398401,174.27621548880003,4548,0.2631578947368421,0.17333333333333334,210,29,29,1000.1866666666666,0.014963990458031666,0,3002577,17.762184511199997,-7.961599999999969,-25.723784511199966,12.932199125
0.0008,0.6,0.03,0.965,35464.75047914702,0.6243868255080589,1427,891,536,0.23174228163746127,39024.4186822085,35664.75047914702,4674,0.3562156764852721,0.2613875262789068,2579,40,40,1000.1534688156972,0.015344913955231604,0,3002577,2300.3059208529594,37765.05639999998,35464.75047914702,13.885135459
0.0008,0.6,0.03,0.97,35434.09121287295,0.6163084702907712,1582,975,607,0.2737759863111874,38993.75941593443,35634.09121287295,4688,0.3979874213836478,0.23893805309734514,2393,43,43,1000.1498103666245,0.015359285373312251,0,3002577,2317.5313871270387,37751.62259999999,35434.09121287295,14.155797875
0.0008,0.6,0.03,0.975,34291.36051928062,0.6292134831460674,1424,896,528,0.22825976718907365,37851.028722342104,34491.36051928062,4872,0.3394517282479142,0.2542134831460674,2771,51,51,1000.1446629213483,0.015455466762661315,0,3002577,2235.89548071936,36527.25599999998,34291.36051928062,13.884273375
0.0008,0.6,0.03,0.98,267.7801958878411,0.5815485996705108,607,353,254,0.22825976718907365,481.61232420784114,467.7801958878411,4724,0.13408438259332892,0.03459637561779242,3920,42,42,1000.2504118616145,0.01959308741977584,0,3002577,70.71420411215996,338.49440000000106,267.7801958878411,13.713034708
0.0008,0.6,0.03,0.985,13.253663685440046,0.59375,32,19,13,0.13497139766496333,246.52787562144005,213.25366368544005,5294,0.006069802731411229,0.0625,5240,2,2,1000.09375,0.02536459737070643,0,3002577,3.1841363145600003,16.437800000000045,13.253663685440046,13.515437708
0.0008,0.6,0.05,0.965,49.67289470000023,0.5675675675675675,259,147,112,0.27671034048332016,295.87290529280006,249.67289470000023,4748,0.05952654562169616,0.03474903474903475,4092,58,58,1000.2934362934363,0.014261284475518247,0,3002577,30.646905299999997,80.31980000000023,49.67289470000023,13.687613625000001
0.0008,0.6,0.05,0.97,43000.22948453556,0.6155315085932527,1571,967,604,0.2526801489889146,46559.89768759704,43200.22948453556,4695,0.40282051282051284,0.3029917250159134,2329,73,73,1000.1572246976448,0.015006053638621803,0,3002577,2742.6451154644787,45742.87460000004,43000.22948453556,14.413381833
0.0008,0.6,0.05,0.975,-57.79400531520005,0.5144927536231884,138,71,67,0.4908586915188165,279.30555292992005,142.20599468479995,4946,0.028284484525517524,0.036231884057971016,4741,42,42,1000.1884057971015,0.01657693402402231,0,3002577,16.4378053152,-41.35620000000006,-57.79400531520005,13.573936125
0.0008,0.6,0.05,0.98,-57.79400531520005,0.5144927536231884,138,71,67,0.4908586915188165,279.30555292992005,142.20599468479995,4974,0.028123089464030977,0.036231884057971016,4769,42,42,1000.1884057971015,0.01657693402402231,0,3002577,16.4378053152,-41.35620000000006,-57.79400531520005,13.683426125
0.0008,0.6,0.05,0.985,-54.108342431679944,0.55,160,88,72,0.4706635446682888,275.61233710400006,145.89165756832006,5280,0.030663089306247605,0.03125,5058,62,62,1000.2,0.013693983766146202,0,3002577,17.55174243168,-36.556599999999946,-54.108342431679944,13.630344917
0.0008,0.6,0.075,0.965,-45.24857415215976,0.5159235668789809,157,81,76,0.4113135202412323,253.9563516204801,154.75142584784024,4750,0.03600091722082091,0.03184713375796178,4204,60,60,1000.1592356687898,0.010666235907279033,0,3002577,19.103574152159993,-26.14499999999977,-45.24857415215976,13.63990225
0.0008,0.6,0.075,0.97,-50.19151195527985,0.5094339622641509,159,81,78,0.4259657489963681,260.6947801164801,149.80848804472015,4786,0.03604624801632283,0.0440251572327044,4252,68,68,1000.2264150943396,0.011934539770964798,0,3002577,20.08041195528001,-30.11109999999984,-50.19151195527985,13.536813708
0.0008,0.6,0.075,0.975,-56.13306457839985,0.5263157894736842,114,60,54,0.41906463765381885,209.15816964448004,143.86693542160015,4953,0.02431740614334471,0.03508771929824561,4574,76,76,1000.0701754385965,0.007283901439708643,0,3002577,12.95486457840001,-43.17819999999985,-56.13306457839985,13.506970708
0.0008,0.6,0.075,0.98,-56.33805867439986,0.5258620689655172,116,61,55,0.41906463765381885,209.15816964448004,143.66194132560014,4981,0.024597116200169637,0.034482758620689655,4600,78,78,1000.0689655172414,0.0071566352632020346,0,3002577,13.179858674400009,-43.15819999999985,-56.33805867439986,13.233894292
0.0008,0.6,0.075,0.985,-22.55925841736004,0.5137614678899083,109,56,53,0.5134763311158894,364.7114270712,177.44074158263996,5281,0.20260223048327136,0.11009174311926606,429,42,42,1000.1926605504588,0.012570969150752372,0,3002577,17.864358417359995,-4.694900000000047,-22.55925841736004,13.349101542
0.0008,0.6,0.1,0.965,-73.60766298696011,0.503448275862069,145,73,72,0.40817091305590786,213.56222565143997,126.39233701303989,4748,0.03333333333333333,0.06206896551724138,4205,67,67,1000.2827586206896,0.010768454092495447,0,3002577,19.735162986959995,-53.872500000000116,-73.60766298696011,13.549965042
0.0008,0.6,0.1,0.97,-79.78787179056005,0.4925373134328358,134,66,68,0.39893935895280025,200,120.21212820943995,4790,0.03029617906398372,0.06716417910447761,4289,76,76,1000.2537313432836,0.010617025562417394,0,3002577,17.646471790559996,-62.14140000000005,-79.78787179056005,13.265219167
0.0008,0.6,0.1,0.975,-100.25362351136006,0.3877551020408163,49,19,30,0.5012681175568003,200,99.74637648863994,4952,0.1022964509394572,0.08163265306122448,430,24,24,1000.0612244897959,0.014657160274589836,0,3002577,6.770423511359998,-93.48320000000007,-100.25362351136006,13.045036375
0.0008,0.6,0.1,0.98,-100.25362351136006,0.3877551020408163,49,19,30,0.5012681175568003,200,99.74637648863994,4980,0.10187110187110188,0.08163265306122448,432,24,24,1000.0612244897959,0.014657160274589836,0,3002577,6.770423511359998,-93.48320000000007,-100.25362351136006,13.214740417
0.0008,0.6,0.1,0.985,-100.70226397535991,0.4264705882352941,68,29,39,0.5107896060435833,202.97552392864006,99.29773602464009,5282,0.12927756653992395,0.07352941176470588,458,38,38,1000.1176470588235,0.010667423611174696,0,3002577,9.59106397536,-91.11119999999991,-100.70226397535991,13.357500208
0.0008,0.6,0.125,0.965,-100.04755206007997,0.34375,32,11,21,0.5002377603003998,200,99.95244793992003,4760,0.07111111111111111,0.1875,418,12,12,999.9375,0.018593182962615685,0,3002577,5.134252060079999,-94.91329999999996,-100.04755206007997,12.9518455
0.0008,0.6,0.125,0.97,-106.37319851607997,0.3333333333333333,33,11,22,0.5318659925803998,200,93.62680148392003,4792,0.07300884955752213,0.18181818181818182,419,13,13,999.939393939394,0.01824470532108841,0,3002577,5.22989851608,-101.14329999999997,-106.37319851607997,13.233471166
0.0008,0.6,0.125,0.975,-106.71094492247997,0.35135135135135137,37,13,24,0.5335547246123998,200,93.28905507752003,4956,0.12937062937062938,0.1891891891891892,249,17,17,999.9459459459459,0.013439576648773582,0,3002577,5.82964492248,-100.88129999999997,-106.71094492247997,13.24434625
0.0008,0.6,0.125,0.98,-106.71094492247997,0.35135135135135137,37,13,24,0.5335547246123998,200,93.28905507752003,4984,0.12937062937062938,0.1891891891891892,249,17,17,999.9459459459459,0.013439576648773582,0,3002577,5.82964492248,-100.88129999999997,-106.71094492247997,13.140799625
0.0008,0.6,0.125,0.985,-104.52472819775993,0.41935483870967744,62,26,36,0.5226236409887997,200,95.47527180224007,5284,0.14588235294117646,0.1774193548387097,363,36,36,1000.1290322580645,0.010195963882851227,0,3002577,9.94552819776,-94.57919999999993,-104.52472819775993,13.294362083
0.0008,0.65,0.03,0.965,13.426933895999952,0.6538461538461539,26,17,9,0.08044416491759096,232.09785175999997,213.42693389599995,5477,0.006656426011264721,0,3880,0,0,1000.2692307692307,0.031164458830346246,0,3002577,2.5030661039999997,15.929999999999952,13.426933895999952,13.261294417
0.0008,0.65,0.03,0.97,13.426933895999952,0.6538461538461539,26,17,9,0.08044416491759096,232.09785175999997,213.42693389599995,5509,0.006602336211274758,0,3912,0,0,1000.2692307692307,0.031164458830346246,0,3002577,2.5030661039999997,15.929999999999952,13.426933895999952,13.059242334
0.0008,0.65,0.03,0.975,13.426933895999952,0.6538461538461539,26,17,9,0.08044416491759096,232.09785175999997,213.42693389599995,5677,0.0063321967851924016,0,4080,0,0,1000.2692307692307,0.031164458830346246,0,3002577,2.5030661039999997,15.929999999999952,13.426933895999952,13.105980458
0.0008,0.65,0.03,0.98,13.426933895999952,0.6538461538461539,26,17,9,0.08044416491759096,232.09785175999997,213.42693389599995,5705,0.006289308176100629,0,4108,0,0,1000.2692307692307,0.031164458830346246,0,3002577,2.5030661039999997,15.929999999999952,13.426933895999952,13.045179834
0.0008,0.65,0.03,0.985,13.426933895999952,0.6538461538461539,26,17,9,0.08044416491759096,232.09785175999997,213.42693389599995,6009,0.005858494817485353,0,4412,0,0,1000.2692307692307,0.031164458830346246,0,3002577,2.5030661039999997,15.929999999999952,13.426933895999952,13.319130208
0.0008,0.65,0.05,0.965,31797.54214180711,0.6341789052069426,1498,950,548,0.26943887192307314,35154.736717770254,31997.54214180711,5367,0.3338533541341654,0.2616822429906542,2989,69,69,1000.1468624833111,0.019902465824037114,0,3002577,2242.502558192881,34040.04469999999,31797.54214180711,14.064628875
0.0008,0.65,0.05,0.97,31053.480811551286,0.6295319709953856,1517,955,562,0.35222700438881055,34419.022387514415,31253.480811551286,5376,0.3593083846518238,0.24192485168094924,2705,74,74,1000.1463414634146,0.02001513293120612,0,3002577,2196.506288448721,33249.987100000006,31053.480811551286,14.035650792
0.0008,0.65,0.05,0.975,85.94098857816033,0.6043613707165109,321,194,127,0.37134421968006215,303.2831923043203,285.94098857816033,5652,0.0853950518754988,0.040498442367601244,3438,80,80,1000.2928348909658,0.016812581043361943,0,3002577,38.11831142184001,124.05930000000035,85.94098857816033,13.658883542
0.0008,0.65,0.05,0.98,169.18125974320083,0.6073903002309469,433,263,170,0.37134421968006215,423.2187299666404,369.1812597432008,5672,0.08622062923138192,0.04157043879907621,4589,84,84,1000.2840646651271,0.015722494630506578,0,3002577,54.63294025679996,223.8142000000008,169.18125974320083,13.672242417
0.0008,0.65,0.05,0.985,-49.822048194879926,0.5671641791044776,134,76,58,0.40777643816422376,253.5832099276801,150.17795180512007,5990,0.022913816689466484,0.03731343283582089,5714,61,61,1000.2388059701492,0.01387165031171449,0,3002577,13.690248194879992,-36.131799999999934,-49.822048194879926,13.259015708
0.0008,0.65,0.075,0.965,-34.698337783920095,0.5441176470588235,136,74,62,0.190953050325556,204.31652610839998,165.3016622160799,5466,0.026619690741828145,0.03676470588235294,4973,60,60,1000.2426470588235,0.013474517906336088,0,3002577,15.930637783919998,-18.767700000000097,-34.698337783920095,13.3261895
0.0008,0.65,0.075,0.97,-35.742622111920014,0.5413533834586466,133,72,61,0.26453959529799975,214.67659114792002,164.25737788808,5500,0.025825242718446603,0.03759398496240601,5017,65,65,1000.2330827067669,0.010547545714701456,0,3002577,15.264922111919994,-20.47770000000002,-35.742622111920014,13.298180667
0.0008,0.65,0.075,0.975,-69.91938738648,0.5360824742268041,97,52,45,0.44953496053,200,130.08061261352,5441,0.017982944011865034,0.030927835051546393,5297,66,66,1000.2680412371134,0.0073251781494191506,0,3002577,10.493287386479999,-59.4261,-69.91938738648,13.294393458
0.0008,0.65,0.075,0.98,-66.18307275448001,0.5408163265306123,98,53,45,0.44953496053,200,133.81692724552,5469,0.01806118687799484,0.030612244897959183,5328,67,67,1000.265306122449,0.007227021377332706,0,3002577,10.646972754479997,-55.53610000000001,-66.18307275448001,13.322952458
0.0008,0.65,0.075,0.985,-100.17131875400003,0.5104166666666666,96,49,47,0.5242053710317846,209.81464515999997,99.82868124599997,5998,0.027785817655571636,0.03125,3359,68,68,1000.28125,0.00828894445048375,0,3002577,10.569818754,-89.60150000000003,-100.17131875400003,13.199553084
0.0008,0.65,0.1,0.965,-80.62913923991994,0.4772727272727273,88,42,46,0.40314569619959967,200,119.37086076008006,5474,0.01723800195886386,0.045454545454545456,5017,59,59,1000.3181818181819,0.00656707317073171,0,3002577,11.67383923992,-68.95529999999994,-80.62913923991994,13.144597125
0.0008,0.65,0.1,0.97,-61.399168509919946,0.5045871559633027,109,55,54,0.37697110636799996,200,138.60083149008005,5507,0.021189735614307932,0.045871559633027525,5035,73,73,1000.1651376146789,0.006416698620215338,0,3002577,14.424968509920001,-46.974199999999946,-61.399168509919946,13.112567875
0.0008,0.65,0.1,0.975,-103.46368779200004,0.37777777777777777,45,17,28,0.5173184389600002,200,96.53631220799996,5668,0.07705479452054795,0.044444444444444446,539,25,25,1000.2,0.010039097744360903,0,3002577,6.153687791999999,-97.31000000000004,-103.46368779200004,13.0880685
0.0008,0.65,0.1,0.98,-103.46368779200004,0.37777777777777777,45,17,28,0.5173184389600002,200,96.53631220799996,5696,0.07679180887372014,0.044444444444444446,541,25,25,1000.2,0.010039097744360903,0,3002577,6.153687791999999,-97.31000000000004,-103.46368779200004,12.729262833
0.0008,0.65,0.1,0.985,-100.77105635967999,0.44776119402985076,67,30,37,0.5038552817983999,200,99.22894364032001,5996,0.10618066561014262,0.07462686567164178,564,39,39,1000.2089552238806,0.009774262899262899,0,3002577,9.476456359679998,-91.29459999999999,-100.77105635967999,13.186864458
0.0008,0.65,0.125,0.965,-97.50748417008003,0.45918367346938777,98,45,53,0.4875374208504002,200,102.49251582991997,5473,0.019148104728409537,0.08163265306122448,5020,72,72,1000.1836734693877,0.004865479617585388,0,3002577,14.348684170080002,-83.15880000000003,-97.50748417008003,13.069015833
0.0008,0.65,0.125,0.97,-100.29663238408007,0.4230769230769231,52,22,30,0.5014831619204003,200,99.70336761591993,5507,0.034597471723220224,0.07692307692307693,1451,30,30,1000.3269230769231,0.009383782301734188,0,3002577,7.968532384079997,-92.32810000000008,-100.29663238408007,12.97663725
0.0008,0.65,0.125,0.975,-103.08870170688006,0.3953488372093023,43,17,26,0.5154435085344002,200,96.91129829311994,5668,0.08531746031746032,0.09302325581395349,461,23,23,1000.1860465116279,0.010759899920093272,0,3002577,6.998101706879997,-96.09060000000007,-103.08870170688006,13.211688917
0.0008,0.65,0.125,0.98,-103.08870170688006,0.3953488372093023,43,17,26,0.5154435085344002,200,96.91129829311994,5696,0.08498023715415019,0.09302325581395349,463,23,23,1000.1860465116279,0.010759899920093272,0,3002577,6.998101706879997,-96.09060000000007,-103.08870170688006,13.319256333
0.0008,0.65,0.125,0.985,-100.93051301384007,0.45,60,27,33,0.5046525650692003,200,99.06948698615993,6003,0.1056338028169014,0.13333333333333333,508,38,38,1000.2166666666667,0.009210789938619022,0,3002577,9.88541301384,-91.04510000000008,-100.93051301384007,13.349570333
0.0008,0.7,0.03,0.965,12004.539410560312,0.6781115879828327,1165,790,375,0.15619609581260915,14360.127187332395,12204.539410560312,6201,0.21274653031409788,0.14849785407725322,4311,16,16,1000.0575107296137,0.02685146648026814,0,3002577,1167.2161894396797,13171.755599999991,12004.539410560312,14.136798667
0.0008,0.7,0.03,0.97,12004.539410560312,0.6781115879828327,1165,790,375,0.15619609581260915,14360.127187332395,12204.539410560312,6233,0.21151053013798113,0.14849785407725322,4343,16,16,1000.0575107296137,0.02685146648026814,0,3002577,1167.2161894396797,13171.755599999991,12004.539410560312,14.383352833
0.0008,0.7,0.03,0.975,12004.64507669631,0.6778063410454156,1167,791,376,0.15620537071108143,14360.232853468393,12204.64507669631,6401,0.20560253699788583,0.14824335904027422,4509,17,17,1000.0591259640103,0.026852171257236913,0,3002577,1167.5405233036797,13172.18559999999,12004.64507669631,14.539853791
0.0008,0.7,0.03,0.98,12004.64507669631,0.6778063410454156,1167,791,376,0.15620537071108143,14360.232853468393,12204.64507669631,6429,0.20459326788218793,0.14824335904027422,4537,17,17,1000.0591259640103,0.026852171257236913,0,3002577,1167.5405233036797,13172.18559999999,12004.64507669631,14.4435195
0.0008,0.7,0.03,0.985,11286.092536290154,0.676949443016281,1167,790,377,0.17587162480317103,13831.707250586722,11486.092536290154,6725,0.19453242207034505,0.1456726649528706,4832,24,24,1000.0599828620394,0.0267466545583598,0,3002577,1128.549563709839,12414.642099999994,11286.092536290154,14.557406125
0.0008,0.7,0.05,0.965,26822.95991194074,0.6616915422885572,1608,1064,544,0.189755647704798,29888.33627988593,27022.95991194074,6172,0.30881505665450354,0.2555970149253731,3599,66,66,1000.1374378109452,0.025936703925342777,0,3002577,2329.396788059278,29152.35670000002,26822.95991194074,14.69846775
0.0008,0.7,0.05,0.97,19153.58441690057,0.6612654320987654,1296,857,439,0.19571806064865485,22137.98846652768,19353.58441690057,6216,0.242152466367713,0.21064814814814814,4056,70,70,1000.079475308642,0.027394074923012827,0,3002577,1741.4450830994385,20895.029500000008,19153.58441690057,14.569049958
0.0008,0.7,0.05,0.975,80.09862868008008,0.6182965299684543,317,196,121,0.4460410468735795,325.61487482968005,280.0986286800801,6460,0.05266655590629673,0.04100946372239748,5702,84,84,1000.2397476340694,0.015636722409527678,0,3002577,37.94267131991998,118.04130000000006,80.09862868008008,14.055963792
0.0008,0.7,0.05,0.98,104.79498104464005,0.6219839142091153,373,232,141,0.4460410468735795,325.61487482968005,304.79498104464005,6487,0.06182662025526272,0.045576407506702415,5660,85,85,1000.2815013404826,0.01559051629540764,0,3002577,45.110618955359975,149.90560000000002,104.79498104464005,13.817324708
0.0008,0.7,0.05,0.985,-45.06973491223985,0.601063829787234,188,113,75,0.47414768844819927,294.62695453512,154.93026508776015,6791,0.02836023532961231,0.031914893617021274,6441,80,80,1000.2712765957447,0.015453756617690474,0,3002577,20.158434912239994,-24.91129999999986,-45.06973491223985,13.837355208
0.0008,0.7,0.075,0.965,6579.301118148804,0.648,625,405,220,0.3604413184516707,8258.390578404402,6779.301118148804,6251,0.11030709495234733,0.1952,5041,60,60,1000.0464,0.028888536684439647,0,3002577,709.5674818511998,7288.868600000003,6579.301118148804,13.821444708
0.0008,0.7,0.075,0.97,8.740900673840116,0.5759162303664922,191,110,81,0.3408269986413879,273.6130223994401,208.74090067384012,6301,0.03232904536222072,0.05759162303664921,5717,74,74,1000.1832460732984,0.014859106269899735,0,3002577,23.928399326159994,32.669300000000106,8.740900673840116,13.625592125
0.0008,0.7,0.075,0.975,-36.59249254927991,0.5819672131147541,122,71,51,0.47931395739440147,216.56419783200002,163.4075074507201,6472,0.019902120717781403,0.040983606557377046,6008,79,79,1000.2049180327868,0.008323592903069457,0,3002577,14.029892549280005,-22.562599999999904,-36.59249254927991,13.451739167
0.0008,0.7,0.075,0.98,-54.862727645279875,0.5630252100840336,119,67,52,0.47931395739440147,216.56419783200002,145.13727235472012,6500,0.01934330299089727,0.04201680672268908,6033,79,79,1000.2100840336135,0.007963754125773577,0,3002577,13.69012764528,-41.172599999999875,-54.862727645279875,13.513532167
0.0008,0.7,0.075,0.985,-75.1753612876801,0.5154639175257731,97,50,47,0.5498535996563357,277.2978715747199,124.8246387123199,6796,0.11644657863145258,0.061855670103092786,736,48,48,1000.2886597938144,0.010240408728274607,0,3002577,14.002961287680007,-61.172400000000096,-75.1753612876801,13.448695083
0.0008,0.7,0.1,0.965,0.9800511328798507,0.56353591160221,181,102,79,0.29202500961850764,224.76246619687984,200.98005113287985,6265,0.030724834493294856,0.06077348066298342,5710,76,76,1000.1988950276243,0.010570613822900234,0,3002577,26.30884886711999,27.288899999999842,0.9800511328798507,13.539807625
0.0008,0.7,0.1,0.97,-51.774190190560006,0.5338345864661654,133,71,62,0.3201830141672808,206.00810528527998,148.22580980944,6309,0.02237926972909305,0.05263157894736842,5810,79,79,1000.1954887218045,0.007469741772021563,0,3002577,17.90079019055999,-33.87340000000002,-51.774190190560006,13.228618084
0.0008,0.7,0.1,0.975,-99.14785609439998,0.4827586206896552,58,28,30,0.5120900132517513,206.702356264,100.85214390560002,6469,0.08180535966149506,0.05172413793103448,651,26,26,1000.2413793103449,0.014188113344126917,0,3002577,8.235856094399997,-90.91199999999999,-99.14785609439998,13.607459417
0.0008,0.7,0.1,0.98,-99.14785609439998,0.4827586206896552,58,28,30,0.5120900132517513,206.702356264,100.85214390560002,6497,0.08157524613220815,0.05172413793103448,653,26,26,1000.2413793103449,0.014188113344126917,0,3002577,8.235856094399997,-90.91199999999999,-99.14785609439998,13.400770416
0.0008,0.7,0.1,0.985,-92.72326659367988,0.47058823529411764,68,32,36,0.5068867020335424,217.5498690640001,107.27673340632012,6802,0.08877284595300261,0.08823529411764706,698,41,41,1000.2352941176471,0.010089337175792506,0,3002577,10.04336659368,-82.67989999999988,-92.72326659367988,13.341939084
0.0008,0.7,0.125,0.965,-84.34776833616007,0.5047619047619047,105,53,52,0.429399929238747,202.68527395999996,115.65223166383993,6278,0.017823799015447294,0.08571428571428572,5786,70,70,1000.3333333333334,0.007453254643824186,0,3002577,16.520768336159993,-67.82700000000008,-84.34776833616007,13.251961667
0.0008,0.7,0.125,0.97,-84.69848653888002,0.5083333333333333,120,61,59,0.43113028781817275,202.68527395999996,115.30151346111998,6308,0.020242914979757085,0.11666666666666667,5808,78,78,1000.2833333333333,0.007701335426815209,0,3002577,18.73168653888,-65.96680000000002,-84.69848653888002,13.270946791
0.0008,0.7,0.125,0.975,-103.48107571872006,0.47058823529411764,51,24,27,0.5237990289303011,202.68527395999996,96.51892428127994,6476,0.07183098591549296,0.13725490196078433,659,25,25,1000.2745098039215,0.014961728186862807,0,3002577,8.421275718719997,-95.05980000000007,-103.48107571872006,13.239794333
0.0008,0.7,0.125,0.98,-103.48107571872006,0.47058823529411764,51,24,27,0.5237990289303011,202.68527395999996,96.51892428127994,6504,0.07162921348314606,0.13725490196078433,661,25,25,1000.2745098039215,0.014961728186862807,0,3002577,8.421275718719997,-95.05980000000007,-103.48107571872006,13.253892
0.0008,0.7,0.125,0.985,-84.33022382952005,0.5205479452054794,73,38,35,0.5133468746997323,237.68423576671995,115.66977617047995,6805,0.11967213114754098,0.1506849315068493,537,39,39,1000.2191780821918,0.017068723139334052,0,3002577,13.396123829519997,-70.93410000000006,-84.33022382952005,13.291696292
0.001,0.5,0.03,0.965,1555.0403540824004,0.5947521865889213,343,204,139,0.3428816774595657,2393.156508503521,1755.0403540824004,1810,0.19838056680161945,0.08454810495626822,1386,11,11,1000.1749271137027,0.011601766149453269,0,3002577,102.2350459176,1657.2754000000004,1555.0403540824004,12.803454208
0.001,0.5,0.03,0.97,1555.0403540824004,0.5947521865889213,343,204,139,0.3428816774595657,2393.156508503521,1755.0403540824004,1842,0.1947756956274844,0.08454810495626822,1418,11,11,1000.1749271137027,0.011601766149453269,0,3002577,102.2350459176,1657.2754000000004,1555.0403540824004,12.935092958
0.001,0.5,0.03,0.975,1516.7944904264007,0.5925925925925926,351,208,143,0.3428816774595657,2336.40535436752,1716.7944904264007,2008,0.1829077644606566,0.08262108262108261,1568,14,14,1000.1737891737891,0.011678776114842394,0,3002577,101.1309095736,1617.9254000000008,1516.7944904264007,13.207785291
0.001,0.5,0.03,0.98,1516.7944904264007,0.5925925925925926,351,208,143,0.3428816774595657,2336.40535436752,1716.7944904264007,2036,0.1802773497688752,0.08262108262108261,1596,14,14,1000.1737891737891,0.011678776114842394,0,3002577,101.1309095736,1617.9254000000008,1516.7944904264007,13.071692625
0.001,0.5,0.03,0.985,1428.9663314756806,0.5947521865889213,343,204,139,0.33542806915277934,2268.2186463368002,1628.9663314756806,2341,0.15183709606020362,0.08163265306122448,1916,18,18,1000.1778425655976,0.01161040468814236,0,3002577,97.91346852431992,1526.8798000000006,1428.9663314756806,13.209511708
0.001,0.5,0.05,0.965,3960.8822587192008,0.5711009174311926,436,249,187,0.40406233159395555,6304.515759145281,4160.882258719201,2038,0.26666666666666666,0.1811926605504587,1199,45,45,1000.1330275229358,0.00895010853541625,0,3002577,266.11514128079995,4226.997400000001,3960.8822587192008,12.85719875
0.001,0.5,0.05,0.97,3964.4667956373596,0.5730593607305936,438,251,187,0.3923196860129486,6287.951957767441,4164.46679563736,2069,0.26322115384615385,0.17579908675799086,1226,48,48,1000.1369863013699,0.0075620311465770616,0,3002577,263.42930436264015,4227.8961,3964.4667956373596,13.130079666
0.001,0.5,0.05,0.975,2929.3796618565607,0.589041095890411,365,215,150,0.33971985192881693,4739.472587504161,3129.3796618565607,2240,0.18863049095607234,0.15616438356164383,1570,48,48,1000.1342465753424,0.007093250491689004,0,3002577,197.68503814344,3127.064700000001,2929.3796618565607,13.052431083
0.001,0.5,0.05,0.98,1764.6178832388796,0.6020408163265306,294,177,117,0.34138157051669105,2982.937912593999,1964.6178832388796,2270,0.13333333333333333,0.12244897959183673,1911,36,36,1000.1224489795918,0.0074928448491681995,0,3002577,125.63311676112,1890.2509999999995,1764.6178832388796,13.060430625
0.001,0.5,0.05,0.985,2900.4092333388808,0.5687645687645687,429,244,185,0.4210219199260571,5354.968244985922,3100.4092333388808,2564,0.19151785714285716,0.14918414918414918,1811,80,80,1000.1888111888112,0.007869925158456925,0,3002577,229.12376666111984,3129.533000000001,2900.4092333388808,13.191143375
0.001,0.5,0.075,0.965,7212.822010873519,0.5594262295081968,488,273,215,0.48143820874109544,10415.677373170318,7412.822010873519,2041,0.29865361077111385,0.29508196721311475,1146,67,67,1000.1803278688525,0.007753708108657559,0,3002577,460.95108912648,7673.7730999999985,7212.822010873519,12.978132125
0.001,0.5,0.075,0.97,4195.923347129439,0.5722070844686649,367,210,157,0.375798842945046,6847.75541993152,4395.923347129439,2075,0.21884317233154443,0.1989100817438692,1310,66,66,1000.1798365122615,0.006346097090991064,0,3002577,279.84185287056,4475.765199999999,4195.923347129439,13.019631625
0.001,0.5,0.075,0.975,5351.588763008077,0.5614406779661016,472,265,207,0.4387134730986169,8316.887153979596,5551.588763008077,2239,0.2488139167105957,0.21822033898305085,1425,93,93,1000.1843220338983,0.007851742074713257,0,3002577,355.9173369919199,5707.506099999997,5351.588763008077,12.933930125
0.001,0.5,0.075,0.98,4419.64545749088,0.56,450,252,198,0.4387134730986169,7125.708953609041,4619.64545749088,2263,0.23136246786632392,0.20444444444444446,1495,96,96,1000.1422222222222,0.0063620510863539445,0,3002577,307.63754250912024,4727.283,4419.64545749088,13.074150459
0.001,0.5,0.075,0.985,3185.92072137416,0.5583524027459954,437,244,193,0.47130553524443913,5696.68078480424,3385.92072137416,2347,0.20439663236669786,0.15331807780320367,1701,131,131,1000.1899313501144,0.007723835032561027,0,3002577,247.04877862584,3432.9695,3185.92072137416,13.085750208
0.001,0.5,0.1,0.965,186.85210657816043,0.479020979020979,286,137,149,0.5001380609755298,773.9179088792806,386.85210657816043,2028,0.2393305439330544,0.13986013986013987,909,70,70,1000.2832167832167,0.011789220355512029,0,3002577,60.23939342183996,247.0915000000004,186.85210657816043,12.443581125
0.001,0.5,0.1,0.97,236.8452043254406,0.48148148148148145,297,143,154,0.5001569556915844,873.9647561363206,436.8452043254406,2064,0.24146341463414633,0.15824915824915825,933,76,76,1000.2727272727273,0.011222467372015455,0,3002577,65.91819567455998,302.76340000000056,236.8452043254406,12.803272125
0.001,0.5,0.1,0.975,-94.38313514848,0.36538461538461536,52,19,33,0.5018739823331438,212.028404672,105.61686485152,2247,0.22127659574468084,0.09615384615384616,183,24,24,1000.1153846153846,0.010748250559860261,0,3002577,7.538735148479997,-86.8444,-94.38313514848,12.759255584
0.001,0.5,0.1,0.98,-94.38313514848,0.36538461538461536,52,19,33,0.5018739823331438,212.028404672,105.61686485152,2275,0.21940928270042195,0.09615384615384616,185,24,24,1000.1153846153846,0.010748250559860261,0,3002577,7.538735148479997,-86.8444,-94.38313514848,12.659862375
0.001,0.5,0.1,0.985,-91.05741538407996,0.4166666666666667,72,30,42,0.5268561190857983,230.2525489824,108.94258461592004,2577,0.23920265780730898,0.1527777777777778,229,40,40,1000.1527777777778,0.007829421513214814,0,3002577,11.121115384079996,-79.93629999999996,-91.05741538407996,12.88079075
0.001,0.5,0.125,0.965,-10.336522001119505,0.4342105263157895,152,66,86,0.5024848594251691,381.22151977072014,189.6634779988805,2038,0.24958949096880131,0.10526315789473684,457,41,41,1000.3618421052631,0.010076181323388729,0,3002577,27.20892200111999,16.872400000000486,-10.336522001119505,12.911138334
0.001,0.5,0.125,0.97,5428.230633599198,0.569364161849711,346,197,149,0.4723945831873449,8403.490231370717,5628.230633599198,2073,0.2099514563106796,0.2947976878612717,1302,76,76,1000.135838150289,0.007005693494619154,0,3002577,363.04776640079996,5791.278399999998,5428.230633599198,12.985652208
0.001,0.5,0.125,0.975,-96.14716292951994,0.36538461538461536,52,19,33,0.5170433056401712,215.03550584,103.85283707048006,2246,0.2988505747126437,0.19230769230769232,122,24,24,1000.1538461538462,0.010100876000886163,0,3002577,8.608662929519998,-87.53849999999994,-96.14716292951994,13.154833584
0.001,0.5,0.125,0.98,-96.14716292951994,0.36538461538461536,52,19,33,0.5170433056401712,215.03550584,103.85283707048006,2274,0.2988505747126437,0.19230769230769232,122,24,24,1000.1538461538462,0.010100876000886163,0,3002577,8.608662929519998,-87.53849999999994,-96.14716292951994,13.04201425
0.001,0.5,0.125,0.985,-88.78279939248,0.4057971014492754,69,28,41,0.5060982344954126,225.18081200600002,111.21720060752,2578,0.2911392405063291,0.2028985507246377,168,40,40,1000.1739130434783,0.007615480271593786,0,3002577,11.854999392479996,-76.9278,-88.78279939248,13.328464334
0.001,0.55,0.03,0.965,-18.25943842399994,0.44,25,11,14,0.16770765901383236,218.36144900800008,181.74056157600006,2898,0.00868357068426537,0,2854,0,0,1000.6,0.00836464067495224,0,3002577,2.369438423999999,-15.88999999999994,-18.25943842399994,13.385712708
0.001,0.55,0.03,0.97,-18.25943842399994,0.44,25,11,14,0.16770765901383236,218.36144900800008,181.74056157600006,2930,0.008588114050154586,0,2886,0,0,1000.6,0.00836464067495224,0,3002577,2.369438423999999,-15.88999999999994,-18.25943842399994,13.34894775
0.001,0.55,0.03,0.975,-18.25943842399994,0.44,25,11,14,0.16770765901383236,218.36144900800008,181.74056157600006,3098,0.008119519324455992,0,3054,0,0,1000.6,0.00836464067495224,0,3002577,2.369438423999999,-15.88999999999994,-18.25943842399994,13.372212834
0.001,0.55,0.03,0.98,-18.25943842399994,0.44,25,11,14,0.16770765901383236,218.36144900800008,181.74056157600006,3126,0.00804634695848085,0,3082,0,0,1000.6,0.00836464067495224,0,3002577,2.369438423999999,-15.88999999999994,-18.25943842399994,13.486309458
0.001,0.55,0.03,0.985,-18.25943842399994,0.44,25,11,14,0.16770765901383236,218.36144900800008,181.74056157600006,3430,0.00732922896511287,0,3386,0,0,1000.6,0.00836464067495224,0,3002577,2.369438423999999,-15.88999999999994,-18.25943842399994,13.526189209
0.001,0.55,0.05,0.965,7.4044010724001055,0.5392156862745098,102,55,47,0.19441170757219106,223.32070975200003,207.4044010724001,2670,0.03888677087304613,0.049019607843137254,2521,39,39,1000.2647058823529,0.008210728667076337,0,3002577,10.589898927600002,17.99430000000011,7.4044010724001055,13.355354125
0.001,0.55,0.05,0.97,16952.344664706223,0.6708542713567839,398,267,131,0.23745599462767705,21335.429657311186,17152.344664706223,2911,0.14363045831829666,0.3341708542713568,2373,34,34,1000.0201005025126,0.007431003850163132,0,3002577,737.4295352937598,17689.77419999998,16952.344664706223,13.340037166
0.001,0.55,0.05,0.975,-14.368545859519912,0.5405405405405406,74,40,34,0.32849980190815214,223.32070975200003,185.6314541404801,3091,0.024222585924713585,0.02702702702702703,2981,29,29,1000.1756756756756,0.006876356250661591,0,3002577,7.360945859520001,-7.007599999999911,-14.368545859519912,13.386961125
0.001,0.55,0.05,0.98,-14.368545859519912,0.5405405405405406,74,40,34,0.32849980190815214,223.32070975200003,185.6314541404801,3119,0.024002594875121634,0.02702702702702703,3009,29,29,1000.1756756756756,0.006876356250661591,0,3002577,7.360945859520001,-7.007599999999911,-14.368545859519912,13.1450505
0.001,0.55,0.05,0.985,-23.625017251519807,0.5609756097560976,82,46,36,0.36510725242271996,232.692028832,176.3749827484802,3419,0.024419297200714712,0.024390243902439025,3276,37,37,1000.0853658536586,0.006299184991642345,0,3002577,8.037417251520003,-15.587599999999805,-23.625017251519807,13.309084667
0.001,0.55,0.075,0.965,-19.359366763359844,0.5092592592592593,108,55,53,0.26828126050373907,207.75386942400002,180.64063323664016,2888,0.04253643166601024,0.046296296296296294,2431,61,61,1000.2037037037037,0.004814108692653039,0,3002577,12.920366763360008,-6.438999999999837,-19.359366763359844,12.958216875
0.001,0.55,0.075,0.97,-24.875239910319806,0.5084745762711864,118,60,58,0.26096973589911215,207.75386942400002,175.1247600896802,2919,0.049372384937238493,0.03389830508474576,2272,65,65,1000.1949152542373,0.005016164504437428,0,3002577,14.121939910320005,-10.7532999999998,-24.875239910319806,13.173685375
0.001,0.55,0.075,0.975,-79.97270049800005,0.43243243243243246,74,32,42,0.5170756524309517,248.5426549856,120.02729950199995,3093,0.19270833333333334,0.08108108108108109,310,34,34,1000.3108108108108,0.007836049139763534,0,3002577,9.769200498,-70.20350000000005,-79.97270049800005,12.947357875
0.001,0.55,0.075,0.98,-79.97270049800005,0.43243243243243246,74,32,42,0.5170756524309517,248.5426549856,120.02729950199995,3121,0.19170984455958548,0.08108108108108109,312,34,34,1000.3108108108108,0.007836049139763534,0,3002577,9.769200498,-70.20350000000005,-79.97270049800005,13.079905959
0.001,0.55,0.075,0.985,-86.15327786240002,0.4567901234567901,81,37,44,0.5069542847861304,230.90500256800001,113.84672213759998,3422,0.07833655705996131,0.037037037037037035,953,54,54,1000.3086419753087,0.006145908920547373,0,3002577,9.747277862399994,-76.40600000000002,-86.15327786240002,12.93978675
0.001,0.55,0.1,0.965,-74.11442356335995,0.4634146341463415,123,57,66,0.3904673791649343,206.52803826016,125.88557643664005,2888,0.04859739233504544,0.06504065040650407,2408,70,70,1000.3577235772358,0.005888171776865601,0,3002577,18.02962356335999,-56.08479999999996,-74.11442356335995,13.031325667
0.001,0.55,0.1,0.97,-76.93371443344013,0.45901639344262296,122,56,66,0.40411826595895284,206.52803826016,123.06628556655987,2915,0.047674872997264556,0.05737704918032787,2437,77,77,1000.3196721311475,0.004718059668095737,0,3002577,17.038314433439997,-59.89540000000014,-76.93371443344013,13.189761458
0.001,0.55,0.1,0.975,-76.43013508087991,0.423728813559322,59,25,34,0.5105562880473826,252.47002239776003,123.56986491912009,3090,0.19344262295081968,0.13559322033898305,246,25,25,1000.2372881355932,0.007875301033109168,0,3002577,9.551235080879998,-66.8788999999999,-76.43013508087991,12.980990542
0.001,0.55,0.1,0.98,-76.43013508087991,0.423728813559322,59,25,34,0.5105562880473826,252.47002239776003,123.56986491912009,3118,0.19218241042345277,0.13559322033898305,248,25,25,1000.2372881355932,0.007875301033109168,0,3002577,9.551235080879998,-66.8788999999999,-76.43013508087991,13.010115791
0.001,0.55,0.1,0.985,-90.72719802055988,0.4090909090909091,66,27,39,0.5306832278523902,232.83378831616008,109.27280197944012,3426,0.18181818181818182,0.12121212121212122,297,39,39,1000.2424242424242,0.007168362684067726,0,3002577,10.402898020560002,-80.32429999999988,-90.72719802055988,13.017458208
0.001,0.55,0.125,0.965,-59.57406562904001,0.45977011494252873,174,80,94,0.5111016835522736,287.2293269309601,140.42593437096,2874,0.11291369240752758,0.09195402298850575,1367,70,70,1000.3563218390805,0.006195650551444778,0,3002577,28.956165629039976,-30.61790000000003,-59.57406562904001,12.800286083
0.001,0.55,0.125,0.97,-78.6074816182398,0.45689655172413796,116,53,63,0.4240009961852069,210.75126446016006,121.3925183817602,2917,0.04575936883629191,0.07758620689655173,2419,74,74,1000.3448275862069,0.004368590531414206,0,3002577,19.22648161824,-59.3809999999998,-78.6074816182398,12.937270875
0.001,0.55,0.125,0.975,-101.72574744455994,0.38,50,19,31,0.5283303916045797,208.35400629216005,98.27425255544006,3094,0.1694915254237288,0.16,245,25,25,1000.22,0.009205782630311486,0,3002577,8.449447444559997,-93.27629999999995,-101.72574744455994,12.885537333
0.001,0.55,0.125,0.98,-101.72574744455994,0.38,50,19,31,0.5283303916045797,208.35400629216005,98.27425255544006,3122,0.16835016835016836,0.16,247,25,25,1000.22,0.009205782630311486,0,3002577,8.449447444559997,-93.27629999999995,-101.72574744455994,13.014807833
0.001,0.55,0.125,0.985,-90.94147914056005,0.4153846153846154,65,27,38,0.5219786145794828,228.14569428416002,109.05852085943995,3426,0.2090032154340836,0.13846153846153847,246,39,39,1000.2461538461539,0.007038830374326807,0,3002577,11.757179140559998,-79.18430000000005,-90.94147914056005,13.104954583
0.001,0.6,0.03,0.965,3243.638954636085,0.6614699331848553,449,297,152,0.3516249497442234,4982.187278975923,3443.638954636085,3365,0.14066416040100252,0.066815144766147,2743,4,4,1000.0489977728286,0.012125053890765874,0,3002577,241.48214536392013,3485.1211000000053,3243.638954636085,13.233568291
0.001,0.6,0.03,0.97,3243.638954636085,0.6614699331848553,449,297,152,0.3516249497442234,4982.187278975923,3443.638954636085,3397,0.13926799007444168,0.066815144766147,2775,4,4,1000.0489977728286,0.012125053890765874,0,3002577,241.48214536392013,3485.1211000000053,3243.638954636085,13.172139916
0.001,0.6,0.03,0.975,2641.7216095332014,0.6571428571428571,420,276,144,0.38448916687216994,4101.7029557572005,2841.7216095332014,3556,0.12418687167356594,0.06190476190476191,2962,6,6,1000.0380952380953,0.012204392815736539,0,3002577,199.8786904668,2841.6003000000014,2641.7216095332014,13.512469042
0.001,0.6,0.03,0.98,2641.7216095332014,0.6571428571428571,420,276,144,0.38448916687216994,4101.7029557572005,2841.7216095332014,3584,0.12316715542521994,0.06190476190476191,2990,6,6,1000.0380952380953,0.012204392815736539,0,3002577,199.8786904668,2841.6003000000014,2641.7216095332014,13.289602291
0.001,0.6,0.03,0.985,2634.8107937645627,0.6549295774647887,426,279,147,0.4009305020054762,4138.037858068562,2834.8107937645627,3881,0.11482479784366577,0.06572769953051644,3284,10,10,1000.0422535211268,0.012158915270279624,0,3002577,201.79470623544,2836.605500000003,2634.8107937645627,13.526614708
0.001,0.6,0.05,0.965,20732.354812893675,0.68,500,340,160,0.2018211631883352,25542.34385680631,20932.354812893675,3148,0.1733102253032929,0.328,2385,50,50,1000.012,0.010740493730756426,0,3002577,1033.3242871063194,21765.679099999994,20732.354812893675,13.061130417
0.001,0.6,0.05,0.97,20654.452718677672,0.6577540106951871,561,369,192,0.34142714025273885,25459.66805712631,20854.452718677672,3173,0.1952662721893491,0.2994652406417112,2312,56,56,1000.0374331550802,0.010778824628229674,0,3002577,1038.0255813223202,21692.47829999999,20654.452718677672,13.524745083
0.001,0.6,0.05,0.975,20415.50499637879,0.6685288640595903,537,359,178,0.29324192345794664,25202.98901181943,20615.50499637879,3338,0.17069294342021615,0.3054003724394786,2609,63,63,1000.0279329608938,0.010695268419829176,0,3002577,1021.8685036211997,21437.37349999999,20415.50499637879,13.39179875
0.001,0.6,0.05,0.98,20550.087127015908,0.6685185185185185,540,361,179,0.29324192345794664,25347.278301216553,20750.087127015908,3366,0.17013232514177692,0.3055555555555556,2634,64,64,1000.0277777777778,0.010708461857130154,0,3002577,1029.0139729840796,21579.10109999999,20550.087127015908,13.343859667
0.001,0.6,0.05,0.985,-60.21354452615992,0.5333333333333333,120,64,56,0.452919409777467,255.513461768,139.78645547384008,3913,0.031055900621118012,0.03333333333333333,3744,59,59,1000.2083333333334,0.011663174773657256,0,3002577,12.537844526159992,-47.67569999999993,-60.21354452615992,13.080376458
0.001,0.6,0.075,0.965,13283.586271044882,0.6173120728929385,439,271,168,0.4007487088214297,17213.99380578376,13483.586271044882,3347,0.15572898190847817,0.255125284738041,2380,61,61,1000.0774487471526,0.010775432723576948,0,3002577,680.8504289551197,13964.436700000002,13283.586271044882,13.233121042
0.001,0.6,0.075,0.97,20567.050453608786,0.6421663442940039,517,332,185,0.36969815396148115,25365.755171753433,20767.050453608786,3383,0.18114926419060967,0.33849129593810445,2337,64,64,1000.0348162475822,0.010856784871291941,0,3002577,1063.8515463912001,21630.901999999987,20567.050453608786,13.301244166
0.001,0.6,0.075,0.975,-90.67188811399993,0.4126984126984127,63,26,37,0.5241890530552771,229.77216600000003,109.32811188600007,3588,0.16112531969309463,0.047619047619047616,328,32,32,1000.2698412698413,0.011045506053557579,0,3002577,7.598388114,-83.07349999999992,-90.67188811399993,12.652576125
0.001,0.6,0.075,0.98,-90.67188811399993,0.4126984126984127,63,26,37,0.5241890530552771,229.77216600000003,109.32811188600007,3616,0.16030534351145037,0.047619047619047616,330,32,32,1000.2698412698413,0.011045506053557579,0,3002577,7.598388114,-83.07349999999992,-90.67188811399993,12.89392075
0.001,0.6,0.075,0.985,-81.99237909351997,0.4567901234567901,81,37,44,0.5105207513123114,241.08809765248003,118.00762090648003,3919,0.1287758346581876,0.06172839506172839,548,45,45,1000.2716049382716,0.009851613354798066,0,3002577,10.223279093519997,-71.76909999999998,-81.99237909351997,12.90730175
0.001,0.6,0.1,0.965,-59.86343051887994,0.5,154,77,77,0.4916974196587585,275.6951762610401,140.13656948112006,3377,0.05123087159015303,0.07142857142857142,2852,72,72,1000.2207792207793,0.01033468858641211,0,3002577,23.277030518879993,-36.58639999999994,-59.86343051887994,12.789862625
0.001,0.6,0.1,0.97,-65.45735169935992,0.4892086330935252,139,68,71,0.4009085648048122,224.57781967256005,134.54264830064008,3415,0.04543968617195162,0.07913669064748201,2920,79,79,1000.31654676259,0.00660018410555385,0,3002577,19.882551699359993,-45.574799999999925,-65.45735169935992,12.925894917
0.001,0.6,0.1,0.975,-86.44101630151985,0.42857142857142855,56,24,32,0.5148032247954614,234.04727628416006,113.55898369848015,3586,0.15342465753424658,0.10714285714285714,309,26,26,1000.1785714285714,0.01233436584875939,0,3002577,8.523916301519996,-77.91709999999986,-86.44101630151985,13.092272417
0.001,0.6,0.1,0.98,-86.44101630151985,0.42857142857142855,56,24,32,0.5148032247954614,234.04727628416006,113.55898369848015,3614,0.15258855585831063,0.10714285714285714,311,26,26,1000.1785714285714,0.01233436584875939,0,3002577,8.523916301519996,-77.91709999999986,-86.44101630151985,13.01152925
0.001,0.6,0.1,0.985,-69.43184609607988,0.47435897435897434,78,37,41,0.5064108579802307,264.5280108262401,130.56815390392012,3920,0.2222222222222222,0.11538461538461539,273,40,40,1000.2051282051282,0.011455812247891453,0,3002577,12.54994609608,-56.88189999999988,-69.43184609607988,13.328606459
0.001,0.6,0.125,0.965,-83.92232615183983,0.48484848484848486,132,64,68,0.498006054213872,231.23321470816,116.07767384816017,3371,0.04386839481555334,0.10606060606060606,2877,76,76,1000.2727272727273,0.006241619336379555,0,3002577,21.215726151839988,-62.70659999999984,-83.92232615183983,13.270618667
0.001,0.6,0.125,0.97,-67.54967279271986,0.5060240963855421,166,84,82,0.5181705640022182,274.89048470648004,132.45032720728014,3408,0.08173313638601674,0.10240963855421686,1865,83,83,1000.2650602409639,0.009455513156429325,0,3002577,28.656972792719998,-38.89269999999986,-67.54967279271986,13.54783825
0.001,0.6,0.125,0.975,-42.837000816800014,0.5,80,40,40,0.5369092605662998,339.37841075248,157.1629991832,3586,0.22857142857142856,0.175,270,28,28,1000.3,0.01024518676184546,0,3002577,17.773600816800002,-25.063400000000012,-42.837000816800014,13.503504834
0.001,0.6,0.125,0.98,-42.837000816800014,0.5,80,40,40,0.5369092605662998,339.37841075248,157.1629991832,3614,0.22727272727272727,0.175,272,28,28,1000.3,0.01024518676184546,0,3002577,17.773600816800002,-25.063400000000012,-42.837000816800014,13.435674709
0.001,0.6,0.125,0.985,-71.103595934,0.46153846153846156,78,36,42,0.5087635123899326,262.39175492256,128.896404066,3918,0.22674418604651161,0.16666666666666666,266,41,41,1000.2051282051282,0.009861267430426389,0,3002577,14.218895934000004,-56.884699999999995,-71.103595934,13.551368333
0.001,0.65,0.03,0.965,3475.572685100239,0.6898047722342733,461,318,143,0.2474568831794833,4866.161212423439,3675.572685100239,3809,0.1269273127753304,0.0824295010845987,3171,2,2,999.9934924078091,0.018025639679511197,0,3002577,251.93441489976001,3727.5070999999994,3475.572685100239,13.793984417
0.001,0.65,0.03,0.97,3085.1549513082387,0.6879120879120879,455,313,142,0.27271134168573125,4499.6192157834375,3285.1549513082387,3840,0.12397820163487738,0.08131868131868132,3215,4,4,999.989010989011,0.017450268239384125,0,3002577,234.0121486917599,3319.1670999999988,3085.1549513082387,13.791267167
0.001,0.65,0.03,0.975,-5.770604140560039,0.59375,64,38,26,0.2794337519725248,267.91769754399996,194.22939585943996,4044,0.01593625498007968,0.015625,3952,2,2,1000.265625,0.02390982193495081,0,3002577,6.181904140559999,0.4112999999999598,-5.770604140560039,13.379660916
0.001,0.65,0.03,0.98,-5.770604140560039,0.59375,64,38,26,0.2794337519725248,267.91769754399996,194.22939585943996,4072,0.01582591493570722,0.015625,3980,2,2,1000.265625,0.02390982193495081,0,3002577,6.181904140559999,0.4112999999999598,-5.770604140560039,13.31572775
0.001,0.65,0.03,0.985,-10.524282372560037,0.59375,64,38,26,0.29994406329905304,270.65796844799996,189.47571762743996,4375,0.014719411223551058,0.015625,4284,5,5,1000.296875,0.023956853238500067,0,3002577,6.145582372559998,-4.378700000000039,-10.524282372560037,13.536194917
0.001,0.65,0.05,0.965,11827.374007803519,0.6647398843930635,519,345,174,0.21723287926022772,15263.805814234325,12027.374007803519,3591,0.18172268907563024,0.23892100192678228,2337,46,46,1000.0134874759152,0.015896949887967592,0,3002577,686.2659921964799,12513.64,11827.374007803519,13.381151
0.001,0.65,0.05,0.97,-0.9598474641600774,0.5871559633027523,109,64,45,0.2323996478446053,222.40298110399996,199.04015253583992,3654,0.03172293364377183,0.027522935779816515,3327,41,41,1000.2477064220184,0.01502668398356908,0,3002577,11.275647464159999,10.315799999999921,-0.9598474641600774,13.207487833
0.001,0.65,0.05,0.975,-33.932867424160094,0.5806451612903226,93,54,39,0.3059797008461682,226.38639571199997,166.0671325758399,4046,0.023238380809595203,0.021505376344086023,3909,42,42,1000.236559139785,0.01597126909454892,0,3002577,9.018667424159995,-24.9142000000001,-33.932867424160094,13.350060334
0.001,0.65,0.05,0.98,-14.05221760064012,0.5980392156862745,102,61,41,0.3059797008461682,226.38639571199997,185.94778239935988,3848,0.026842105263157896,0.029411764705882353,3698,51,51,1000.2549019607843,0.014360723211540999,0,3002577,9.935417600639996,-4.116800000000124,-14.05221760064012,13.173563334
0.001,0.65,0.05,0.985,-45.46442611367988,0.5668789808917197,157,89,68,0.453815506603216,280.61447128448003,154.53557388632012,4375,0.037115839243498816,0.025477707006369428,4073,79,79,1000.2866242038217,0.014762273278283673,0,3002577,16.721126113680004,-28.743299999999874,-45.46442611367988,13.27044425
0.001,0.65,0.075,0.965,16628.21599277232,0.651031894934334,533,347,186,0.23336588456984353,20671.977731592,16828.21599277232,3810,0.16254955779200975,0.28330206378986866,2746,63,63,1000.0112570356473,0.015193601278152509,0,3002577,912.6940072276802,17540.91,16628.21599277232,13.47009475
0.001,0.65,0.075,0.97,-32.206294116319924,0.5454545454545454,110,60,50,0.23018994715999966,203.83517914696006,167.79370588368008,3878,0.031073446327683617,0.045454545454545456,3430,62,62,1000.1545454545454,0.010084242556578459,0,3002577,13.02409411632,-19.182199999999924,-32.206294116319924,12.974855417
0.001,0.65,0.075,0.975,-90.64115874807995,0.45714285714285713,70,32,38,0.5281491792724219,231.76571163591998,109.35884125192005,4039,0.13133208255159476,0.05714285714285714,463,31,31,1000.2285714285714,0.010162081574679415,0,3002577,8.987058748079995,-81.65409999999994,-90.64115874807995,13.185444375
0.001,0.65,0.075,0.98,-90.64115874807995,0.45714285714285713,70,32,38,0.5281491792724219,231.76571163591998,109.35884125192005,4067,0.1308411214953271,0.05714285714285714,465,31,31,1000.2285714285714,0.010162081574679415,0,3002577,8.987058748079995,-81.65409999999994,-90.64115874807995,13.121836291
0.001,0.65,0.075,0.985,-102.14172550599989,0.5108695652173914,92,47,45,0.5178993030904138,202.98305960000008,97.85827449400011,4372,0.02936482604532397,0.043478260869565216,3041,67,67,1000.2391304347826,0.008274824473420263,0,3002577,9.880225505999997,-92.26149999999988,-102.14172550599989,13.0941105
0.001,0.65,0.1,0.965,-83.26756639832011,0.4880952380952381,84,41,43,0.4207784138980004,200,116.73243360167989,3847,0.02414486921529175,0.047619047619047616,3395,56,56,1000.2857142857143,0.0070065233148103425,0,3002577,11.184266398320002,-72.08330000000011,-83.26756639832011,13.074133917
0.001,0.65,0.1,0.97,-65.36762706831993,0.5,106,53,53,0.3913393414799999,200,134.63237293168007,3882,0.03000283045570337,0.04716981132075472,3427,72,72,1000.122641509434,0.005751799260844195,0,3002577,14.035427068319999,-51.332199999999936,-65.36762706831993,12.948271417
0.001,0.65,0.1,0.975,-102.95937350240001,0.38095238095238093,42,16,26,0.514796867512,200,97.04062649759999,4042,0.0988235294117647,0.047619047619047616,383,22,22,1000.0714285714286,0.0131485550109853,0,3002577,5.511373502399998,-97.44800000000001,-102.95937350240001,13.210234875
0.001,0.65,0.1,0.98,-102.95937350240001,0.38095238095238093,42,16,26,0.514796867512,200,97.04062649759999,4070,0.09836065573770492,0.047619047619047616,385,22,22,1000.0714285714286,0.0131485550109853,0,3002577,5.511373502399998,-97.44800000000001,-102.95937350240001,13.179249167
0.001,0.65,0.1,0.985,-104.72710627840003,0.41818181818181815,55,23,32,0.5258515959611912,200.93475568,95.27289372159997,4373,0.11316872427983539,0.05454545454545454,431,35,35,1000.1090909090909,0.009772487961856537,0,3002577,7.721106278399998,-97.00600000000003,-104.72710627840003,13.131482875
0.001,0.65,0.125,0.965,-100.05192060744002,0.43137254901960786,51,22,29,0.5002596030372001,200,99.94807939255998,3848,0.048113207547169815,0.0784313725490196,1009,29,29,1000.2745098039215,0.011546845599460367,0,3002577,7.69722060744,-92.35470000000002,-100.05192060744002,13.082330917
0.001,0.65,0.125,0.97,-101.08337317544002,0.38235294117647056,34,13,21,0.5054168658772,200,98.91662682455998,3880,0.0825242718446602,0.11764705882352941,378,14,14,1000.0294117647059,0.016565423337464566,0,3002577,5.4986731754400004,-95.58470000000001,-101.08337317544002,12.910375959
0.001,0.65,0.125,0.975,-106.75557300223997,0.3783783783783784,37,14,23,0.5337778650111998,200,93.24442699776003,4046,0.13805970149253732,0.10810810810810811,231,17,17,1000.027027027027,0.017038015281577217,0,3002577,5.83837300224,-100.91719999999997,-106.75557300223997,13.025139667
0.001,0.65,0.125,0.98,-106.75557300223997,0.3783783783783784,37,14,23,0.5337778650111998,200,93.24442699776003,4074,0.13805970149253732,0.10810810810810811,231,17,17,1000.027027027027,0.017038015281577217,0,3002577,5.83837300224,-100.91719999999997,-106.75557300223997,12.9362395
0.001,0.65,0.125,0.985,-103.43961184224,0.43636363636363634,55,24,31,0.5171980592112,200,96.56038815776,4376,0.1585014409221902,0.09090909090909091,292,35,35,1000.1636363636363,0.011640890151317373,0,3002577,8.524411842239997,-94.9152,-103.43961184224,13.377304334
0.001,0.7,0.03,0.965,2.4184048399999654,0.6818181818181818,22,15,7,0.06608608297937985,215.57829567999997,202.41840483999997,4357,0.005070292694169164,0,4317,0,0,1000.3181818181819,0.04199982194128514,0,3002577,1.89159516,4.309999999999965,2.4184048399999654,13.2248045
0.001,0.7,0.03,0.97,2.4184048399999654,0.6818181818181818,22,15,7,0.06608608297937985,215.57829567999997,202.41840483999997,4389,0.005033173186913749,0,4349,0,0,1000.3181818181819,0.04199982194128514,0,3002577,1.89159516,4.309999999999965,2.4184048399999654,13.073859792
0.001,0.7,0.03,0.975,2.4184048399999654,0.6818181818181818,22,15,7,0.06608608297937985,215.57829567999997,202.41840483999997,4557,0.004846882573254021,0,4517,0,0,1000.3181818181819,0.04199982194128514,0,3002577,1.89159516,4.309999999999965,2.4184048399999654,13.012034125
0.001,0.7,0.03,0.98,2.4184048399999654,0.6818181818181818,22,15,7,0.06608608297937985,215.57829567999997,202.41840483999997,4585,0.00481716663017298,0,4545,0,0,1000.3181818181819,0.04199982194128514,0,3002577,1.89159516,4.309999999999965,2.4184048399999654,13.100018208
0.001,0.7,0.03,0.985,2.4184048399999654,0.6818181818181818,22,15,7,0.06608608297937985,215.57829567999997,202.41840483999997,4889,0.0045165263806199955,0,4849,0,0,1000.3181818181819,0.04199982194128514,0,3002577,1.89159516,4.309999999999965,2.4184048399999654,13.123448875
0.001,0.7,0.05,0.965,2319.3800081468,0.6622641509433962,530,351,179,0.2500432491884882,3355.5605007343197,2519.3800081468,4105,0.14017455699550382,0.06981132075471698,3251,42,42,1000.0301886792453,0.02152477903454508,0,3002577,233.05769185319983,2552.4376999999995,2319.3800081468,13.272532458
0.001,0.7,0.05,0.97,5274.168291147998,0.6735042735042736,585,394,191,0.23881742695378588,7157.932398236239,5474.168291147998,4135,0.154557463672391,0.1282051282051282,3200,46,46,1000.0205128205129,0.020884251980710478,0,3002577,471.36190885199966,5745.530199999998,5274.168291147998,13.207044
0.001,0.7,0.05,0.975,36.731888984399916,0.6296296296296297,135,85,50,0.31548367079892103,260.2982980563999,236.73188898439992,4326,0.03175723359209598,0.014814814814814815,4116,47,47,1000.237037037037,0.013470425109787855,0,3002577,14.767611015599998,51.49949999999991,36.731888984399916,13.083985709
0.001,0.7,0.05,0.98,36.731888984399916,0.6296296296296297,135,85,50,0.31548367079892103,260.2982980563999,236.73188898439992,4354,0.0315494274363169,0.014814814814814815,4144,47,47,1000.237037037037,0.013470425109787855,0,3002577,14.767611015599998,51.49949999999991,36.731888984399916,13.092870083
0.001,0.7,0.05,0.985,-48.55321618760004,0.5985401459854015,137,82,55,0.41537359619161374,259.0488264399999,151.44678381239996,4876,0.02842323651452282,0.014598540145985401,4683,68,68,1000.3722627737226,0.013913305086674167,0,3002577,14.229716187599992,-34.32350000000005,-48.55321618760004,12.652758583
0.001,0.7,0.075,0.965,-27.93204806832003,0.559322033898305,118,66,52,0.18960174748,200,172.06795193167997,4354,0.029448465185924633,0.0423728813559322,3889,58,58,1000.1949152542373,0.011261808273092856,0,3002577,13.389848068319997,-14.542200000000031,-27.93204806832003,12.961741
0.001,0.7,0.075,0.97,-41.69261702391995,0.5528455284552846,123,68,55,0.26004663677799966,207.80160880736005,158.30738297608005,4388,0.030430479960415636,0.056910569105691054,3919,65,65,1000.2276422764228,0.009101015826027903,0,3002577,14.349917023919993,-27.342699999999958,-41.69261702391995,12.947798041
0.001,0.7,0.075,0.975,-13.620500570720026,0.5714285714285714,112,64,48,0.42903142716,200,186.37949942927997,4551,0.02611331312660294,0.017857142857142856,4177,74,74,1000.125,0.007655734129565279,0,3002577,12.662700570720013,-0.9578000000000131,-13.620500570720026,12.910131125
0.001,0.7,0.075,0.98,-47.000911978719955,0.5619047619047619,105,59,46,0.42903142716,200,152.99908802128004,4579,0.024305555555555556,0.01904761904761905,4215,75,75,1000.1333333333333,0.00936783939076964,0,3002577,11.583111978720009,-35.41779999999994,-47.000911978719955,13.104515959
0.001,0.7,0.075,0.985,-94.13359134600016,0.5106382978723404,94,48,46,0.5064107600176403,214.48281299199994,105.86640865399984,4882,0.0333569907735983,0.0425531914893617,2724,67,67,1000.2659574468086,0.006994404476418864,0,3002577,10.372091345999998,-83.76150000000015,-94.13359134600016,13.301234666
0.001,0.7,0.1,0.965,-81.41438174232002,0.4819277108433735,83,40,43,0.4070719087116001,200,118.58561825767998,4356,0.02080200501253133,0.03614457831325301,3907,57,57,1000.3975903614457,0.007125929557898178,0,3002577,10.971081742320003,-70.44330000000002,-81.41438174232002,13.091108959
0.001,0.7,0.1,0.97,-67.50314695856017,0.49056603773584906,106,52,54,0.3455200583200005,200,132.49685304143983,4388,0.026250619118375434,0.04716981132075472,3932,74,74,1000.2452830188679,0.005841931648233834,0,3002577,14.053746958559996,-53.44940000000017,-67.50314695856017,13.223968083
0.001,0.7,0.1,0.975,-104.7842975984001,0.38636363636363635,44,17,27,0.5239214879920006,200,95.2157024015999,4551,0.08888888888888889,0.045454545454545456,451,24,24,1000.0909090909091,0.012724623603691114,0,3002577,5.7162975984,-99.0680000000001,-104.7842975984001,13.409312290999999
0.001,0.7,0.1,0.98,-104.7842975984001,0.38636363636363635,44,17,27,0.5239214879920006,200,95.2157024015999,4579,0.08853118712273642,0.045454545454545456,453,24,24,1000.0909090909091,0.012724623603691114,0,3002577,5.7162975984,-99.0680000000001,-104.7842975984001,13.506603542
0.001,0.7,0.1,0.985,-106.41935490240014,0.41818181818181815,55,23,32,0.5323743607763339,200.11872157599998,93.58064509759986,4879,0.09769094138543517,0.03636363636363636,508,35,35,1000.3090909090909,0.01054383343658516,0,3002577,7.5333549023999975,-98.88600000000015,-106.41935490240014,13.625645125
0.001,0.7,0.125,0.965,-99.27733949935998,0.4639175257731959,97,45,52,0.4963866974967999,200,100.72266050064002,4353,0.024207636635887198,0.05154639175257732,3910,71,71,1000.1340206185567,0.00596669721779675,0,3002577,13.778339499360001,-85.49899999999998,-99.27733949935998,13.44932725
0.001,0.7,0.125,0.97,-101.94911781960002,0.43137254901960786,51,22,29,0.509745589098,200,98.05088218039998,4386,0.04096385542168675,0.0392156862745098,1194,29,29,1000.2352941176471,0.01174831950584388,0,3002577,7.513617819599998,-94.43550000000002,-101.94911781960002,13.5419785
0.001,0.7,0.125,0.975,-100.07604043040001,0.4146341463414634,41,17,24,0.5003802021520001,200,99.92395956959999,4555,0.10991957104557641,0.04878048780487805,332,21,21,1000.0975609756098,0.01418614781472339,0,3002577,6.348040430399998,-93.72800000000001,-100.07604043040001,13.615895958
0.001,0.7,0.125,0.98,-100.07604043040001,0.4146341463414634,41,17,24,0.5003802021520001,200,99.92395956959999,4583,0.10991957104557641,0.04878048780487805,332,21,21,1000.0975609756098,0.01418614781472339,0,3002577,6.348040430399998,-93.72800000000001,-100.07604043040001,13.537810917
0.001,0.7,0.125,0.985,-101.24331359839991,0.44642857142857145,56,25,31,0.5062165679919995,200,98.75668640160009,4884,0.12844036697247707,0.05357142857142857,380,36,36,1000.125,0.00989720969022236,0,3002577,8.9673135984,-92.27599999999991,-101.24331359839991,13.466552375
0.0012,0.5,0.03,0.965,469.19095691552013,0.6130952380952381,168,103,65,0.3302990866304238,755.1318480755202,669.1909569155201,1562,0.1100196463654224,0.023809523809523808,1359,0,0,1000.0952380952381,0.016472391837574905,0,3002577,26.731443084480016,495.92240000000015,469.19095691552013,13.007010708
0.0012,0.5,0.03,0.97,469.19095691552013,0.6130952380952381,168,103,65,0.3302990866304238,755.1318480755202,669.1909569155201,1594,0.1077613855035279,0.023809523809523808,1391,0,0,1000.0952380952381,0.016472391837574905,0,3002577,26.731443084480016,495.92240000000015,469.19095691552013,13.073621834
0.0012,0.5,0.03,0.975,476.5624064252803,0.6153846153846154,169,104,65,0.32548781177072206,762.2330681452803,676.5624064252803,1762,0.09785755645628257,0.029585798816568046,1558,1,1,1000.1005917159763,0.016451542501304203,0,3002577,26.971193574720015,503.5336000000003,476.5624064252803,12.968991291
0.0012,0.5,0.03,0.98,476.5624064252803,0.6153846153846154,169,104,65,0.32548781177072206,762.2330681452803,676.5624064252803,1790,0.0962962962962963,0.029585798816568046,1586,1,1,1000.1005917159763,0.016451542501304203,0,3002577,26.971193574720015,503.5336000000003,476.5624064252803,13.047501042
0.0012,0.5,0.03,0.985,546.1784260075201,0.616580310880829,193,119,74,0.28948933001399124,863.3533337697601,746.1784260075201,2095,0.09378036929057337,0.031088082901554404,1865,6,6,1000.1347150259068,0.015302580961739061,0,3002577,32.12137399248,578.2998000000001,546.1784260075201,13.014362792
0.0012,0.5,0.05,0.965,3049.8791180615203,0.5770308123249299,357,206,151,0.33521611379815847,4086.2192620927995,3249.8791180615203,1554,0.30538922155688625,0.12044817927170869,812,59,59,1000.1708683473389,0.012844403414784548,0,3002577,161.85378193847998,3211.7329000000004,3049.8791180615203,13.032556583
0.0012,0.5,0.05,0.97,392.8147768702403,0.5615763546798029,203,114,89,0.3618123754281934,762.5370048222402,592.8147768702403,1592,0.13847203274215553,0.034482758620689655,1263,37,37,1000.167487684729,0.015700509840748025,0,3002577,35.536223129759996,428.3510000000003,392.8147768702403,12.880076959
0.0012,0.5,0.05,0.975,859.14144128272,0.6009852216748769,203,122,81,0.3433327890202788,1372.0620843947202,1059.14144128272,1761,0.11899179366940212,0.07389162561576355,1503,31,31,1000.1133004926108,0.014179755717625324,0,3002577,54.34455871728,913.4860000000001,859.14144128272,12.943462625
0.0012,0.5,0.05,0.98,859.14144128272,0.6009852216748769,203,122,81,0.3433327890202788,1372.0620843947202,1059.14144128272,1789,0.11707035755478662,0.07389162561576355,1531,31,31,1000.1133004926108,0.014179755717625324,0,3002577,54.34455871728,913.4860000000001,859.14144128272,12.718305
0.0012,0.5,0.05,0.985,1762.5477065015998,0.5789473684210527,380,220,160,0.34749095656795587,2672.7707772915996,1962.5477065015998,1855,0.22525192649673978,0.0868421052631579,1307,128,128,1000.1631578947369,0.012290604549324654,0,3002577,116.6192934984,1879.167,1762.5477065015998,13.126936917
0.0012,0.5,0.075,0.965,1771.4779944804802,0.575,240,138,102,0.37214947051120206,2737.1588390829597,1971.4779944804802,1560,0.20185029436501262,0.125,949,58,58,1000.1375,0.01379061318314548,0,3002577,108.82260551951998,1880.3006000000003,1771.4779944804802,12.99744625
0.0012,0.5,0.075,0.97,2079.2710156596804,0.582995951417004,247,144,103,0.41060215959568636,3095.5600107709597,2279.2710156596804,1592,0.2016326530612245,0.12550607287449392,978,65,65,1000.0080971659919,0.013523373667336929,0,3002577,119.38358434031998,2198.6546000000003,2079.2710156596804,12.820749584
0.0012,0.5,0.075,0.975,1562.3940961147198,0.5761316872427984,243,140,103,0.47870728624894104,2476.0939059492,1762.3940961147198,1535,0.16407832545577314,0.1111111111111111,1238,64,64,1000.1028806584362,0.013863157679560206,0,3002577,100.44290388527996,1662.8369999999998,1562.3940961147198,12.857411167
0.0012,0.5,0.075,0.98,2194.33353224792,0.5846774193548387,248,145,103,0.47870728624894104,3231.2540882718395,2394.33353224792,1563,0.16445623342175067,0.13306451612903225,1260,65,65,1000.0927419354839,0.01363963213397813,0,3002577,122.98876775207997,2317.3223000000003,2194.33353224792,12.795806166
0.0012,0.5,0.075,0.985,-88.50966424991995,0.4142857142857143,70,29,41,0.5023905051096236,224.05186576000003,111.49033575008005,2096,0.2517985611510791,0.07142857142857142,208,44,44,1000.2428571428571,0.008980679680978388,0,3002577,8.406064249919998,-80.10359999999996,-88.50966424991995,12.654115958
0.0012,0.5,0.1,0.965,3156.6042298692005,0.5577689243027888,251,140,111,0.4668288647437636,4463.5307416880005,3356.6042298692005,1558,0.21199324324324326,0.1752988047808765,933,68,68,1000.01593625498,0.01168373212396053,0,3002577,159.85887013079997,3316.4631000000004,3156.6042298692005,12.68103475
0.0012,0.5,0.1,0.97,4187.010390928881,0.5658362989323843,281,159,122,0.4406895670801907,5570.294332899681,4387.010390928881,1587,0.23633305298570226,0.18505338078291814,908,72,72,1000.1494661921708,0.010398522008017505,0,3002577,195.3745090711199,4382.384900000001,4187.010390928881,12.726736208
0.0012,0.5,0.1,0.975,-94.69218027087996,0.37254901960784315,51,19,32,0.5024110606843689,211.63617477904,105.30781972912004,1767,0.29310344827586204,0.09803921568627451,123,25,25,1000.1372549019608,0.012089325571228054,0,3002577,7.164380270879999,-87.52779999999996,-94.69218027087996,12.783643625
0.0012,0.5,0.1,0.98,-94.69218027087996,0.37254901960784315,51,19,32,0.5024110606843689,211.63617477904,105.30781972912004,1795,0.2897727272727273,0.09803921568627451,125,25,25,1000.1372549019608,0.012089325571228054,0,3002577,7.164380270879999,-87.52779999999996,-94.69218027087996,12.763100958999999
0.0012,0.5,0.1,0.985,-88.96132962288009,0.4126984126984127,63,26,37,0.5180340628864063,230.38696685103994,111.03867037711991,2098,0.30288461538461536,0.1111111111111111,145,39,39,1000.1587301587301,0.0095451615952428,0,3002577,9.615529622879997,-79.34580000000008,-88.96132962288009,12.795414333
0.0012,0.5,0.125,0.965,-87.57837474232008,0.4375,80,35,45,0.5087221435199764,228.83511596303998,112.42162525767992,1567,0.20618556701030927,0.1125,308,36,36,1000.2875,0.010554507049295071,0,3002577,12.590874742320002,-74.98750000000008,-87.57837474232008,12.690433792
0.0012,0.5,0.125,0.97,-88.82726488632011,0.43820224719101125,89,39,50,0.5141797418380673,228.83511596303998,111.17273511367989,1594,0.20227272727272727,0.10112359550561797,351,39,39,1000.2921348314607,0.01109556625705746,0,3002577,13.519764886319997,-75.30750000000012,-88.82726488632011,12.645800125
0.0012,0.5,0.125,0.975,-94.87973925488008,0.34146341463414637,41,14,27,0.5082047048621745,213.748,105.12026074511992,1766,0.37962962962962965,0.14634146341463414,67,19,19,1000.0731707317074,0.012209720056937575,0,3002577,6.981939254879999,-87.89780000000007,-94.87973925488008,12.749405834000001
0.0012,0.5,0.125,0.98,-94.87973925488008,0.34146341463414637,41,14,27,0.5082047048621745,213.748,105.12026074511992,1794,0.37962962962962965,0.14634146341463414,67,19,19,1000.0731707317074,0.012209720056937575,0,3002577,6.981939254879999,-87.89780000000007,-94.87973925488008,12.765868083
0.0012,0.5,0.125,0.985,-91.40355569127993,0.4098360655737705,61,25,36,0.5162783404000165,224.50192616664,108.59644430872007,2096,0.35260115606936415,0.14754098360655737,112,38,38,1000.1639344262295,0.00926759308882028,0,3002577,10.501255691280003,-80.90229999999993,-91.40355569127993,12.775232875
0.0012,0.55,0.03,0.965,13.175008616000127,0.5652173913043478,23,13,10,0.15793523830429745,240.32950649600008,213.17500861600013,2126,0.010915994304698624,0,2084,0,0,1000.5217391304348,0.01729063844125985,0,3002577,2.234991384,15.410000000000128,13.175008616000127,13.026142083
0.0012,0.55,0.03,0.97,13.175008616000127,0.5652173913043478,23,13,10,0.15793523830429745,240.32950649600008,213.17500861600013,2158,0.010752688172043012,0,2116,0,0,1000.5217391304348,0.01729063844125985,0,3002577,2.234991384,15.410000000000128,13.175008616000127,12.999007875
0.0012,0.55,0.03,0.975,17.250089448000125,0.6,25,15,10,0.14718271172117275,242.07774899200007,217.25008944800013,2332,0.010808473843493299,0,2288,2,2,1000.52,0.016254495313693714,0,3002577,2.399910552,19.650000000000126,17.250089448000125,12.885672292
0.0012,0.55,0.03,0.98,17.250089448000125,0.6,25,15,10,0.14718271172117275,242.07774899200007,217.25008944800013,2360,0.010679196924391286,0,2316,2,2,1000.52,0.016254495313693714,0,3002577,2.399910552,19.650000000000126,17.250089448000125,12.82228025
0.0012,0.55,0.03,0.985,26.12538995200009,0.6052631578947368,38,23,15,0.20461508575349133,239.64081516000007,226.1253899520001,2655,0.014448669201520912,0,2592,3,3,1000.4736842105264,0.013592839820995534,0,3002577,3.5546100480000002,29.680000000000092,26.12538995200009,12.922135333
0.0012,0.55,0.05,0.965,4111.621451531283,0.6497890295358649,237,154,83,0.31556618928947955,5547.960462906962,4311.621451531283,2121,0.12185089974293059,0.14345991561181434,1708,37,37,1000.0675105485232,0.007986754535306805,0,3002577,186.97024846872,4298.591700000003,4111.621451531283,12.8763285
0.0012,0.55,0.05,0.97,10897.008418382158,0.6749116607773852,283,191,92,0.31518423691167796,13277.956051414158,11097.008418382158,2151,0.14394710071210579,0.21201413427561838,1683,39,39,1000.0424028268551,0.007636970335837343,0,3002577,399.7954816178401,11296.803899999999,10897.008418382158,12.562893
0.0012,0.55,0.05,0.975,4170.1482057908825,0.6567796610169492,236,155,81,0.37685846087516156,5615.63575363856,4370.1482057908825,2319,0.1059245960502693,0.13983050847457626,1992,39,39,1000.0508474576271,0.007964996606993156,0,3002577,188.56899420912004,4358.717200000003,4170.1482057908825,12.758403333
0.0012,0.55,0.05,0.98,4170.1482057908825,0.6567796610169492,236,155,81,0.37685846087516156,5615.63575363856,4370.1482057908825,2347,0.10460992907801418,0.13983050847457626,2020,39,39,1000.0508474576271,0.007964996606993156,0,3002577,188.56899420912004,4358.717200000003,4170.1482057908825,12.73749175
0.0012,0.55,0.05,0.985,-50.98697434751992,0.53125,96,51,45,0.4160264743590938,255.17085811200002,149.01302565248008,2657,0.0423841059602649,0.03125,2169,69,69,1000.3854166666666,0.0029731356383719126,0,3002577,9.54137434752,-41.44559999999992,-50.98697434751992,12.655501958
0.0012,0.55,0.075,0.965,-23.53106336335989,0.5,100,50,50,0.27548684157170755,215.27837163200002,176.4689366366401,2123,0.05636978579481398,0.06,1674,57,57,1000.23,0.00465621944375146,0,3002577,11.832063363360003,-11.698999999999888,-23.53106336335989,12.727694917
0.0012,0.55,0.075,0.97,30105.764384134556,0.6581196581196581,468,308,160,0.31622556709468497,32945.70595796928,30305.764384134556,2139,0.2751322751322751,0.43162393162393164,1233,68,68,1000.0833333333334,0.007084015021543483,0,3002577,1068.57661586544,31174.340999999997,30105.764384134556,13.126403334
0.0012,0.55,0.075,0.975,-95.08629271040004,0.37037037037037035,54,20,34,0.5230227433476168,219.95536647999995,104.91370728959996,2329,0.17940199335548174,0.05555555555555555,247,31,31,1000.2592592592592,0.009083677588788974,0,3002577,6.518292710399998,-88.56800000000004,-95.08629271040004,12.7811685
0.0012,0.55,0.075,0.98,-95.08629271040004,0.37037037037037035,54,20,34,0.5230227433476168,219.95536647999995,104.91370728959996,2357,0.1782178217821782,0.05555555555555555,249,31,31,1000.2592592592592,0.009083677588788974,0,3002577,6.518292710399998,-88.56800000000004,-95.08629271040004,13.184867958
0.0012,0.55,0.075,0.985,-86.49948542600008,0.417910447761194,67,28,39,0.5003710900001717,227.16962990399998,113.50051457399992,2659,0.14046121593291405,0.07462686567164178,410,43,43,1000.2537313432836,0.0064432096475401605,0,3002577,8.327985425999998,-78.17150000000008,-86.49948542600008,13.058870375
0.0012,0.55,0.1,0.965,-71.66335913927998,0.45454545454545453,99,45,54,0.40981808730952307,217.45268382704003,128.33664086072002,2122,0.05641025641025641,0.06060606060606061,1656,66,66,1000.3030303030303,0.004507334420002873,0,3002577,13.797859139279995,-57.86549999999998,-71.66335913927998,13.242570041
0.0012,0.55,0.1,0.97,-69.25738949127987,0.47,100,47,53,0.43059881347832124,217.45268382704003,130.74261050872013,2154,0.05577244841048522,0.06,1693,68,68,1000.29,0.004475831768574009,0,3002577,13.811889491279999,-55.44549999999987,-69.25738949127987,13.228036
0.0012,0.55,0.1,0.975,-93.85308541135991,0.3829787234042553,47,18,29,0.5100414389093788,216.64467777104008,106.14691458864009,2329,0.2017167381974249,0.0851063829787234,186,25,25,1000.1702127659574,0.008661545550835368,0,3002577,7.182885411359997,-86.67019999999991,-93.85308541135991,13.232738666
0.0012,0.55,0.1,0.98,-93.85308541135991,0.3829787234042553,47,18,29,0.5100414389093788,216.64467777104008,106.14691458864009,2357,0.2,0.0851063829787234,188,25,25,1000.1702127659574,0.008661545550835368,0,3002577,7.182885411359997,-86.67019999999991,-93.85308541135991,13.147679125
0.0012,0.55,0.1,0.985,-90.6701993266399,0.41935483870967744,62,26,36,0.5327614206910654,233.99138152304,109.3298006733601,2661,0.2198581560283688,0.12903225806451613,220,39,39,1000.1935483870968,0.006894031440019689,0,3002577,9.762099326640005,-80.9080999999999,-90.6701993266399,13.427269083
0.0012,0.55,0.125,0.965,-85.51437367288003,0.4489795918367347,98,44,54,0.4846475994589334,222.15017569903998,114.48562632711997,2125,0.055304740406320545,0.11224489795918367,1674,70,70,1000.1836734693877,0.004333237387195379,0,3002577,16.13207367288,-69.38230000000003,-85.51437367288003,13.281563167
0.0012,0.55,0.125,0.97,-74.46154965184006,0.46,100,46,54,0.45871901408737165,222.15017569903998,125.53845034815994,2157,0.055991041433370664,0.09,1686,72,72,1000.31,0.0043134978332999814,0,3002577,16.244949651840003,-58.21660000000006,-74.46154965184006,13.24905025
0.0012,0.55,0.125,0.975,-96.6287712616799,0.3958333333333333,48,19,29,0.5291592005335667,219.54603096304004,103.3712287383201,2330,0.21524663677130046,0.1875,175,26,26,1000.1875,0.00843529687186352,0,3002577,8.479471261679999,-88.1492999999999,-96.6287712616799,12.986168459
0.0012,0.55,0.125,0.98,-96.6287712616799,0.3958333333333333,48,19,29,0.5291592005335667,219.54603096304004,103.3712287383201,2358,0.21333333333333335,0.1875,177,26,26,1000.1875,0.00843529687186352,0,3002577,8.479471261679999,-88.1492999999999,-96.6287712616799,13.177126542
0.0012,0.55,0.125,0.985,-85.57391608568001,0.42857142857142855,63,27,36,0.5035090167191846,230.46961126704002,114.42608391431999,2660,0.27876106194690264,0.15873015873015872,163,41,41,1000.2222222222222,0.006377654015330523,0,3002577,11.06661608568,-74.50730000000001,-85.57391608568001,13.041014125
0.0012,0.6,0.03,0.965,1280.19111943232,0.7016806722689075,238,167,71,0.2027291877851423,1854.2105485490397,1480.19111943232,2463,0.10025273799494525,0.03361344537815126,2136,1,1,999.9579831932773,0.015046474273944982,0,3002577,74.36308056768,1354.5542,1280.19111943232,13.17459575
0.0012,0.6,0.03,0.97,1280.19111943232,0.7016806722689075,238,167,71,0.2027291877851423,1854.2105485490397,1480.19111943232,2495,0.09891936824605153,0.03361344537815126,2168,1,1,999.9579831932773,0.015046474273944982,0,3002577,74.36308056768,1354.5542,1280.19111943232,13.116367417
0.0012,0.6,0.03,0.975,22.645284472000043,0.6451612903225806,31,20,11,0.10835948798441127,249.70297050400004,222.64528447200004,2671,0.011671686746987951,0,2625,2,2,1000.1290322580645,0.02325077399380804,0,3002577,3.1047155280000003,25.750000000000043,22.645284472000043,13.026258292
0.0012,0.6,0.03,0.98,22.645284472000043,0.6451612903225806,31,20,11,0.10835948798441127,249.70297050400004,222.64528447200004,2699,0.011549925484351714,0,2653,2,2,1000.1290322580645,0.02325077399380804,0,3002577,3.1047155280000003,25.750000000000043,22.645284472000043,12.754888917
0.0012,0.6,0.03,0.985,22.645284472000043,0.6451612903225806,31,20,11,0.10835948798441127,249.70297050400004,222.64528447200004,3003,0.010374832663989291,0,2957,2,2,1000.1290322580645,0.02325077399380804,0,3002577,3.1047155280000003,25.750000000000043,22.645284472000043,12.606783709
0.0012,0.6,0.05,0.965,21923.752693394163,0.6636363636363637,550,365,185,0.2042640139348268,23578.516163386408,22123.752693394163,2447,0.2786220871327254,0.26,1424,65,65,1000.1236363636364,0.01262904966741147,0,3002577,892.3210066058394,22816.0737,21923.752693394163,13.039634209
0.0012,0.6,0.05,0.97,29787.925454825923,0.6379716981132075,848,541,307,0.3180778677198325,31532.331231048567,29987.925454825923,2457,0.44051948051948053,0.25825471698113206,1077,77,77,1000.1662735849056,0.012144910268574399,0,3002577,1234.3975451740791,31022.323000000004,29787.925454825923,13.082523583
0.0012,0.6,0.05,0.975,8385.987911257758,0.6590330788804071,393,259,134,0.37149126217477857,9652.315504610397,8585.987911257758,2427,0.17742663656884877,0.16793893129770993,1822,71,71,1000.0890585241731,0.015299285214464182,0,3002577,397.6822887422398,8783.670199999999,8385.987911257758,12.815508958
0.0012,0.6,0.05,0.98,13455.826831700553,0.6698113207547169,424,284,140,0.37149126217477857,14969.524136307753,13655.826831700553,2453,0.19004930524428507,0.21226415094339623,1807,72,72,1000.0943396226415,0.014864449802187447,0,3002577,562.57326829944,14018.400099999993,13455.826831700553,13.046968666
0.0012,0.6,0.05,0.985,-56.81294141415984,0.53125,128,68,60,0.489807668642537,280.6530984204799,143.18705858584016,2993,0.044661549197487785,0.0390625,2738,70,70,1000.3203125,0.01121878755958892,0,3002577,13.821041414160002,-42.99189999999984,-56.81294141415984,13.05056975
0.0012,0.6,0.075,0.965,21438.712286135833,0.6504237288135594,472,307,165,0.3678276468222957,23082.34861874408,21638.712286135833,2438,0.23742454728370221,0.3177966101694915,1516,75,75,1000.082627118644,0.012165706236785654,0,3002577,896.9515138641592,22335.66379999999,21438.712286135833,13.103755708
0.0012,0.6,0.075,0.97,51.624970606480446,0.5333333333333333,195,104,91,0.22907224144801602,285.8854892194401,251.62497060648045,2489,0.09180790960451977,0.07692307692307693,1929,79,79,1000.2410256410257,0.010023660354285003,0,3002577,28.66352939352,80.28850000000045,51.624970606480446,13.157433542
0.0012,0.6,0.075,0.975,-20.005979435919954,0.5140845070422535,142,73,69,0.376893852694223,247.48604954848003,179.99402056408005,2668,0.061233290211297975,0.056338028169014086,2177,105,105,1000.2183098591549,0.004329961104404974,0,3002577,18.009679435919992,-1.9962999999999624,-20.005979435919954,13.235863167
0.0012,0.6,0.075,0.98,-18.384435227919994,0.5174825174825175,143,74,69,0.376893852694223,247.48604954848003,181.61556477208,2696,0.06092884533446954,0.055944055944055944,2204,106,106,1000.2167832167833,0.004276698018584053,0,3002577,18.248135227919995,-0.13629999999999853,-18.384435227919994,13.367858792
0.0012,0.6,0.075,0.985,-64.79954019727998,0.4842105263157895,95,46,49,0.5014594505374812,271.192503696,135.20045980272002,2999,0.15372168284789645,0.06315789473684211,523,60,60,1000.3578947368421,0.007264892124251207,0,3002577,12.478140197279998,-52.32139999999998,-64.79954019727998,13.365112542
0.0012,0.6,0.1,0.965,34921.8817064093,0.6456241032998565,697,450,247,0.36843366119781074,36652.00948536793,35121.8817064093,2443,0.36151452282157676,0.36872309899569583,1231,77,77,1000.1506456241033,0.011958447697307483,0,3002577,1378.230493590719,36300.11220000002,34921.8817064093,13.582572333
0.0012,0.6,0.1,0.97,27.209717003920247,0.5170731707317073,205,106,99,0.2804398961148358,282.7648875380002,227.20971700392025,2492,0.09615384615384616,0.11707317073170732,1927,86,86,1000.2780487804878,0.011497661314652357,0,3002577,35.00498299608002,62.21470000000026,27.209717003920247,13.377573583
0.0012,0.6,0.1,0.975,-45.30516674216,0.5056179775280899,89,45,44,0.5176609316324393,320.71802473184005,154.69483325784,2665,0.30584192439862545,0.20224719101123595,202,32,32,1000.3595505617977,0.008268558581720114,0,3002577,15.45706674216,-29.848099999999995,-45.30516674216,13.41223375
0.0012,0.6,0.1,0.98,-45.30516674216,0.5056179775280899,89,45,44,0.5176609316324393,320.71802473184005,154.69483325784,2693,0.3037542662116041,0.20224719101123595,204,32,32,1000.3595505617977,0.008268558581720114,0,3002577,15.45706674216,-29.848099999999995,-45.30516674216,13.380480792
0.0012,0.6,0.1,0.985,-54.62503732808,0.4883720930232558,86,42,44,0.5239090046288738,305.35121244751997,145.37496267192,2995,0.28289473684210525,0.1744186046511628,218,42,42,1000.2325581395348,0.006747732870733318,0,3002577,15.046737328079997,-39.5783,-54.62503732808,13.246657958
0.0012,0.6,0.125,0.965,-66.44203441983979,0.4896551724137931,145,71,74,0.49075935396778486,262.26886369104005,133.55796558016021,2464,0.06964457252641691,0.15862068965517243,1937,80,80,1000.255172413793,0.006179398098153074,0,3002577,25.811434419839998,-40.63059999999979,-66.44203441983979,13.154211292
0.0012,0.6,0.125,0.97,35423.40067622113,0.675146771037182,511,345,166,0.363026376660828,37153.52845517976,35623.40067622113,2485,0.25678391959798996,0.4598825831702544,1479,86,86,1000.0841487279844,0.011882584534089524,0,3002577,1363.0529237788792,36786.45360000001,35423.40067622113,13.516227292
0.0012,0.6,0.125,0.975,-65.35813792808,0.49230769230769234,65,32,33,0.521401989075427,281.32557803952,134.64186207192,2667,0.32338308457711445,0.2153846153846154,136,25,25,1000.2153846153847,0.009153191489361697,0,3002577,11.817837928079998,-53.5403,-65.35813792808,12.995179291
0.0012,0.6,0.125,0.98,-65.35813792808,0.49230769230769234,65,32,33,0.521401989075427,281.32557803952,134.64186207192,2695,0.32338308457711445,0.2153846153846154,136,25,25,1000.2153846153847,0.009153191489361697,0,3002577,11.817837928079998,-53.5403,-65.35813792808,13.126589208
0.0012,0.6,0.125,0.985,-65.2403146075199,0.4805194805194805,77,37,40,0.5010815826608666,270.1036496331201,134.7596853924801,2997,0.2950191570881226,0.19480519480519481,184,42,42,1000.2077922077922,0.0062552913277631236,0,3002577,14.723314607519995,-50.51699999999991,-65.2403146075199,13.073648959
0.0012,0.65,0.03,0.965,128.75578150328073,0.6551724137931034,145,95,50,0.20455536584770098,336.10079075928076,328.75578150328073,2760,0.05358462675535846,0.027586206896551724,2561,14,14,1000.3655172413793,0.021213475825444778,0,3002577,15.622118496720002,144.37790000000072,128.75578150328073,13.164858292
0.0012,0.65,0.03,0.97,120.84195932728039,0.6527777777777778,144,94,50,0.17764882064954207,333.2878349272804,320.8419593272804,2559,0.06997084548104957,0.027777777777777776,1914,18,18,1000.3402777777778,0.022167448439869415,0,3002577,15.335940672720005,136.1779000000004,120.84195932728039,12.8601525
0.0012,0.65,0.03,0.975,4949.490283474402,0.7165178571428571,448,321,127,0.21538445539534104,5642.761793895839,5149.490283474402,2946,0.16034359341445956,0.08928571428571429,2346,20,20,1000.0870535714286,0.019364794779576793,0,3002577,249.97071652559995,5199.461000000001,4949.490283474402,13.32242525
0.0012,0.65,0.03,0.98,4949.490283474402,0.7165178571428571,448,321,127,0.21538445539534104,5642.761793895839,5149.490283474402,2974,0.15875265768958186,0.08928571428571429,2374,20,20,1000.0870535714286,0.019364794779576793,0,3002577,249.97071652559995,5199.461000000001,4949.490283474402,12.79790625
0.0012,0.65,0.03,0.985,46.0632418454403,0.6228070175438597,114,71,43,0.2571441809676448,313.6755612643201,246.0632418454403,3290,0.04159066034294053,0.017543859649122806,2627,12,12,1000.2894736842105,0.018968689474522186,0,3002577,11.882958154559999,57.9462000000003,46.0632418454403,12.889986583
0.0012,0.65,0.05,0.965,4004.700692503042,0.6840390879478827,307,210,97,0.2099489115210776,4729.9927228284805,4204.700692503042,2524,0.13736017897091723,0.11400651465798045,1928,45,45,1000.0618892508144,0.021375236378908015,0,3002577,210.09910749696002,4214.799800000002,4004.700692503042,12.794886292
0.0012,0.65,0.05,0.97,100.78739740248,0.6097560975609756,164,100,64,0.2607150031266219,324.7172891304801,300.78739740248,2796,0.09270774448841153,0.07926829268292683,1605,52,52,1000.25,0.013578973718967881,0,3002577,19.81230259752,120.5997,100.78739740248,12.700089542
0.0012,0.65,0.05,0.975,3697.0430008136777,0.6833855799373041,319,218,101,0.2946419762818992,4394.442948283118,3897.0430008136777,2724,0.12212863705972435,0.10344827586206896,2293,60,60,1000.0564263322884,0.02116589516414027,0,3002577,199.35349918631997,3896.3964999999976,3697.0430008136777,12.969122833
0.0012,0.65,0.05,0.98,16.517439415199988,0.6037735849056604,106,64,42,0.2946419762818992,236.30870079999994,216.5174394152,2763,0.03895626607864756,0.04716981132075472,2615,61,61,1000.2547169811321,0.008372189490017742,0,3002577,10.838360584799993,27.35579999999998,16.517439415199988,13.029064167
0.0012,0.65,0.05,0.985,-22.328005416799954,0.5815602836879432,141,82,59,0.29633641177307973,249.48285431968003,177.67199458320005,3062,0.04671968190854871,0.03546099290780142,2877,92,92,1000.2765957446809,0.008467854974593396,0,3002577,14.395805416799995,-7.932199999999959,-22.328005416799954,12.997682542
0.0012,0.65,0.075,0.965,142.25274219792055,0.5672043010752689,372,211,161,0.327187787075743,496.67012194896006,342.25274219792055,2738,0.2071269487750557,0.05913978494623656,1424,77,77,1000.3091397849462,0.014935571503962011,0,3002577,56.621457802080016,198.87420000000057,142.25274219792055,13.312903333
0.0012,0.65,0.075,0.97,7.056128903839863,0.5428571428571428,175,95,80,0.2329579163062174,269.94102840712,207.05612890383986,2785,0.07216494845360824,0.06285714285714286,2250,79,79,1000.3085714285714,0.00875343694827936,0,3002577,24.120671096159988,31.17679999999985,7.056128903839863,13.277212125
0.0012,0.65,0.075,0.975,-56.45782788248002,0.5350877192982456,114,61,53,0.47865247052546334,229.12967943360002,143.54217211751998,2954,0.04369490226140284,0.043859649122807015,2495,79,79,1000.3508771929825,0.0024471378920197027,0,3002577,13.571727882480005,-42.88610000000001,-56.45782788248002,13.366096334
0.0012,0.65,0.075,0.98,-33.2914661777601,0.5508474576271186,118,65,53,0.47865247052546334,229.12967943360002,166.7085338222399,2982,0.0446124763705104,0.059322033898305086,2527,81,81,1000.2542372881356,0.002334856721762908,0,3002577,14.194466177760004,-19.097000000000094,-33.2914661777601,13.373310959
0.0012,0.65,0.075,0.985,-62.051188163439974,0.46835443037974683,79,37,42,0.5041866213502812,278.22728828384,137.94881183656003,3284,0.21293800539083557,0.08860759493670886,292,42,42,1000.3417721518987,0.006896546086245654,0,3002577,10.848888163440002,-51.20229999999997,-62.051188163439974,13.420929083
0.0012,0.65,0.1,0.965,-54.434966691920124,0.5038759689922481,129,65,64,0.38165186238132887,235.40951197600003,145.56503330807988,2754,0.05422446406052964,0.08527131782945736,2250,73,73,1000.2790697674419,0.0053613485005538685,0,3002577,18.934866691919993,-35.50010000000013,-54.434966691920124,13.325670625
0.0012,0.65,0.1,0.97,-56.99664109992008,0.5251798561151079,139,73,66,0.3915439979689124,235.02662217600002,143.00335890007992,2791,0.057724252491694356,0.06474820143884892,2269,78,78,1000.2517985611511,0.0066085861679968565,0,3002577,20.16654109992,-36.83010000000009,-56.99664109992008,13.42332225
0.0012,0.65,0.1,0.975,-47.228286751600024,0.4927536231884058,69,34,35,0.5132892759888621,313.886063552,152.77171324839998,2948,0.24210526315789474,0.17391304347826086,216,27,27,1000.1594202898551,0.010266898629439468,0,3002577,12.551786751599993,-34.67650000000003,-47.228286751600024,13.487168334
0.0012,0.65,0.1,0.98,-47.228286751600024,0.4927536231884058,69,34,35,0.5132892759888621,313.886063552,152.77171324839998,2976,0.24041811846689895,0.17391304347826086,218,27,27,1000.1594202898551,0.010266898629439468,0,3002577,12.551786751599993,-34.67650000000003,-47.228286751600024,13.255214542
0.0012,0.65,0.1,0.985,-88.76175131719985,0.45588235294117646,68,31,37,0.5068116691408882,225.54923083648012,111.23824868280015,3294,0.1827956989247312,0.11764705882352941,304,41,41,1000.1176470588235,0.005448384717003793,0,3002577,10.248251317200001,-78.51349999999985,-88.76175131719985,13.2144585
0.0012,0.65,0.125,0.965,-87.52676284983991,0.5041322314049587,121,61,60,0.5065775522950567,227.94511614400005,112.47323715016009,2761,0.07206670637284097,0.11570247933884298,1558,74,74,1000.2066115702479,0.004581515089509797,0,3002577,19.89406284983999,-67.63269999999991,-87.52676284983991,13.289686
0.0012,0.65,0.125,0.97,-65.36600369327994,0.5079365079365079,126,64,62,0.40935783760478744,227.94511614400005,134.63399630672006,2791,0.052719665271966525,0.09523809523809523,2264,78,78,1000.2857142857143,0.004287657998550842,0,3002577,20.77160369328002,-44.594399999999915,-65.36600369327994,13.061931625
0.0012,0.65,0.125,0.975,-107.90014316639996,0.3953488372093023,43,17,26,0.5395007158319998,200,92.09985683360004,2962,0.15808823529411764,0.06976744186046512,229,23,23,1000.1162790697674,0.013065809303917512,0,3002577,6.662143166399998,-101.23799999999996,-107.90014316639996,13.106294583
0.0012,0.65,0.125,0.98,-107.90014316639996,0.3953488372093023,43,17,26,0.5395007158319998,200,92.09985683360004,2990,0.15693430656934307,0.06976744186046512,231,23,23,1000.1162790697674,0.013065809303917512,0,3002577,6.662143166399998,-101.23799999999996,-107.90014316639996,12.937750416
0.0012,0.65,0.125,0.985,-88.81330968424005,0.45161290322580644,62,28,34,0.504151001551721,224.23498013248,111.18669031575995,3291,0.2222222222222222,0.14516129032258066,217,36,36,1000.1129032258065,0.005910299029680819,0,3002577,10.806609684239996,-78.00670000000005,-88.81330968424005,13.118729417
0.0012,0.7,0.03,0.965,8.73071852800004,0.75,12,9,3,0.040076701119999995,213.93565318400005,208.73071852800004,3082,0.00390625,0,3060,0,0,1000.75,0.047092454922577735,0,3002577,1.029281472,9.76000000000004,8.73071852800004,12.850704333
0.0012,0.7,0.03,0.97,8.73071852800004,0.75,12,9,3,0.040076701119999995,213.93565318400005,208.73071852800004,3114,0.003865979381443299,0,3092,0,0,1000.75,0.047092454922577735,0,3002577,1.029281472,9.76000000000004,8.73071852800004,13.055891417
0.0012,0.7,0.03,0.975,8.73071852800004,0.75,12,9,3,0.040076701119999995,213.93565318400005,208.73071852800004,3282,0.003667481662591687,0,3260,0,0,1000.75,0.047092454922577735,0,3002577,1.029281472,9.76000000000004,8.73071852800004,12.86612325
0.0012,0.7,0.03,0.98,8.73071852800004,0.75,12,9,3,0.040076701119999995,213.93565318400005,208.73071852800004,3310,0.0036363636363636364,0,3288,0,0,1000.75,0.047092454922577735,0,3002577,1.029281472,9.76000000000004,8.73071852800004,13.008184917
0.0012,0.7,0.03,0.985,8.73071852800004,0.75,12,9,3,0.040076701119999995,213.93565318400005,208.73071852800004,3614,0.003329633740288568,0,3592,0,0,1000.75,0.047092454922577735,0,3002577,1.029281472,9.76000000000004,8.73071852800004,13.116757583
0.0012,0.7,0.05,0.965,6238.69022661712,0.6932038834951456,515,357,158,0.21718992072217988,7322.123660986561,6438.69022661712,3061,0.20054517133956387,0.12233009708737864,2053,51,51,1000.0601941747573,0.023805960313636156,0,3002577,413.90797338287996,6652.5982,6238.69022661712,13.204983958
0.0012,0.7,0.05,0.97,117.86697755656058,0.6164383561643836,219,135,84,0.15122210282246698,331.8960891940002,317.8669775565606,3105,0.08051470588235295,0.045662100456621,2501,64,64,1000.2648401826484,0.013036702274168331,0,3002577,26.55312244343998,144.42010000000056,117.86697755656058,13.101909875
0.0012,0.7,0.05,0.975,54.20127368272003,0.6143790849673203,153,94,59,0.40312949130507736,284.7330927152,254.20127368272003,3042,0.052941176470588235,0.032679738562091505,2737,64,64,1000.2745098039215,0.013512315609015769,0,3002577,18.672126317279993,72.87340000000002,54.20127368272003,12.99905875
0.0012,0.7,0.05,0.98,172.47823189071994,0.6411290322580645,248,159,89,0.40312949130507736,415.77911025872004,372.47823189071994,3070,0.08590232074818151,0.020161290322580645,2639,65,65,1000.1451612903226,0.018916568392708586,0,3002577,32.095168109279996,204.57339999999994,172.47823189071994,12.7710195
0.0012,0.7,0.05,0.985,-44.34932622311999,0.5757575757575758,99,57,42,0.3318617288626528,232.007015256,155.65067377688,3602,0.027793374508702975,0.04040404040404041,3463,64,64,1000.4040404040404,0.011052523263847237,0,3002577,9.53822622312,-34.81109999999999,-44.34932622311999,12.9829915
0.0012,0.7,0.075,0.965,12129.408342385204,0.6625766871165644,652,432,220,0.4025526972787332,13613.310690487124,12329.408342385204,3046,0.2601755786113328,0.18098159509202455,1854,75,75,1000.1303680981595,0.023818703862627334,0,3002577,708.0845576147999,12837.492900000005,12129.408342385204,13.131381084
0.0012,0.7,0.075,0.97,-17.765763151680005,0.5633802816901409,142,80,62,0.2623096187014878,241.7866018076,182.23423684832,3110,0.05165514732630047,0.04225352112676056,2607,72,72,1000.2605633802817,0.00892409435896569,0,3002577,18.320163151679992,0.5543999999999869,-17.765763151680005,12.937684708
0.0012,0.7,0.075,0.975,-86.36953972200004,0.4444444444444444,63,28,35,0.5225875944326609,238.01321237759996,113.63046027799996,3270,0.16666666666666666,0.06349206349206349,315,31,31,1000.3650793650794,0.008653991511134364,0,3002577,7.906039721999998,-78.46350000000004,-86.36953972200004,12.956668667
0.0012,0.7,0.075,0.98,-86.36953972200004,0.4444444444444444,63,28,35,0.5225875944326609,238.01321237759996,113.63046027799996,3298,0.16578947368421051,0.06349206349206349,317,31,31,1000.3650793650794,0.008653991511134364,0,3002577,7.906039721999998,-78.46350000000004,-86.36953972200004,12.941372542
0.0012,0.7,0.075,0.985,-77.97152788200006,0.4880952380952381,84,41,43,0.5382338801105109,264.2646717935999,122.02847211799994,3603,0.18421052631578946,0.047619047619047616,372,48,48,1000.3690476190476,0.007827426331020314,0,3002577,11.700027882000004,-66.27150000000006,-77.97152788200006,12.996691125
0.0012,0.7,0.1,0.965,-57.24535339152004,0.5126050420168067,119,61,58,0.32486895695670154,211.44731542039997,142.75464660847996,3082,0.04343065693430657,0.07563025210084033,2621,75,75,1000.2352941176471,0.004408721963402335,0,3002577,17.47975339151999,-39.76560000000005,-57.24535339152004,13.24589475
0.0012,0.7,0.1,0.97,-36.08597334352004,0.5323741007194245,139,74,65,0.2763785037636114,223.09903321575996,163.91402665647996,3113,0.05023491145645103,0.07194244604316546,2628,81,81,1000.2374100719425,0.006585714051099272,0,3002577,20.265373343520004,-15.820600000000034,-36.08597334352004,13.094381958
0.0012,0.7,0.1,0.975,-101.36149295839994,0.41818181818181815,55,23,32,0.510978147206847,201.70572435200006,98.63850704160006,3278,0.08972267536704731,0.05454545454545454,558,33,33,1000.3090909090909,0.007041343034116606,0,3002577,7.303492958399997,-94.05799999999994,-101.36149295839994,13.07126725
0.0012,0.7,0.1,0.98,-101.36149295839994,0.41818181818181815,55,23,32,0.510978147206847,201.70572435200006,98.63850704160006,3306,0.08943089430894309,0.05454545454545454,560,33,33,1000.3090909090909,0.007041343034116606,0,3002577,7.303492958399997,-94.05799999999994,-101.36149295839994,12.904854583
0.0012,0.7,0.1,0.985,-92.82573651487986,0.504424778761062,113,57,56,0.5255380318266418,225.88588901600005,107.17426348512014,3609,0.10116383169203223,0.07964601769911504,1004,83,83,1000.362831858407,0.003702940070853315,0,3002577,15.685336514880003,-77.14039999999986,-92.82573651487986,13.120047542
0.0012,0.7,0.125,0.965,-95.80005100751993,0.47706422018348627,109,52,57,0.5071890822124717,211.44001731999998,104.19994899248007,3081,0.05555555555555555,0.09174311926605505,1853,73,73,1000.2385321100918,0.00618563368136915,0,3002577,17.544451007520003,-78.25559999999993,-95.80005100751993,12.914430709
0.0012,0.7,0.125,0.97,-42.75310025559986,0.5343511450381679,131,70,61,0.36770097874261715,226.4616451000001,157.24689974440014,3113,0.04742939898624186,0.12213740458015267,2631,81,81,1000.2213740458016,0.004621869545169872,0,3002577,23.041800255599995,-19.711299999999866,-42.75310025559986,13.077517417
0.0012,0.7,0.125,0.975,-104.50548500871999,0.4090909090909091,44,18,26,0.5225274250436,200,95.49451499128001,3278,0.12324929971988796,0.13636363636363635,313,24,24,1000.1136363636364,0.008546053609473319,0,3002577,7.158385008719997,-97.34709999999998,-104.50548500871999,13.040825917
0.0012,0.7,0.125,0.98,-104.50548500871999,0.4090909090909091,44,18,26,0.5225274250436,200,95.49451499128001,3306,0.12256267409470752,0.13636363636363635,315,24,24,1000.1136363636364,0.008546053609473319,0,3002577,7.158385008719997,-97.34709999999998,-104.50548500871999,12.936484584
0.0012,0.7,0.125,0.985,-100.2754354247201,0.43103448275862066,58,25,33,0.5209745388651684,208.18217958399995,99.7245645752799,3609,0.166189111747851,0.1206896551724138,291,38,38,1000.1379310344828,0.0063424134754572975,0,3002577,9.600335424719999,-90.6751000000001,-100.2754354247201,13.085645291
0.0014,0.5,0.03,0.965,125.83206621183996,0.6142857142857143,70,43,27,0.17639319474092105,374.58180225983995,325.83206621183996,1264,0.05622489959839357,0.014285714285714285,1175,0,0,1000.1428571428571,0.0169081837163167,0,3002577,7.9011337881599975,133.73319999999995,125.83206621183996,12.435028541
0.0014,0.5,0.03,0.97,125.83206621183996,0.6142857142857143,70,43,27,0.17639319474092105,374.58180225983995,325.83206621183996,1296,0.0548159749412686,0.014285714285714285,1207,0,0,1000.1428571428571,0.0169081837163167,0,3002577,7.9011337881599975,133.73319999999995,125.83206621183996,12.609163125
0.0014,0.5,0.03,0.975,125.83206621183996,0.6142857142857143,70,43,27,0.17639319474092105,374.58180225983995,325.83206621183996,1464,0.04844290657439446,0.014285714285714285,1375,0,0,1000.1428571428571,0.0169081837163167,0,3002577,7.9011337881599975,133.73319999999995,125.83206621183996,12.695876625
0.0014,0.5,0.03,0.98,125.83206621183996,0.6142857142857143,70,43,27,0.17639319474092105,374.58180225983995,325.83206621183996,1492,0.04752206381534284,0.014285714285714285,1403,0,0,1000.1428571428571,0.0169081837163167,0,3002577,7.9011337881599975,133.73319999999995,125.83206621183996,12.497080958
0.0014,0.5,0.03,0.985,109.03957589983997,0.5972222222222222,72,43,29,0.17639319474092105,374.58180225983995,309.03957589984,1798,0.04047217537942664,0.013888888888888888,1707,1,1,1000.1388888888889,0.016659470523985052,0,3002577,8.143624100159997,117.18319999999997,109.03957589983997,12.731510209
0.0014,0.5,0.05,0.965,304.4639181168002,0.5602409638554217,166,93,73,0.3706969901956339,616.6336216688002,504.4639181168002,1038,0.18181818181818182,0.04216867469879518,747,44,44,1000.289156626506,0.008338786954745563,0,3002577,26.334681883200002,330.7986000000002,304.4639181168002,12.793023792
0.0014,0.5,0.05,0.97,424.7877708462398,0.5714285714285714,189,108,81,0.356861754854625,764.1349823902399,624.7877708462398,1070,0.20257234726688103,0.0582010582010582,744,51,51,1000.2645502645503,0.008721790212378783,0,3002577,32.91062915376001,457.6983999999998,424.7877708462398,12.712600333
0.0014,0.5,0.05,0.975,114.80780905183997,0.56,125,70,55,0.36746472381621237,384.46608855584003,314.80780905183997,1460,0.08753501400560224,0.024,1303,31,31,1000.232,0.011091094632759885,0,3002577,15.370190948159996,130.17799999999997,114.80780905183997,13.117977208
0.0014,0.5,0.05,0.98,114.80780905183997,0.56,125,70,55,0.36746472381621237,384.46608855584003,314.80780905183997,1488,0.0859697386519945,0.024,1329,31,31,1000.232,0.011091094632759885,0,3002577,15.370190948159996,130.17799999999997,114.80780905183997,12.962983958
0.0014,0.5,0.05,0.985,-51.523733511279886,0.4880952380952381,168,82,86,0.5007788040825015,297.41579024072,148.4762664887201,1798,0.1155433287482806,0.017857142857142856,1286,94,94,1000.4166666666666,0.00923070883366673,0,3002577,18.37483351128,-33.148899999999884,-51.523733511279886,13.3289185
0.0014,0.5,0.075,0.965,905.0898437501601,0.539906103286385,213,115,98,0.3868852580884792,1534.5020479584002,1105.08984375016,1264,0.23878923766816143,0.09859154929577464,679,66,66,1000.2723004694835,0.006972623600054722,0,3002577,61.43925624983998,966.5291000000001,905.0898437501601,13.264118584
0.0014,0.5,0.075,0.97,605.0093529600805,0.5395348837209303,215,116,99,0.4496367695415829,1119.2548040403206,805.0093529600805,1297,0.23394994559303592,0.08837209302325581,704,69,69,1000.2883720930232,0.007303805400421306,0,3002577,50.97354703992001,655.9829000000005,605.0093529600805,13.2405285
0.0014,0.5,0.075,0.975,-73.71611982592002,0.4444444444444444,81,36,45,0.5013277672489507,253.24024856448005,126.28388017407998,1468,0.17419354838709677,0.024691358024691357,384,45,45,1000.4197530864197,0.007344467569101639,0,3002577,9.760519825919994,-63.955600000000025,-73.71611982592002,13.109974875
0.0014,0.5,0.075,0.98,-73.71611982592002,0.4444444444444444,81,36,45,0.5013277672489507,253.24024856448005,126.28388017407998,1496,0.1734475374732334,0.024691358024691357,386,45,45,1000.4197530864197,0.007344467569101639,0,3002577,9.760519825919994,-63.955600000000025,-73.71611982592002,13.195196375
0.0014,0.5,0.075,0.985,-67.91202683392004,0.4457831325301205,83,37,46,0.5116179014892364,270.46030878048003,132.08797316607996,1796,0.19621749408983452,0.03614457831325301,340,57,57,1000.4578313253012,0.004949556965383421,0,3002577,10.988426833919993,-56.92360000000004,-67.91202683392004,13.233596291
0.0014,0.5,0.1,0.965,-67.29204582807998,0.4357142857142857,140,61,79,0.5068928209354355,269.12598276032,132.70795417192002,1268,0.18944519621109607,0.07857142857142857,599,74,74,1000.3357142857143,0.006698444747968831,0,3002577,19.972945828079983,-47.31909999999999,-67.29204582807998,13.089669
0.0014,0.5,0.1,0.97,691.5544976458398,0.5245098039215687,204,107,97,0.47255569478322074,1301.2536693500801,891.5544976458398,1300,0.21725239616613418,0.11764705882352941,735,81,81,1000.2401960784314,0.006519430081101267,0,3002577,58.34220235415998,749.8966999999998,691.5544976458398,13.094614834
0.0014,0.5,0.1,0.975,-63.39235520023996,0.41379310344827586,58,24,34,0.5077895069755076,277.53907471648,136.60764479976004,1467,0.2815533980582524,0.13793103448275862,148,35,35,1000.5,0.005407510005556405,0,3002577,9.725455200239999,-53.66689999999996,-63.39235520023996,12.926775708
0.0014,0.5,0.1,0.98,-63.39235520023996,0.41379310344827586,58,24,34,0.5077895069755076,277.53907471648,136.60764479976004,1495,0.27884615384615385,0.13793103448275862,150,35,35,1000.5,0.005407510005556405,0,3002577,9.725455200239999,-53.66689999999996,-63.39235520023996,12.875597291
0.0014,0.5,0.1,0.985,-58.054821477119816,0.42857142857142855,63,27,36,0.5213295541985884,296.54051084192,141.94517852288018,1800,0.30288461538461536,0.1111111111111111,145,42,42,1000.3333333333334,0.004831726104036031,0,3002577,11.84522147712,-46.20959999999982,-58.054821477119816,12.955889875
0.0014,0.5,0.125,0.965,-54.473552421600004,0.4090909090909091,88,36,52,0.5015984071948092,291.98632123008,145.5264475784,1269,0.25142857142857145,0.17045454545454544,262,44,44,1000.4659090909091,0.0066084165796263085,0,3002577,16.621952421599993,-37.85160000000001,-54.473552421600004,13.032048584
0.0014,0.5,0.125,0.97,-42.07565087400002,0.42391304347826086,92,39,53,0.5040901108868724,318.45372030880003,157.92434912599998,1297,0.27627627627627627,0.16304347826086957,241,44,44,1000.445652173913,0.007202463044618404,0,3002577,19.076750874000002,-22.998900000000017,-42.07565087400002,12.935488959
0.0014,0.5,0.125,0.975,-59.78477370951987,0.4,50,20,30,0.5376024300443185,303.23521445824,140.21522629048013,1467,0.3448275862068966,0.22,95,29,29,1000.38,0.005956899114633563,0,3002577,10.524073709519996,-49.26069999999987,-59.78477370951987,12.602917375
0.0014,0.5,0.125,0.98,-59.78477370951987,0.4,50,20,30,0.5376024300443185,303.23521445824,140.21522629048013,1495,0.3401360544217687,0.22,97,29,29,1000.38,0.005956899114633563,0,3002577,10.524073709519996,-49.26069999999987,-59.78477370951987,12.967386667
0.0014,0.5,0.125,0.985,-53.47814667263984,0.4262295081967213,61,26,35,0.5260157769154004,309.1281232396801,146.52185332736016,1798,0.3860759493670886,0.19672131147540983,97,41,41,1000.327868852459,0.005013978537656294,0,3002577,13.388546672639999,-40.08959999999984,-53.47814667263984,12.688295167
0.0014,0.55,0.03,0.965,516.06893063328,0.7016129032258065,124,87,37,0.17885294229959298,872.0349466252799,716.06893063328,1615,0.0792332268370607,0.016129032258064516,1441,0,0,1000.0241935483871,0.008072049100125453,0,3002577,24.62466936672,540.6936000000001,516.06893063328,12.952316542
0.0014,0.55,0.03,0.97,516.06893063328,0.7016129032258065,124,87,37,0.17885294229959298,872.0349466252799,716.06893063328,1647,0.07764558547276143,0.016129032258064516,1473,0,0,1000.0241935483871,0.008072049100125453,0,3002577,24.62466936672,540.6936000000001,516.06893063328,12.955200459
0.0014,0.55,0.03,0.975,516.06893063328,0.7016129032258065,124,87,37,0.17885294229959298,872.0349466252799,716.06893063328,1815,0.07025495750708215,0.016129032258064516,1641,0,0,1000.0241935483871,0.008072049100125453,0,3002577,24.62466936672,540.6936000000001,516.06893063328,12.778770583
0.0014,0.55,0.03,0.98,516.06893063328,0.7016129032258065,124,87,37,0.17885294229959298,872.0349466252799,716.06893063328,1843,0.06915783602900168,0.016129032258064516,1669,0,0,1000.0241935483871,0.008072049100125453,0,3002577,24.62466936672,540.6936000000001,516.06893063328,12.763126375
0.0014,0.55,0.03,0.985,498.3118882572801,0.696,125,87,38,0.19921570693960952,872.0349466252799,698.3118882572801,2147,0.05960896518836433,0.016,1972,1,1,1000.024,0.007955234402018443,0,3002577,24.79171174272,523.1036000000001,498.3118882572801,12.870994417
0.0014,0.55,0.05,0.965,-55.48920437159995,0.4375,48,21,27,0.3019091676559648,207.00858532000004,144.51079562840005,1391,0.035036496350364967,0.020833333333333332,1322,19,19,1000.4166666666666,0.004744214293082439,0,3002577,4.823704371600001,-50.66549999999995,-55.48920437159995,12.679355958
0.0014,0.55,0.05,0.97,-12.871306099599963,0.5344827586206896,58,31,27,0.22194320679298482,207.00858532000004,187.12869390040004,1423,0.0412224591329069,0.017241379310344827,1349,23,23,1000.3103448275862,0.00438051761819507,0,3002577,5.7858060996,-7.085499999999962,-12.871306099599963,12.704336291
0.0014,0.55,0.05,0.975,-57.407108363599946,0.46,50,23,27,0.32519328653688195,211.30923684000004,142.59289163640005,1816,0.027932960893854747,0.02,1740,25,25,1000.36,0.004510592176855436,0,3002577,4.8916083636000005,-52.515499999999946,-57.407108363599946,12.747433625
0.0014,0.55,0.05,0.98,-57.407108363599946,0.46,50,23,27,0.32519328653688195,211.30923684000004,142.59289163640005,1844,0.027502750275027504,0.02,1768,25,25,1000.36,0.004510592176855436,0,3002577,4.8916083636000005,-52.515499999999946,-57.407108363599946,12.588117458
0.0014,0.55,0.05,0.985,-56.81723014399995,0.5194805194805194,77,40,37,0.39688248463887643,237.404429832,143.18276985600005,2147,0.03644107903454804,0.012987012987012988,2036,50,50,1000.4025974025974,0.0030221994601734472,0,3002577,7.429230144000001,-49.38799999999995,-56.81723014399995,12.741425208999999
0.0014,0.55,0.075,0.965,-25.147623894879928,0.49473684210526314,95,47,48,0.3474201925386239,237.21592184000005,174.85237610512007,1609,0.07545671167593328,0.06315789473684211,1164,58,58,1000.2736842105263,0.003265318763222785,0,3002577,11.631023894880004,-13.516599999999924,-25.147623894879928,12.92637975
0.0014,0.55,0.075,0.97,12279.061974602952,0.6363636363636364,297,189,108,0.357503276463544,14360.834418377111,12479.061974602952,1637,0.23932312651087834,0.2895622895622896,944,69,69,1000.1346801346801,0.005685171280290793,0,3002577,468.18332539704,12747.245299999991,12279.061974602952,13.103070833
0.0014,0.55,0.075,0.975,-62.19671777999983,0.5,92,46,46,0.48615395277603785,228.26086560000005,137.80328222000017,1813,0.05958549222797927,0.03260869565217391,1452,69,69,1000.3152173913044,0.0028652378388736655,0,3002577,10.646517780000003,-51.550199999999826,-62.19671777999983,12.788212875
0.0014,0.55,0.075,0.98,-62.40171187599984,0.5,94,47,47,0.48615395277603785,228.26086560000005,137.59828812400016,1841,0.05979643765903308,0.031914893617021274,1478,71,71,1000.3085106382979,0.0028056516459411935,0,3002577,10.871511876000007,-51.53019999999983,-62.40171187599984,12.756840708
0.0014,0.55,0.075,0.985,-79.06366750592001,0.39655172413793105,58,23,35,0.5017456361291597,242.720066824,120.93633249407999,2145,0.232,0.06896551724137931,192,38,38,1000.3620689655172,0.00419727165113204,0,3002577,7.400067505919998,-71.66360000000002,-79.06366750592001,12.830500208
0.0014,0.55,0.1,0.965,-54.64197779879993,0.4594594594594595,111,51,60,0.41955561080303444,250.42540664799998,145.35802220120007,1608,0.0893719806763285,0.08108108108108109,1131,72,72,1000.4324324324324,0.003861608004547561,0,3002577,17.671477798799998,-36.97049999999993,-54.64197779879993,12.764852917
0.0014,0.55,0.1,0.97,-54.43048273727993,0.45454545454545453,110,50,60,0.4187110676540349,250.42540664799998,145.56951726272007,1640,0.088,0.05454545454545454,1140,73,73,1000.4090909090909,0.0034614073956746125,0,3002577,16.728282737280004,-37.70219999999993,-54.43048273727993,12.687500542
0.0014,0.55,0.1,0.975,-83.52088946528,0.35714285714285715,42,15,27,0.5127895472943327,239.073504864,116.47911053472,1815,0.2916666666666667,0.09523809523809523,102,22,22,1000.3571428571429,0.006045302111434037,0,3002577,6.452489465279999,-77.06840000000001,-83.52088946528,12.693792834
0.0014,0.55,0.1,0.98,-83.52088946528,0.35714285714285715,42,15,27,0.5127895472943327,239.073504864,116.47911053472,1843,0.2876712328767123,0.09523809523809523,104,22,22,1000.3571428571429,0.006045302111434037,0,3002577,6.452489465279999,-77.06840000000001,-83.52088946528,12.6230065
0.0014,0.55,0.1,0.985,-72.13772436927997,0.41818181818181815,55,23,32,0.5042576435380967,257.920821096,127.86227563072003,2146,0.30726256983240224,0.09090909090909091,124,35,35,1000.3454545454546,0.004650622810817858,0,3002577,8.891324369279998,-63.246399999999966,-72.13772436927997,12.898611667
0.0014,0.55,0.125,0.965,-75.74517566183984,0.44144144144144143,111,49,62,0.5286912397276522,263.637841712,124.25482433816016,1611,0.1265678449258837,0.11711711711711711,766,77,77,1000.3513513513514,0.0033085400265383917,0,3002577,20.623475661839997,-55.12169999999984,-75.74517566183984,12.73759525
0.0014,0.55,0.125,0.97,-63.39176125191983,0.45161290322580644,124,56,68,0.4818337236377771,263.637841712,136.60823874808017,1643,0.09872611464968153,0.14516129032258066,1132,85,85,1000.3064516129032,0.004133622197304022,0,3002577,23.748461251919995,-39.64329999999984,-63.39176125191983,12.43704525
0.0014,0.55,0.125,0.975,-76.27486172360007,0.37777777777777777,45,17,28,0.5000945461011015,247.49707632,123.72513827639993,1814,0.3191489361702128,0.2,96,25,25,1000.3777777777777,0.005478944053568151,0,3002577,8.6573617236,-67.61750000000006,-76.27486172360007,12.693320708
0.0014,0.55,0.125,0.98,-76.27486172360007,0.37777777777777777,45,17,28,0.5000945461011015,247.49707632,123.72513827639993,1842,0.3146853146853147,0.2,98,25,25,1000.3777777777777,0.005478944053568151,0,3002577,8.6573617236,-67.61750000000006,-76.27486172360007,12.650019083
0.0014,0.55,0.125,0.985,-69.76569277784003,0.4166666666666667,60,25,35,0.5091826045589882,265.341669696,130.23430722215997,2146,0.3333333333333333,0.18333333333333332,120,40,40,1000.35,0.004248094463910057,0,3002577,11.77399277784,-57.99170000000003,-69.76569277784003,12.548629209
0.0014,0.6,0.03,0.965,-6.624830480000014,0.5294117647058824,17,9,8,0.10464339968124715,215.975589448,193.37516952,1857,0.00923913043478261,0,1823,0,0,1000.2352941176471,0.017090909090909084,0,3002577,1.6248304799999997,-5.000000000000014,-6.624830480000014,12.684350917
0.0014,0.6,0.03,0.97,-6.624830480000014,0.5294117647058824,17,9,8,0.10464339968124715,215.975589448,193.37516952,1889,0.009081196581196582,0,1855,0,0,1000.2352941176471,0.017090909090909084,0,3002577,1.6248304799999997,-5.000000000000014,-6.624830480000014,12.867014416
0.0014,0.6,0.03,0.975,-6.624830480000014,0.5294117647058824,17,9,8,0.10464339968124715,215.975589448,193.37516952,2057,0.008333333333333333,0,2023,0,0,1000.2352941176471,0.017090909090909084,0,3002577,1.6248304799999997,-5.000000000000014,-6.624830480000014,12.700688625
0.0014,0.6,0.03,0.98,-6.624830480000014,0.5294117647058824,17,9,8,0.10464339968124715,215.975589448,193.37516952,2085,0.008220502901353965,0,2051,0,0,1000.2352941176471,0.017090909090909084,0,3002577,1.6248304799999997,-5.000000000000014,-6.624830480000014,13.131530958
0.0014,0.6,0.03,0.985,-6.624830480000014,0.5294117647058824,17,9,8,0.10464339968124715,215.975589448,193.37516952,2389,0.007166947723440135,0,2355,0,0,1000.2352941176471,0.017090909090909084,0,3002577,1.6248304799999997,-5.000000000000014,-6.624830480000014,12.98657275
0.0014,0.6,0.05,0.965,-45.46367207112007,0.5,78,39,39,0.39971387422146004,257.43778057248005,154.53632792887993,1629,0.05220883534136546,0.02564102564102564,1416,40,40,1000.2692307692307,0.008999349856854442,0,3002577,8.210572071120003,-37.25310000000007,-45.46367207112007,13.152464875
0.0014,0.6,0.05,0.97,3569.9395171611986,0.6543624161073825,298,195,103,0.18472908632157437,4624.1555462239985,3769.9395171611986,1876,0.20355191256830601,0.09060402684563758,1166,60,60,1000.0771812080537,0.011295299638403849,0,3002577,181.29598283879997,3751.2354999999984,3569.9395171611986,13.394550083
0.0014,0.6,0.05,0.975,-42.11552954751994,0.5268817204301075,93,49,44,0.3894046140045149,258.57462089248,157.88447045248006,2053,0.048614741244119186,0.010752688172043012,1820,53,53,1000.2688172043011,0.007531364297793682,0,3002577,9.677929547519998,-32.43759999999995,-42.11552954751994,13.188307916
0.0014,0.6,0.05,0.98,-42.11552954751994,0.5268817204301075,93,49,44,0.3894046140045149,258.57462089248,157.88447045248006,2081,0.04791344667697063,0.010752688172043012,1848,53,53,1000.2688172043011,0.007531364297793682,0,3002577,9.677929547519998,-32.43759999999995,-42.11552954751994,13.184451875
0.0014,0.6,0.05,0.985,-66.43191003112005,0.525,120,63,57,0.48525802793752776,259.48552326848005,133.56808996887995,2390,0.05121638924455826,0.03333333333333333,2223,76,76,1000.2833333333333,0.005077335339194208,0,3002577,12.080810031120006,-54.351100000000045,-66.43191003112005,13.33817175
0.0014,0.6,0.075,0.965,17677.651249475202,0.6291390728476821,453,285,168,0.3999450871895868,19725.36590943168,17877.651249475202,1834,0.33308823529411763,0.2803532008830022,907,71,71,1000.1655629139073,0.010380629546638084,0,3002577,779.7081505247993,18457.3594,17677.651249475202,13.466048459
0.0014,0.6,0.075,0.97,13707.816190170799,0.6403269754768393,367,235,132,0.24222213477299867,15611.36457044968,13907.816190170799,1868,0.25380359612724757,0.24795640326975477,1079,80,80,1000.0708446866485,0.010222975856339463,0,3002577,619.1421098292,14326.958299999998,13707.816190170799,13.382779459
0.0014,0.6,0.075,0.975,-32.60065214791979,0.5153846153846153,130,67,63,0.41921198417144356,265.58518453248007,167.3993478520802,2055,0.07620164126611957,0.05384615384615385,1576,98,98,1000.3846153846154,0.004417224604815237,0,3002577,17.004352147919995,-15.596299999999793,-32.60065214791979,13.053165792
0.0014,0.6,0.075,0.98,-32.5866386839198,0.5151515151515151,132,68,64,0.41921198417144356,265.58518453248007,167.4133613160802,2083,0.07612456747404844,0.05303030303030303,1602,100,100,1000.3787878787879,0.00435452637555382,0,3002577,17.220338683919998,-15.366299999999804,-32.5866386839198,13.111174375
0.0014,0.6,0.075,0.985,-42.36060742895995,0.532967032967033,182,97,85,0.49904461201843936,281.43447662048004,157.63939257104005,2385,0.0893909626719057,0.04395604395604396,1854,152,152,1000.2857142857143,0.0035190125483579205,0,3002577,23.58360742896,-18.77699999999995,-42.36060742895995,13.021481875
0.0014,0.6,0.1,0.965,9843.002308525516,0.6041666666666666,336,203,133,0.43939383473737414,11553.526861516397,10043.002308525516,1844,0.23796033994334279,0.23214285714285715,1076,81,81,1000.1130952380952,0.01107010362682137,0,3002577,457.03979147448024,10300.042099999997,9843.002308525516,13.1131895
0.0014,0.6,0.1,0.97,-45.984734826879986,0.48125,160,77,83,0.4683107038879705,289.671554984,154.01526517312,1880,0.10471204188481675,0.10625,1368,86,86,1000.325,0.006092686957744111,0,3002577,26.924134826880024,-19.060599999999962,-45.984734826879986,12.996328583
0.0014,0.6,0.1,0.975,-61.560019970480084,0.41509433962264153,53,22,31,0.5271814258598092,292.79725374847993,138.43998002951992,2056,0.2560386473429952,0.1509433962264151,154,28,28,1000.3018867924528,0.010324789872366917,0,3002577,9.825119970479998,-51.73490000000009,-61.560019970480084,12.880979917
0.0014,0.6,0.1,0.98,-61.560019970480084,0.41509433962264153,53,22,31,0.5271814258598092,292.79725374847993,138.43998002951992,2084,0.2535885167464115,0.1509433962264151,156,28,28,1000.3018867924528,0.010324789872366917,0,3002577,9.825119970479998,-51.73490000000009,-61.560019970480084,12.684220916
0.0014,0.6,0.1,0.985,-51.63564964248002,0.44285714285714284,70,31,39,0.5301195019605793,315.7491127564799,148.36435035751998,2386,0.2734375,0.12857142857142856,186,45,45,1000.3,0.007966143888473986,0,3002577,13.582749642479998,-38.05290000000002,-51.63564964248002,12.534216083
0.0014,0.6,0.125,0.965,-32.05287800967989,0.4807692307692308,156,75,81,0.5083496395710536,341.59869595904,167.9471219903201,1849,0.15476190476190477,0.1794871794871795,852,73,73,1000.3525641025641,0.008051033991216575,0,3002577,30.597178009680025,-1.4556999999998617,-32.05287800967989,12.676568541
0.0014,0.6,0.125,0.97,-10.727106034880023,0.5098039215686274,204,104,100,0.5146817676229172,389.9974930636,189.27289396511998,1877,0.1955896452540748,0.1715686274509804,839,82,82,1000.3627450980392,0.008176233605616484,0,3002577,43.620106034880024,32.893,-10.727106034880023,12.731048333
0.0014,0.6,0.125,0.975,-44.83711272223988,0.43636363636363634,55,24,31,0.5170903032037033,321.30828663648,155.16288727776012,2057,0.28061224489795916,0.2,141,27,27,1000.3090909090909,0.010326718345551017,0,3002577,12.233512722239997,-32.60359999999989,-44.83711272223988,12.526487042
0.0014,0.6,0.125,0.98,-44.83711272223988,0.43636363636363634,55,24,31,0.5170903032037033,321.30828663648,155.16288727776012,2085,0.2777777777777778,0.2,143,27,27,1000.3090909090909,0.010326718345551017,0,3002577,12.233512722239997,-32.60359999999989,-44.83711272223988,12.719932667
0.0014,0.6,0.125,0.985,-29.59387782751989,0.4647887323943662,71,33,38,0.5041090413009423,343.63627564319995,170.4061221724801,2386,0.3480392156862745,0.2112676056338028,133,42,42,1000.3098591549295,0.008084872178372747,0,3002577,16.38707782752,-13.206799999999891,-29.59387782751989,12.882616167
0.0014,0.65,0.03,0.965,1214.1749289982404,0.7441860465116279,215,160,55,0.145684394134274,1655.3307926116806,1414.1749289982404,2062,0.10820332159033719,0.027906976744186046,1772,1,1,999.9488372093023,0.012034095972442795,0,3002577,62.66847100176001,1276.8434000000004,1214.1749289982404,12.881905708
0.0014,0.65,0.03,0.97,1608.15014104864,0.7521367521367521,234,176,58,0.14435807238190884,2113.20890513408,1808.15014104864,2094,0.11618669314796425,0.04700854700854701,1780,3,3,999.9444444444445,0.011879571275658937,0,3002577,80.78125895136003,1688.9314000000002,1608.15014104864,13.208498334
0.0014,0.65,0.03,0.975,1207.9880473022404,0.7431192660550459,218,162,56,0.14616833812752275,1649.0229985316805,1407.9880473022404,2262,0.09967992684042067,0.022935779816513763,1969,4,4,999.940366972477,0.012018028000393026,0,3002577,62.64035269776002,1270.6284000000005,1207.9880473022404,13.100092208
0.0014,0.65,0.03,0.98,1207.9880473022404,0.7431192660550459,218,162,56,0.14616833812752275,1649.0229985316805,1407.9880473022404,2290,0.09841986455981941,0.022935779816513763,1997,4,4,999.940366972477,0.012018028000393026,0,3002577,62.64035269776002,1270.6284000000005,1207.9880473022404,13.390948375
0.0014,0.65,0.03,0.985,1177.4128100222408,0.7397260273972602,219,162,57,0.16469884393154455,1649.0014409956805,1377.4128100222408,2594,0.0869392616117507,0.0228310502283105,2300,5,5,999.9360730593608,0.01180687216852451,0,3002577,62.55558997776002,1239.9684000000009,1177.4128100222408,13.509074542
0.0014,0.65,0.05,0.965,3455.26236072608,0.6687898089171974,314,210,104,0.1798157063797833,4456.635403967679,3655.26236072608,2050,0.19111381618989653,0.08917197452229299,1329,55,55,1000.0859872611464,0.011617570027333431,0,3002577,179.16943927391998,3634.4318,3455.26236072608,13.378314958
0.0014,0.65,0.05,0.97,3461.0405612140808,0.6698412698412698,315,211,104,0.18610573557053822,4463.54583887168,3661.0405612140808,2081,0.18850987432675045,0.09523809523809523,1356,60,60,1000.0603174603175,0.011592008000807091,0,3002577,179.83923878592,3640.8798000000006,3461.0405612140808,13.244360417
0.0014,0.65,0.05,0.975,13.26390762767997,0.5929203539823009,113,67,46,0.34307790278037714,271.06212626095993,213.26390762767997,2032,0.05727318803852002,0.035398230088495575,1860,62,62,1000.2831858407079,0.008188547135959215,0,3002577,12.080692372319989,25.344599999999957,13.26390762767997,13.261810667
0.0014,0.65,0.05,0.98,18.460124147680034,0.5964912280701754,114,68,46,0.34307790278037714,271.06212626095993,218.46012414768003,2060,0.05697151424287856,0.03508771929824561,1887,63,63,1000.280701754386,0.00811083709592701,0,3002577,12.294475852319998,30.754600000000032,18.460124147680034,13.27610575
0.0014,0.65,0.05,0.985,-56.255939625439964,0.5471698113207547,106,58,48,0.48491530988920667,279.0687883649601,143.74406037456004,2593,0.042724707779121324,0.03773584905660377,2375,67,67,1000.3207547169811,0.008302028738370491,0,3002577,11.486139625439993,-44.769799999999975,-56.255939625439964,13.366753375
0.0014,0.65,0.075,0.965,-19.47356109488001,0.5238095238095238,126,66,60,0.30295742746712584,258.98911489600005,180.52643890512,2055,0.07692307692307693,0.05555555555555555,1512,69,69,1000.2698412698413,0.008315019329314482,0,3002577,16.76796109488,-2.705600000000011,-19.47356109488001,12.985431208
0.0014,0.65,0.075,0.97,-13.87398648048,0.53125,128,68,60,0.2991169912588342,258.98911489600005,186.12601351952,2090,0.07335243553008595,0.046875,1617,75,75,1000.2421875,0.008279876186460724,0,3002577,16.996386480480002,3.1224000000000025,-13.87398648048,13.19872775
0.0014,0.65,0.075,0.975,-35.33196171768003,0.5338983050847458,118,63,55,0.4741039102444948,259.9514139392,164.66803828231997,2266,0.07379612257661038,0.05084745762711865,1481,83,83,1000.4067796610169,0.0054431263084438256,0,3002577,15.139861717679993,-20.19210000000004,-35.33196171768003,13.0076105
0.0014,0.65,0.075,0.98,-34.19139683768003,0.5338983050847458,118,63,55,0.4741039102444948,259.9514139392,165.80860316231997,2294,0.07181984175289105,0.05084745762711865,1525,83,83,1000.4152542372881,0.005430171187842511,0,3002577,15.179296837679992,-19.01210000000004,-34.19139683768003,13.142718958
0.0014,0.65,0.075,0.985,-63.47222365639979,0.527027027027027,148,78,70,0.5129094570443216,280.29239803168014,136.5277763436002,2591,0.14313346228239845,0.04054054054054054,886,102,102,1000.418918918919,0.0057603149283108985,0,3002577,19.3267236564,-44.14549999999979,-63.47222365639979,13.065565584
0.0014,0.65,0.1,0.965,-36.37550837671995,0.5035460992907801,141,71,70,0.45635870658871674,300.9787770104,163.62449162328005,2051,0.08367952522255193,0.0851063829787234,1544,76,76,1000.3049645390071,0.007591841262886929,0,3002577,24.44340837672,-11.932099999999949,-36.37550837671995,12.893579459
0.0014,0.65,0.1,0.97,-36.39948517735999,0.5034965034965035,143,72,71,0.4154499286144967,279.87425343199993,163.60051482264,2092,0.08387096774193549,0.0979020979020979,1562,79,79,1000.3636363636364,0.010510577188921774,0,3002577,24.95338517736002,-11.446099999999973,-36.39948517735999,12.760143125
0.0014,0.65,0.1,0.975,-67.5384248960799,0.45454545454545453,55,25,30,0.5045520226481386,267.35718210400006,132.4615751039201,2265,0.22821576763485477,0.09090909090909091,186,27,27,1000.3090909090909,0.011972950349406996,0,3002577,9.49852489608,-58.0398999999999,-67.5384248960799,12.983871042
0.0014,0.65,0.1,0.98,-67.5384248960799,0.45454545454545453,55,25,30,0.5045520226481386,267.35718210400006,132.4615751039201,2293,0.22633744855967078,0.09090909090909091,188,27,27,1000.3090909090909,0.011972950349406996,0,3002577,9.49852489608,-58.0398999999999,-67.5384248960799,12.52057675
0.0014,0.65,0.1,0.985,-57.684122199279955,0.48,75,36,39,0.513157055683238,292.32400194368,142.31587780072005,2596,0.25773195876288657,0.10666666666666667,216,43,43,1000.3066666666666,0.008957189623185103,0,3002577,13.591222199279997,-44.09289999999996,-57.684122199279955,12.775798417
0.0014,0.65,0.125,0.965,-54.08632574631977,0.5042016806722689,119,60,59,0.5141937958372732,300.3536657280001,145.91367425368023,2061,0.10530973451327434,0.12605042016806722,1011,71,71,1000.4285714285714,0.007358547195782894,0,3002577,23.579825746319994,-30.50649999999978,-54.08632574631977,12.749353584
0.0014,0.65,0.125,0.97,-51.19813558335986,0.4782608695652174,115,55,60,0.5045778314175965,300.3536657280001,148.80186441664014,2096,0.09591326105087573,0.1391304347826087,1084,80,80,1000.2869565217392,0.00585676150003026,0,3002577,23.684735583360006,-27.51339999999985,-51.19813558335986,12.567748167
0.0014,0.65,0.125,0.975,-63.66327989431997,0.45454545454545453,55,25,30,0.5188001387717276,283.3265989680001,136.33672010568003,2267,0.2422907488986784,0.12727272727272726,172,27,27,1000.3454545454546,0.01242673817276384,0,3002577,11.243179894319997,-52.42009999999998,-63.66327989431997,12.797057083
0.0014,0.65,0.125,0.98,-63.66327989431997,0.45454545454545453,55,25,30,0.5188001387717276,283.3265989680001,136.33672010568003,2295,0.24017467248908297,0.12727272727272726,174,27,27,1000.3454545454546,0.01242673817276384,0,3002577,11.243179894319997,-52.42009999999998,-63.66327989431997,12.96802425
0.0014,0.65,0.125,0.985,-51.02979113503983,0.48,75,36,39,0.5266649162118457,314.72462947968006,148.97020886496017,2594,0.31512605042016806,0.16,163,44,44,1000.3066666666666,0.009254367102864985,0,3002577,16.374191135040004,-34.65559999999982,-51.02979113503983,12.950456875
0.0014,0.7,0.03,0.965,7.597419192000018,0.7777777777777778,9,7,2,0.02762614783999993,210.52513196800004,207.59741919200002,2302,0.00392156862745098,0,2286,0,0,1000.5555555555555,0.03736931779458872,0,3002577,0.7725808080000001,8.370000000000019,7.597419192000018,13.121833041
0.0014,0.7,0.03,0.97,7.597419192000018,0.7777777777777778,9,7,2,0.02762614783999993,210.52513196800004,207.59741919200002,2334,0.003867640739149119,0,2318,0,0,1000.5555555555555,0.03736931779458872,0,3002577,0.7725808080000001,8.370000000000019,7.597419192000018,12.957905541
0.0014,0.7,0.03,0.975,7.597419192000018,0.7777777777777778,9,7,2,0.02762614783999993,210.52513196800004,207.59741919200002,2502,0.0036072144288577155,0,2486,0,0,1000.5555555555555,0.03736931779458872,0,3002577,0.7725808080000001,8.370000000000019,7.597419192000018,13.251369333
0.0014,0.7,0.03,0.98,7.597419192000018,0.7777777777777778,9,7,2,0.02762614783999993,210.52513196800004,207.59741919200002,2530,0.0035671819262782403,0,2514,0,0,1000.5555555555555,0.03736931779458872,0,3002577,0.7725808080000001,8.370000000000019,7.597419192000018,13.363780375
0.0014,0.7,0.03,0.985,7.597419192000018,0.7777777777777778,9,7,2,0.02762614783999993,210.52513196800004,207.59741919200002,2834,0.0031835868411743897,0,2818,0,0,1000.5555555555555,0.03736931779458872,0,3002577,0.7725808080000001,8.370000000000019,7.597419192000018,13.335293625
0.0014,0.7,0.05,0.965,1052.5768313741605,0.6605504587155964,327,216,111,0.21696762067932893,1599.6488324797606,1252.5768313741605,2288,0.1752411575562701,0.06116207951070336,1539,57,57,1000.0948012232416,0.017739471533736496,0,3002577,86.10186862583996,1138.6787000000004,1052.5768313741605,13.348054875
0.0014,0.7,0.05,0.97,2399.9132719648014,0.680672268907563,357,243,114,0.2216786476289703,3242.12439902464,2599.9132719648014,2313,0.1900958466453674,0.0896358543417367,1521,63,63,1000.0728291316526,0.01839806557019024,0,3002577,154.20852803520006,2554.1218000000017,2399.9132719648014,13.516315417
0.0014,0.7,0.05,0.975,1923.769457060882,0.674863387978142,366,247,119,0.41187959549919817,2668.16957023688,2123.769457060882,2494,0.17664092664092665,0.08743169398907104,1706,76,76,1000.0628415300547,0.017792827769673294,0,3002577,132.95404293911997,2056.723500000002,1923.769457060882,13.537225667
0.0014,0.7,0.05,0.98,25.083713981439928,0.6111111111111112,144,88,56,0.41187959549919817,296.03533959631994,225.08371398143993,2301,0.06679035250463822,0.034722222222222224,2012,73,73,1000.2708333333334,0.0102512652211365,0,3002577,16.520686018559992,41.60439999999992,25.083713981439928,13.272855333
0.0014,0.7,0.05,0.985,-47.42079183239994,0.5729166666666666,96,55,41,0.40017917929378793,254.37464472799996,152.57920816760006,2829,0.03429796355841372,0.03125,2703,72,72,1000.3125,0.010038429690651607,0,3002577,9.3132918324,-38.107499999999945,-47.42079183239994,13.096481959
0.0014,0.7,0.075,0.965,3129.7626883663197,0.6432584269662921,356,229,127,0.3565300498334503,4155.930282893039,3329.7626883663197,2289,0.19191374663072777,0.1151685393258427,1499,72,72,1000.129213483146,0.01882733238593277,0,3002577,195.2378116336799,3325.0004999999996,3129.7626883663197,13.366737417
0.0014,0.7,0.075,0.97,10.922985453359871,0.5625,128,72,56,0.28926039416235017,247.17380136,210.92298545335987,2318,0.06507371631926792,0.03125,1839,71,71,1000.2734375,0.007596846985732286,0,3002577,17.13211454664,28.05509999999987,10.922985453359871,12.951824917
0.0014,0.7,0.075,0.975,-18.32530304456003,0.5277777777777778,144,76,68,0.37518465166024045,262.46509182144,181.67469695543997,2497,0.0670391061452514,0.041666666666666664,2004,107,107,1000.3263888888889,0.005386894768214523,0,3002577,18.789803044559996,0.4644999999999655,-18.32530304456003,13.206554958
0.0014,0.7,0.075,0.98,-5.277329852240001,0.5342465753424658,146,78,68,0.37518465166024045,262.46509182144,194.72267014776,2525,0.06703397612488522,0.04794520547945205,2032,109,109,1000.3150684931506,0.005271343275040986,0,3002577,19.17942985224,13.902099999999997,-5.277329852240001,13.05459675
0.0014,0.7,0.075,0.985,-78.0981668103199,0.4675324675324675,77,36,41,0.5341726402709764,261.68886529248005,121.9018331896801,2830,0.2064343163538874,0.06493506493506493,296,49,49,1000.3766233766233,0.010352953683688293,0,3002577,10.135066810320005,-67.96309999999988,-78.0981668103199,13.070014459
0.0014,0.7,0.1,0.965,-34.45350147511988,0.5040650406504065,123,62,61,0.41579548716678666,279.13466005600003,165.54649852488012,2290,0.06416275430359937,0.07317073170731707,1794,74,74,1000.430894308943,0.007355236942061066,0,3002577,19.351601475120006,-15.101899999999873,-34.45350147511988,12.817827832999999
0.0014,0.7,0.1,0.97,-34.449968403439925,0.5112781954887218,133,68,65,0.41578282993647625,279.13466005600003,165.55003159656007,2325,0.06775343861436577,0.09022556390977443,1830,81,81,1000.3984962406015,0.006993270032867792,0,3002577,21.225468403440015,-13.22449999999991,-34.449968403439925,13.03267775
0.0014,0.7,0.1,0.975,-67.79753966023995,0.46296296296296297,54,25,29,0.5027027170092829,265.8419115920001,132.20246033976005,2499,0.1956521739130435,0.09259259259259259,222,27,27,1000.3148148148148,0.01341095644185257,0,3002577,8.962839660240002,-58.83469999999995,-67.79753966023995,12.826786958
0.0014,0.7,0.1,0.98,-67.79753966023995,0.46296296296296297,54,25,29,0.5027027170092829,265.8419115920001,132.20246033976005,2527,0.19424460431654678,0.09259259259259259,224,27,27,1000.3148148148148,0.01341095644185257,0,3002577,8.962839660240002,-58.83469999999995,-67.79753966023995,13.023321917
0.0014,0.7,0.1,0.985,-58.24812986168001,0.4935064935064935,77,38,39,0.5231724945476529,297.28123591328,141.75187013832,2830,0.2398753894080997,0.11688311688311688,244,45,45,1000.3636363636364,0.010170575965808028,0,3002577,13.413229861680001,-44.83490000000001,-58.24812986168001,13.017433958
0.0014,0.7,0.125,0.965,-54.16265699031993,0.5076923076923077,130,66,64,0.5115345901823498,298.562272944,145.83734300968007,2298,0.09193776520509193,0.13846153846153847,1284,76,76,1000.3230769230769,0.007728345547249276,0,3002577,24.373156990320002,-29.78949999999993,-54.16265699031993,12.89328325
0.0014,0.7,0.125,0.97,-24.063828877360123,0.5149253731343284,134,69,65,0.45648459280279946,298.562272944,175.93617112263988,2328,0.06889460154241646,0.11194029850746269,1811,82,82,1000.3880597014926,0.0071126941697787,0,3002577,25.05912887735999,0.9952999999998653,-24.063828877360123,12.910699542
0.0014,0.7,0.125,0.975,-63.9756398390401,0.4745762711864407,59,28,31,0.5200456242191094,283.4110220156799,136.0243601609599,2501,0.2260536398467433,0.15254237288135594,202,28,28,1000.3559322033898,0.012875367114160173,0,3002577,11.268039839039998,-52.7076000000001,-63.9756398390401,12.81945675
0.0014,0.7,0.125,0.98,-63.9756398390401,0.4745762711864407,59,28,31,0.5200456242191094,283.4110220156799,136.0243601609599,2529,0.22433460076045628,0.15254237288135594,204,28,28,1000.3559322033898,0.012875367114160173,0,3002577,11.268039839039998,-52.7076000000001,-63.9756398390401,12.840496084
0.0014,0.7,0.125,0.985,-44.3642548479998,0.5066666666666667,75,38,37,0.5201377338660902,324.33420199072015,155.6357451520002,2826,0.28846153846153844,0.17333333333333334,185,41,41,1000.36,0.01109796101446691,0,3002577,15.659854848,-28.7043999999998,-44.3642548479998,12.777330792
0.0016,0.5,0.03,0.965,77.87541637599992,0.5964912280701754,57,34,23,0.1279685476790135,297.414978816,277.8754163759999,1081,0.05347091932457786,0,1009,0,0,1000.0877192982456,0.016882863538443187,0,3002577,6.074583624000001,83.94999999999992,77.87541637599992,12.530100542
0.0016,0.5,0.03,0.97,77.87541637599992,0.5964912280701754,57,34,23,0.1279685476790135,297.414978816,277.8754163759999,1113,0.05191256830601093,0,1041,0,0,1000.0877192982456,0.016882863538443187,0,3002577,6.074583624000001,83.94999999999992,77.87541637599992,12.732381625
0.0016,0.5,0.03,0.975,77.87541637599992,0.5964912280701754,57,34,23,0.1279685476790135,297.414978816,277.8754163759999,1281,0.045023696682464455,0,1209,0,0,1000.0877192982456,0.016882863538443187,0,3002577,6.074583624000001,83.94999999999992,77.87541637599992,12.793263417
0.0016,0.5,0.03,0.98,77.87541637599992,0.5964912280701754,57,34,23,0.1279685476790135,297.414978816,277.8754163759999,1309,0.04404945904173107,0,1237,0,0,1000.0877192982456,0.016882863538443187,0,3002577,6.074583624000001,83.94999999999992,77.87541637599992,12.656528292
0.0016,0.5,0.03,0.985,54.68250484799998,0.5689655172413793,58,33,25,0.1436796295133375,297.414978816,254.68250484799998,1612,0.036318096430807766,0,1539,1,1,1000.0862068965517,0.018854679118374608,0,3002577,6.157495152,60.83999999999998,54.68250484799998,13.054147083
0.0016,0.5,0.05,0.965,200.74644972791998,0.5639097744360902,133,75,58,0.3395834605698189,451.93073895992,400.74644972792,853,0.18244170096021947,0.03007518796992481,596,44,44,1000.2330827067669,0.009826476126197633,0,3002577,19.610450272079994,220.35689999999997,200.74644972791998,12.7024835
0.0016,0.5,0.05,0.97,507.6311732613599,0.5960264900662252,151,90,61,0.3395834605698189,838.5842134236,707.6311732613599,885,0.19712793733681463,0.07947019867549669,615,47,47,1000.205298013245,0.00959442463127229,0,3002577,30.582926738640005,538.2140999999999,507.6311732613599,12.962728666
0.0016,0.5,0.05,0.975,107.98941737952009,0.5636363636363636,110,62,48,0.2572399332043397,346.4556618515201,307.9894173795201,1279,0.08716323296354993,0.00909090909090909,1152,35,35,1000.2,0.01142551171118437,0,3002577,14.172982620479997,122.16240000000009,107.98941737952009,12.552073291
0.0016,0.5,0.05,0.98,107.98941737952009,0.5636363636363636,110,62,48,0.2572399332043397,346.4556618515201,307.9894173795201,1307,0.08527131782945736,0.00909090909090909,1180,35,35,1000.2,0.01142551171118437,0,3002577,14.172982620479997,122.16240000000009,107.98941737952009,12.813819042
0.0016,0.5,0.05,0.985,-37.9162832479999,0.5238095238095238,105,55,50,0.30237300636272785,217.228531072,162.0837167520001,1608,0.06624605678233439,0,1480,49,49,1000.2857142857143,0.013996585369946225,0,3002577,10.476283248000001,-27.4399999999999,-37.9162832479999,12.823652583
0.0016,0.5,0.075,0.965,179.33648477000008,0.5220125786163522,159,83,76,0.3504783562553009,482.23815346024,379.3364847700001,1071,0.22022160664819945,0.06289308176100629,563,66,66,1000.1823899371069,0.008099953957225712,0,3002577,27.448015230000003,206.7845000000001,179.33648477000008,12.644583042
0.0016,0.5,0.075,0.97,272.48202440432016,0.532258064516129,186,99,87,0.40881434422601814,613.3898330385601,472.48202440432016,1106,0.24966442953020135,0.11290322580645161,559,70,70,1000.263440860215,0.010251973896445953,0,3002577,36.50857559567999,308.99060000000014,272.48202440432016,12.679613791
0.0016,0.5,0.075,0.975,877.1501740043998,0.5418502202643172,227,123,104,0.35510201705106414,1423.79570897264,1077.1501740043998,1270,0.24890350877192982,0.09251101321585903,685,104,104,1000.2775330396476,0.008405323808528237,0,3002577,63.10172599560003,940.2518999999999,877.1501740043998,12.903291083
0.0016,0.5,0.075,0.98,1001.2525125625602,0.5478260869565217,230,126,104,0.35510201705106414,1584.7149161788006,1201.2525125625602,1298,0.24364406779661016,0.1,714,107,107,1000.2217391304348,0.008398461197473872,0,3002577,68.33608743744001,1069.5886000000003,1001.2525125625602,12.699301209
0.0016,0.5,0.075,0.985,602.8907700050397,0.5454545454545454,275,150,125,0.45886914103233906,1253.43689598128,802.8907700050397,1604,0.2241238793806031,0.08363636363636363,952,151,151,1000.2181818181818,0.009526791319094579,0,3002577,65.34512999496002,668.2358999999997,602.8907700050397,12.853613
0.0016,0.5,0.1,0.965,14.80508204536028,0.42592592592592593,108,46,62,0.5019732897737956,431.31237267935995,214.80508204536028,1080,0.3624161073825503,0.10185185185185185,190,43,43,1000.4444444444445,0.009496552770551073,0,3002577,19.81261795463999,34.61770000000027,14.80508204536028,12.951352209
0.0016,0.5,0.1,0.97,9.257030605360342,0.4205607476635514,107,45,62,0.503693990345155,421.62904847936,209.25703060536034,1112,0.3566666666666667,0.102803738317757,193,44,44,1000.4299065420561,0.009373000978033886,0,3002577,19.42066939463999,28.677700000000332,9.257030605360342,12.809305041
0.0016,0.5,0.1,0.975,1100.38705391056,0.522633744855967,243,127,116,0.43043846126185625,1900.8891863748001,1300.38705391056,1275,0.26762114537444937,0.11522633744855967,665,119,119,1000.2510288065844,0.008588915777193817,0,3002577,89.87774608943998,1190.2648000000002,1100.38705391056,12.958897625
0.0016,0.5,0.1,0.98,1150.6770994705598,0.5203252032520326,246,128,118,0.44699463462113886,1972.5125496228,1350.6770994705598,1303,0.2608695652173913,0.11382113821138211,697,120,120,1000.2560975609756,0.008710807034133428,0,3002577,92.41770052943997,1243.0947999999999,1150.6770994705598,12.707953625
0.0016,0.5,0.1,0.985,-90.79255200295991,0.4032258064516129,62,25,37,0.5193004058140747,227.184398152,109.20744799704009,1613,0.30392156862745096,0.08064516129032258,142,42,42,1000.3387096774194,0.003482965719778815,0,3002577,9.285652002960001,-81.5068999999999,-90.79255200295991,12.863622792
0.0016,0.5,0.125,0.965,12.30239769095985,0.48427672955974843,159,77,82,0.4514842734652158,351.7739312196798,212.30239769095985,1081,0.2321167883211679,0.13836477987421383,526,71,71,1000.37106918239,0.01154044891422408,0,3002577,28.923302309039986,41.22569999999983,12.30239769095985,12.747605584
0.0016,0.5,0.125,0.97,892.2049681146405,0.5203252032520326,246,128,118,0.4801889418406672,1720.3301888828805,1092.2049681146405,1110,0.33884297520661155,0.21544715447154472,480,82,82,1000.219512195122,0.010818753486443657,0,3002577,104.24813188535997,996.4531000000004,892.2049681146405,12.828331292
0.0016,0.5,0.125,0.975,-95.80940691296004,0.3125,32,10,22,0.5065174707392915,211.133296336,104.19059308703996,1282,0.3764705882352941,0.15625,53,20,20,1000.25,0.003102407524391101,0,3002577,5.514606912959999,-90.29480000000004,-95.80940691296004,12.777366875
0.0016,0.5,0.125,0.98,-95.80940691296004,0.3125,32,10,22,0.5065174707392915,211.133296336,104.19059308703996,1310,0.3764705882352941,0.15625,53,20,20,1000.25,0.003102407524391101,0,3002577,5.514606912959999,-90.29480000000004,-95.80940691296004,12.57155125
0.0016,0.5,0.125,0.985,-96.58657625695997,0.39655172413793105,58,23,35,0.5312473266353558,220.614045784,103.41342374304003,1611,0.3411764705882353,0.10344827586206896,112,42,42,1000.3275862068965,0.0022441213776953858,0,3002577,9.663776256960004,-86.92279999999997,-96.58657625695997,12.645204375
0.0016,0.55,0.03,0.965,46.723653832,0.7647058823529411,17,13,4,0.07567738518215478,246.723653832,246.723653832,1334,0.012927756653992395,0,1298,0,0,1000.0588235294117,0.005494505494505497,0,3002577,1.6463461679999996,48.37,46.723653832,12.739746042
0.0016,0.55,0.03,0.97,46.723653832,0.7647058823529411,17,13,4,0.07567738518215478,246.723653832,246.723653832,1366,0.012620638455827766,0,1330,0,0,1000.0588235294117,0.005494505494505497,0,3002577,1.6463461679999996,48.37,46.723653832,12.56832475
0.0016,0.55,0.03,0.975,46.723653832,0.7647058823529411,17,13,4,0.07567738518215478,246.723653832,246.723653832,1534,0.011221122112211221,0,1498,0,0,1000.0588235294117,0.005494505494505497,0,3002577,1.6463461679999996,48.37,46.723653832,12.523589832999999
0.0016,0.55,0.03,0.98,46.723653832,0.7647058823529411,17,13,4,0.07567738518215478,246.723653832,246.723653832,1562,0.01101749837977965,0,1526,0,0,1000.0588235294117,0.005494505494505497,0,3002577,1.6463461679999996,48.37,46.723653832,12.343891375
0.0016,0.55,0.03,0.985,41.059141831999995,0.7222222222222222,18,13,5,0.07567738518215478,246.723653832,241.059141832,1866,0.009745533297238766,0,1829,1,1,1000.0555555555555,0.005291005291005293,0,3002577,1.7108581679999995,42.769999999999996,41.059141831999995,12.682673333
0.0016,0.55,0.05,0.965,-19.67072653159991,0.5166666666666667,60,31,29,0.21650394861510822,224.78543580800007,180.3292734684001,1111,0.059940059940059943,0.016666666666666666,941,36,36,1000.4166666666666,0.002659053358420972,0,3002577,6.1852265316,-13.485499999999911,-19.67072653159991,12.295565791
0.0016,0.55,0.05,0.97,-2.7169791075998546,0.5454545454545454,77,42,35,0.2283712659342006,221.37216065600003,197.28302089240015,1143,0.07556427870461237,0.012987012987012988,942,43,43,1000.2857142857143,0.0033353660442098873,0,3002577,7.931479107600001,5.214500000000147,-2.7169791075998546,12.228620209
0.0016,0.55,0.05,0.975,4831.090280621519,0.6584507042253521,284,187,97,0.24423728987427368,6256.052974688079,5031.090280621519,1527,0.2294022617124394,0.13732394366197184,954,72,72,1000.1338028169014,0.00800574383779097,0,3002577,198.98961937847992,5030.079899999999,4831.090280621519,12.67530575
0.0016,0.55,0.05,0.98,2949.063822979999,0.6439393939393939,264,170,94,0.24423728987427368,4061.2836650772792,3149.063822979999,1555,0.20869565217391303,0.08712121212121213,1001,73,73,1000.1363636363636,0.008191168677073158,0,3002577,135.88677701999995,3084.9505999999988,2949.063822979999,12.807140459
0.0016,0.55,0.05,0.985,-51.65723965599997,0.5421686746987951,83,45,38,0.3770168531931697,238.116811192,148.34276034400003,1865,0.045108695652173916,0.012048192771084338,1757,59,59,1000.3614457831326,0.0022529364695922445,0,3002577,8.159239656,-43.497999999999976,-51.65723965599997,12.595351959
0.0016,0.55,0.075,0.965,-19.60910495087998,0.5161290322580645,93,48,45,0.26851407697369034,212.40819267999998,180.39089504912002,1329,0.09480122324159021,0.053763440860215055,888,55,55,1000.3118279569892,0.0019633835806193677,0,3002577,11.29250495088,-8.316599999999982,-19.60910495087998,12.656141375
0.0016,0.55,0.075,0.97,1145.07720184608,0.6058823529411764,170,103,67,0.33891121780604166,2034.6392770153598,1345.07720184608,1357,0.17,0.08823529411764706,830,66,66,1000.1588235294117,0.009139328306867964,0,3002577,70.54019815391999,1215.6174,1145.07720184608,12.526280417
0.0016,0.55,0.075,0.975,-68.83448851799994,0.5058823529411764,85,43,42,0.4768730029407042,204.42042252,131.16551148200006,1535,0.06724683544303797,0.047058823529411764,1179,63,63,1000.3764705882353,0.0015457997826961707,0,3002577,9.350788517999996,-59.48369999999995,-68.83448851799994,12.321072875
0.0016,0.55,0.075,0.98,-71.58425028599993,0.5057471264367817,87,44,43,0.4768730029407042,204.42042252,128.41574971400007,1563,0.06712962962962964,0.04597701149425287,1209,65,65,1000.3678160919541,0.0015145411326979816,0,3002577,9.550550285999998,-62.03369999999993,-71.58425028599993,12.763904042
0.0016,0.55,0.075,0.985,-90.94596074951995,0.39655172413793105,58,23,35,0.5007989436226037,218.45714839200005,109.05403925048005,1865,0.26244343891402716,0.06896551724137931,163,38,38,1000.448275862069,0.002202107250076937,0,3002577,7.186860749519997,-83.75909999999996,-90.94596074951995,12.644025667
0.0016,0.55,0.1,0.965,-72.75888443312006,0.4519230769230769,104,47,57,0.4134240894529834,216.921822528,127.24111556687994,1330,0.10558375634517767,0.057692307692307696,881,73,73,1000.4230769230769,0.00150045873871976,0,3002577,15.095084433120004,-57.66380000000005,-72.75888443312006,12.681486292
0.0016,0.55,0.1,0.97,-72.84515482512005,0.46296296296296297,108,50,58,0.4138217921414202,216.921822528,127.15484517487995,1367,0.1062992125984252,0.05555555555555555,908,76,76,1000.3796296296297,0.001616706861117136,0,3002577,15.531354825120006,-57.31380000000004,-72.84515482512005,12.78976375
0.0016,0.55,0.1,0.975,-115.02720857792004,0.3469387755102041,49,17,32,0.5941449687757621,209.36734766047996,84.97279142207996,1533,0.2916666666666667,0.04081632653061224,119,29,29,1000.4285714285714,0.0031196491063754635,0,3002577,7.291608577919997,-107.73560000000003,-115.02720857792004,12.613003375
0.0016,0.55,0.1,0.98,-115.02720857792004,0.3469387755102041,49,17,32,0.5941449687757621,209.36734766047996,84.97279142207996,1561,0.28823529411764703,0.04081632653061224,121,29,29,1000.4285714285714,0.0031196491063754635,0,3002577,7.291608577919997,-107.73560000000003,-115.02720857792004,12.738072917
0.0016,0.55,0.1,0.985,-90.78985281319996,0.4067796610169492,59,24,35,0.5212268670425451,228.10416806848002,109.21014718680004,1869,0.2822966507177033,0.0847457627118644,150,39,39,1000.3728813559322,0.0025777428871254795,0,3002577,9.516352813200003,-81.27349999999996,-90.78985281319996,12.725345625
0.0016,0.55,0.125,0.965,-75.93281345839982,0.4537037037037037,108,49,59,0.4369317049581585,220.34127588799998,124.06718654160018,1333,0.12175873731679819,0.06481481481481481,779,70,70,1000.4629629629629,0.0073033754716733705,0,3002577,19.020813458399996,-56.91199999999982,-75.93281345839982,12.398441625
0.0016,0.55,0.125,0.97,-88.36839985711988,0.45794392523364486,107,49,58,0.4958014774437892,220.34127588799998,111.63160014288012,1368,0.10439024390243902,0.06542056074766354,918,79,79,1000.2897196261682,0.0014670534799783629,0,3002577,16.874599857119996,-71.49379999999988,-88.36839985711988,12.361069
0.0016,0.55,0.125,0.975,-94.82387784895997,0.37209302325581395,43,16,27,0.5052670316199767,212.59169870048,105.17612215104003,1536,0.37719298245614036,0.09302325581395349,71,23,23,1000.4418604651163,0.003267781860793109,0,3002577,7.799077848959999,-87.02479999999997,-94.82387784895997,12.350509333
0.0016,0.55,0.125,0.98,-94.82387784895997,0.37209302325581395,43,16,27,0.5052670316199767,212.59169870048,105.17612215104003,1564,0.37719298245614036,0.09302325581395349,71,23,23,1000.4418604651163,0.003267781860793109,0,3002577,7.799077848959999,-87.02479999999997,-94.82387784895997,12.57569175
0.0016,0.55,0.125,0.985,-94.2469091289601,0.4067796610169492,59,24,35,0.5115212588121584,216.494766208,105.7530908710399,1867,0.38064516129032255,0.0847457627118644,96,39,39,1000.4067796610169,0.002412487252222024,0,3002577,10.494109128960002,-83.7528000000001,-94.2469091289601,12.535564875
0.0016,0.6,0.03,0.965,-6.209877408000011,0.5,8,4,4,0.0788908012612295,210.3877834,193.790122592,1489,0.005416384563303994,0,1469,0,0,1000.125,0.019736842105263153,0,3002577,0.7498774079999999,-5.4600000000000115,-6.209877408000011,12.505997916
0.0016,0.6,0.03,0.97,-6.209877408000011,0.5,8,4,4,0.0788908012612295,210.3877834,193.790122592,1521,0.005301524188204109,0,1501,0,0,1000.125,0.019736842105263153,0,3002577,0.7498774079999999,-5.4600000000000115,-6.209877408000011,12.734861333
0.0016,0.6,0.03,0.975,-6.209877408000011,0.5,8,4,4,0.0788908012612295,210.3877834,193.790122592,1689,0.004770423375074538,0,1669,0,0,1000.125,0.019736842105263153,0,3002577,0.7498774079999999,-5.4600000000000115,-6.209877408000011,12.694445125
0.0016,0.6,0.03,0.98,-6.209877408000011,0.5,8,4,4,0.0788908012612295,210.3877834,193.790122592,1717,0.00469208211143695,0,1697,0,0,1000.125,0.019736842105263153,0,3002577,0.7498774079999999,-5.4600000000000115,-6.209877408000011,12.585704375
0.0016,0.6,0.03,0.985,-6.209877408000011,0.5,8,4,4,0.0788908012612295,210.3877834,193.790122592,2021,0.003982080637132902,0,2001,0,0,1000.125,0.019736842105263153,0,3002577,0.7498774079999999,-5.4600000000000115,-6.209877408000011,12.376074208
0.0016,0.6,0.05,0.965,4178.616797842801,0.6826568265682657,271,185,86,0.17644603409303114,5285.307762213921,4378.616797842801,1474,0.24839596700274977,0.12915129151291513,820,54,54,1000.1180811808118,0.013566806119410463,0,3002577,182.25370215719997,4360.870500000001,4178.616797842801,12.65981825
0.0016,0.6,0.05,0.97,2354.527990667999,0.680365296803653,219,149,70,0.2398528866718277,3165.4809148711192,2554.527990667999,1512,0.19261213720316622,0.0821917808219178,918,52,52,1000.054794520548,0.01369116813039473,0,3002577,108.343009332,2462.8709999999987,2354.527990667999,12.692326792
0.0016,0.6,0.05,0.975,13.929979207520091,0.5887850467289719,107,63,44,0.2927431547332225,249.184366584,213.9299792075201,1461,0.07540521494009866,0.009345794392523364,1312,62,62,1000.2710280373832,0.00600474324256135,0,3002577,11.277420792480001,25.207400000000092,13.929979207520091,12.564946375
0.0016,0.6,0.05,0.98,18.613372479520052,0.5925925925925926,108,64,44,0.2927431547332225,249.184366584,218.61337247952005,1489,0.07474048442906574,0.009259259259259259,1337,63,63,1000.2592592592592,0.006026409361801579,0,3002577,11.38402752048,29.997400000000052,18.613372479520052,12.39793625
0.0016,0.6,0.05,0.985,-54.366187586560045,0.5391304347826087,115,62,53,0.4358074856535473,258.127870736,145.63381241343995,2017,0.06065400843881857,0.02608695652173913,1781,73,73,1000.304347826087,0.00730471789497086,0,3002577,11.925987586559996,-42.44020000000005,-54.366187586560045,12.496170708
0.0016,0.6,0.075,0.965,-6.718721121119955,0.5,102,51,51,0.21572467033496376,246.44569524,193.28127887888004,1483,0.08939526730937773,0.058823529411764705,1039,73,73,1000.2352941176471,0.0030735338532876144,0,3002577,14.174921121119999,7.4562000000000435,-6.718721121119955,12.468565542
0.0016,0.6,0.075,0.97,0.33872085487990944,0.5092592592592593,108,55,53,0.2163100582593078,255.03703141415997,200.3387208548799,1515,0.09207161125319693,0.05555555555555555,1065,79,79,1000.2222222222222,0.002898453599611305,0,3002577,15.087479145120001,15.42619999999991,0.33872085487990944,12.486848292
0.0016,0.6,0.075,0.975,-41.172997125280034,0.5221238938053098,113,59,54,0.4300887212791873,236.877145512,158.82700287471997,1689,0.08401486988847584,0.05309734513274336,1232,87,87,1000.2743362831858,0.003175279289047222,0,3002577,14.048397125280001,-27.124600000000033,-41.172997125280034,12.436508417
0.0016,0.6,0.075,0.98,-56.89190883800009,0.509090909090909,110,56,54,0.4300887212791873,236.877145512,143.1080911619999,1717,0.08130081300813008,0.03636363636363636,1243,82,82,1000.4090909090909,0.003272386247996328,0,3002577,13.588208838,-43.30370000000009,-56.89190883800009,12.684346333
0.0016,0.6,0.075,0.985,-77.22246285792009,0.4411764705882353,68,30,38,0.5223678669408108,257.05460048448003,122.77753714207991,2019,0.2527881040892193,0.04411764705882353,201,48,48,1000.3235294117648,0.004903681080517114,0,3002577,9.26886285792,-67.9536000000001,-77.22246285792009,12.708558083
0.0016,0.6,0.1,0.965,-42.425305440159946,0.47619047619047616,105,50,55,0.39968152920284794,262.485167832,157.57469455984005,1479,0.0938337801608579,0.09523809523809523,1014,76,76,1000.3904761904762,0.0032868425165721218,0,3002577,17.66770544016001,-24.757599999999936,-42.425305440159946,12.500762541
0.0016,0.6,0.1,0.97,-41.070737212159884,0.48623853211009177,109,53,56,0.39452097769745,262.485167832,158.92926278784012,1513,0.0939655172413793,0.10091743119266056,1051,80,80,1000.3577981651376,0.0032205683355886333,0,3002577,18.29213721216001,-22.778599999999873,-41.070737212159884,12.663162625
0.0016,0.6,0.1,0.975,-74.7314659882399,0.41304347826086957,46,19,27,0.5174314294628929,259.58701345248005,125.2685340117601,1687,0.27218934911242604,0.10869565217391304,123,26,26,1000.2826086956521,0.007330750626056802,0,3002577,8.186765988239998,-66.5446999999999,-74.7314659882399,12.814603875
0.0016,0.6,0.1,0.98,-74.7314659882399,0.41304347826086957,46,19,27,0.5174314294628929,259.58701345248005,125.2685340117601,1715,0.26900584795321636,0.10869565217391304,125,26,26,1000.2826086956521,0.007330750626056802,0,3002577,8.186765988239998,-66.5446999999999,-74.7314659882399,12.665536083
0.0016,0.6,0.1,0.985,-65.24550884424005,0.4406779661016949,59,26,33,0.5217608525296556,281.77218838848,134.75449115575995,2019,0.30256410256410254,0.1016949152542373,136,39,39,1000.271186440678,0.005759913174929258,0,3002577,10.942808844239998,-54.30270000000005,-65.24550884424005,13.128384083
0.0016,0.6,0.125,0.965,-54.951502146879875,0.4766355140186916,107,51,56,0.48067372233652766,279.30128724800005,145.04849785312013,1485,0.09502664298401421,0.12149532710280374,1019,78,78,1000.2897196261682,0.00343739559746093,0,3002577,21.566502146880016,-33.38499999999986,-54.951502146879875,12.874854292
0.0016,0.6,0.125,0.97,-46.14252619255984,0.4774774774774775,111,53,58,0.4491343905951086,279.30128724800005,153.85747380744016,1517,0.09711286089238845,0.11711711711711711,1032,82,82,1000.3783783783783,0.003285186119111969,0,3002577,22.425826192559995,-23.716699999999847,-46.14252619255984,13.066875458
0.0016,0.6,0.125,0.975,-62.45194381847992,0.425531914893617,47,20,27,0.5034164307881933,276.9887380684801,137.54805618152008,1689,0.3381294964028777,0.14893617021276595,92,27,27,1000.3191489361702,0.0073027504517165194,0,3002577,10.10704381848,-52.34489999999992,-62.45194381847992,13.11632225
0.0016,0.6,0.125,0.98,-62.45194381847992,0.425531914893617,47,20,27,0.5034164307881933,276.9887380684801,137.54805618152008,1717,0.3333333333333333,0.14893617021276595,94,27,27,1000.3191489361702,0.0073027504517165194,0,3002577,10.10704381848,-52.34489999999992,-62.45194381847992,13.0851945
0.0016,0.6,0.125,0.985,-57.16334749848005,0.45161290322580644,62,28,34,0.5006170615596391,286.02629666848003,142.83665250151995,2018,0.3463687150837989,0.12903225806451613,117,42,42,1000.3064516129032,0.005530588974188552,0,3002577,13.470447498479999,-43.69290000000005,-57.16334749848005,13.202730875
0.0016,0.65,0.03,0.965,31.764872287999935,0.8461538461538461,13,11,2,0.02322299048553295,232.05980694399994,231.76487228799994,1621,0.008074534161490683,0,1597,0,0,1000,0.019250000000000003,0,3002577,1.195127712,32.95999999999994,31.764872287999935,13.0833235
0.0016,0.65,0.03,0.97,31.764872287999935,0.8461538461538461,13,11,2,0.02322299048553295,232.05980694399994,231.76487228799994,1653,0.007917174177831911,0,1629,0,0,1000,0.019250000000000003,0,3002577,1.195127712,32.95999999999994,31.764872287999935,13.17167775
0.0016,0.65,0.03,0.975,31.764872287999935,0.8461538461538461,13,11,2,0.02322299048553295,232.05980694399994,231.76487228799994,1821,0.0071823204419889505,0,1797,0,0,1000,0.019250000000000003,0,3002577,1.195127712,32.95999999999994,31.764872287999935,13.131500959
0.0016,0.65,0.03,0.98,31.764872287999935,0.8461538461538461,13,11,2,0.02322299048553295,232.05980694399994,231.76487228799994,1849,0.007072905331882481,0,1825,0,0,1000,0.019250000000000003,0,3002577,1.195127712,32.95999999999994,31.764872287999935,13.018636958
0.0016,0.65,0.03,0.985,26.100360287999933,0.7857142857142857,14,11,3,0.025680649891422727,232.05980694399994,226.10036028799993,2153,0.006535947712418301,0,2128,1,1,1000,0.01818897637795276,0,3002577,1.2596397119999998,27.359999999999932,26.100360287999933,12.991509583
0.0016,0.65,0.05,0.965,6.375265859839999,0.5909090909090909,88,52,36,0.2878615045362302,258.9914412592,206.37526585984,1393,0.06918238993710692,0.045454545454545456,1184,46,46,1000.375,0.007968790741520753,0,3002577,9.38873414016,15.764,6.375265859839999,12.810655666
0.0016,0.65,0.05,0.97,1687.6717085273606,0.6919642857142857,224,155,69,0.2820076464317605,2403.7361150886395,1887.6717085273606,1639,0.17735550277117973,0.06696428571428571,1039,50,50,1000.0803571428571,0.01450466631671926,0,3002577,85.18629147264002,1772.8580000000006,1687.6717085273606,13.017327833
0.0016,0.65,0.05,0.975,14.63340434496007,0.6057692307692307,104,63,41,0.31929209630822125,258.7560406752,214.63340434496007,1817,0.06653870761356366,0.038461538461538464,1459,66,66,1000.2307692307693,0.006157422783128531,0,3002577,11.386195655040005,26.019600000000075,14.63340434496007,13.121351792
0.0016,0.65,0.05,0.98,1686.2693445244802,0.6867469879518072,249,171,78,0.31929209630822125,2401.2557677897594,1886.2693445244802,1837,0.16137394685677253,0.060240963855421686,1294,69,69,1000.1084337349398,0.01421268190842663,0,3002577,87.99425547552005,1774.2636000000002,1686.2693445244802,13.027080375
0.0016,0.65,0.05,0.985,-50.99343466079998,0.5591397849462365,93,52,41,0.43514453678967685,263.7959177952,149.00656533920002,2147,0.04403409090909091,0.021505376344086023,2019,69,69,1000.3440860215054,0.005088758641734979,0,3002577,9.311434660799998,-41.68199999999998,-50.99343466079998,12.776148667
0.0016,0.65,0.075,0.965,-11.476627717920081,0.5098039215686274,102,52,50,0.21381457425408665,239.79504848135997,188.52337228207992,1614,0.16943521594684385,0.06862745098039216,500,73,73,1000.2254901960785,0.003619541582225069,0,3002577,13.71882771792,2.2421999999999187,-11.476627717920081,12.819704334
0.0016,0.65,0.075,0.97,-10.023904053920091,0.5188679245283019,106,55,51,0.23160712313625778,240.68536044135996,189.9760959460799,1646,0.16614420062695925,0.0660377358490566,532,77,77,1000.2075471698113,0.0035689773507206583,0,3002577,14.106104053919998,4.082199999999906,-10.023904053920091,12.669418792
0.0016,0.65,0.075,0.975,-28.871767490080146,0.5384615384615384,117,63,54,0.42075686099628373,235.81603571967997,171.12823250991985,1821,0.07926829268292683,0.05982905982905983,1359,87,87,1000.3076923076923,0.003753924757907717,0,3002577,14.383167490079996,-14.48860000000015,-28.871767490080146,12.939608083
0.0016,0.65,0.075,0.98,-29.282457706080095,0.5378151260504201,119,64,55,0.42075686099628373,235.81603571967997,170.7175422939199,1849,0.07912234042553191,0.058823529411764705,1385,89,89,1000.3025210084033,0.0036685175278397793,0,3002577,14.683857706079996,-14.598600000000099,-29.282457706080095,12.953118875
0.0016,0.65,0.075,0.985,-75.48338290271995,0.4946236559139785,93,46,47,0.5111575643068375,254.71728312768008,124.51661709728005,2151,0.14396284829721362,0.043010752688172046,553,70,70,1000.4193548387096,0.004758058933474857,0,3002577,11.825782902719995,-63.65759999999996,-75.48338290271995,12.768967541
0.0016,0.65,0.1,0.965,-30.21136070599988,0.5041322314049587,121,61,60,0.3338360258207403,254.87514467168,169.78863929400012,1618,0.09527559055118111,0.11570247933884298,1149,79,79,1000.2892561983471,0.004745734732115591,0,3002577,19.74866070600001,-10.46269999999987,-30.21136070599988,12.661806709
0.0016,0.65,0.1,0.97,-19.322716591119843,0.5042016806722689,119,60,59,0.2927265247995363,254.87514467168,180.67728340888016,1650,0.0920340293890178,0.1092436974789916,1174,84,84,1000.2689075630252,0.0036520802193840563,0,3002577,20.221416591120008,0.898700000000165,-19.322716591119843,12.782345041
0.0016,0.65,0.1,0.975,-73.59288552903998,0.45098039215686275,51,23,28,0.5097690649636991,257.85217830368003,126.40711447096002,1819,0.27419354838709675,0.11764705882352941,135,27,27,1000.2745098039215,0.008416038110361252,0,3002577,8.534185529039998,-65.05869999999997,-73.59288552903998,12.724144417
0.0016,0.65,0.1,0.98,-73.59288552903998,0.45098039215686275,51,23,28,0.5097690649636991,257.85217830368003,126.40711447096002,1847,0.2712765957446808,0.11764705882352941,137,27,27,1000.2745098039215,0.008416038110361252,0,3002577,8.534185529039998,-65.05869999999997,-73.59288552903998,12.700143584
0.0016,0.65,0.1,0.985,-60.31959519383997,0.5038759689922481,129,65,64,0.5007179604081734,279.76252644768005,139.68040480616003,2149,0.20124804992199688,0.06976744186046512,512,94,94,1000.4341085271318,0.00433960264468739,0,3002577,20.954495193839985,-39.365099999999984,-60.31959519383997,12.828528916
0.0016,0.65,0.125,0.965,-46.37549070535994,0.4909090909090909,110,54,56,0.43260598278044543,270.75454557568,153.62450929464006,1618,0.088638195004029,0.13636363636363635,1131,74,74,1000.4090909090909,0.0042671371382222,0,3002577,21.599790705360004,-24.775699999999933,-46.37549070535994,12.620278541
0.0016,0.65,0.125,0.97,-45.41466876927984,0.49572649572649574,117,58,59,0.4290573002124864,270.75454557568,154.58533123072016,1650,0.0925632911392405,0.10256410256410256,1147,81,81,1000.3675213675214,0.003950598502188628,0,3002577,23.37206876928,-22.042599999999844,-45.41466876927984,12.791853792
0.0016,0.65,0.125,0.975,-64.61857036728,0.46,50,23,27,0.5068868446866706,274.54434783168006,135.38142963272,1820,0.2857142857142857,0.14,125,26,26,1000.3,0.008873085712336706,0,3002577,10.203670367279997,-54.4149,-64.61857036728,12.775115167
0.0016,0.65,0.125,0.98,-64.61857036728,0.46,50,23,27,0.5068868446866706,274.54434783168006,135.38142963272,1848,0.2824858757062147,0.14,127,26,26,1000.3,0.008873085712336706,0,3002577,10.203670367279997,-54.4149,-64.61857036728,12.97308275
0.0016,0.65,0.125,0.985,-58.677185599280165,0.46774193548387094,62,29,33,0.5064768115601191,286.35496307167995,141.32281440071984,2149,0.33513513513513515,0.14516129032258066,123,40,40,1000.2741935483871,0.006777587316557167,0,3002577,13.074285599279998,-45.60290000000017,-58.677185599280165,12.97555375
0.0016,0.7,0.03,0.965,5.175615872000037,0.8,5,4,1,0.028020507389876426,205.17561587200004,205.17561587200004,1786,0.00281214848143982,0,1773,0,0,1000.8,0.03019991670137443,0,3002577,0.42438412799999997,5.600000000000037,5.175615872000037,12.890376542
0.0016,0.7,0.03,0.97,5.175615872000037,0.8,5,4,1,0.028020507389876426,205.17561587200004,205.17561587200004,1818,0.0027624309392265192,0,1805,0,0,1000.8,0.03019991670137443,0,3002577,0.42438412799999997,5.600000000000037,5.175615872000037,12.582805959
0.0016,0.7,0.03,0.975,5.175615872000037,0.8,5,4,1,0.028020507389876426,205.17561587200004,205.17561587200004,1986,0.0025278058645096056,0,1973,0,0,1000.8,0.03019991670137443,0,3002577,0.42438412799999997,5.600000000000037,5.175615872000037,12.765223042
0.0016,0.7,0.03,0.98,5.175615872000037,0.8,5,4,1,0.028020507389876426,205.17561587200004,205.17561587200004,2014,0.0024925224327018943,0,2001,0,0,1000.8,0.03019991670137443,0,3002577,0.42438412799999997,5.600000000000037,5.175615872000037,12.785190666
0.0016,0.7,0.03,0.985,5.175615872000037,0.8,5,4,1,0.028020507389876426,205.17561587200004,205.17561587200004,2318,0.0021645021645021645,0,2305,0,0,1000.8,0.03019991670137443,0,3002577,0.42438412799999997,5.600000000000037,5.175615872000037,12.780305917
0.0016,0.7,0.05,0.965,22.12612375911999,0.6170212765957447,94,58,36,0.2772500727222518,256.6650288272,222.12612375912,1560,0.06555090655509066,0.031914893617021274,1340,48,48,1000.3085106382979,0.011519236559193752,0,3002577,9.92177624088,32.04789999999999,22.12612375911999,12.790165
0.0016,0.7,0.05,0.97,175.93033315736028,0.6643356643356644,143,95,48,0.2668851151759167,393.8437681573603,375.9303331573603,1809,0.09774436090225563,0.06293706293706294,1320,52,52,1000.2167832167833,0.014231002592205317,0,3002577,19.62276684264001,195.55310000000028,175.93033315736028,12.665903333
0.0016,0.7,0.05,0.975,-10.44103883919999,0.5925925925925926,108,64,44,0.3071430258275324,257.6244188432,189.5589611608,1758,0.06597434331093463,0.037037037037037035,1529,68,68,1000.3611111111111,0.008428251625942686,0,3002577,11.14503883919999,0.7040000000000006,-10.44103883919999,12.599891041
0.0016,0.7,0.05,0.98,-3.8553842872000246,0.5963302752293578,109,65,44,0.3071430258275324,257.6244188432,196.14461571279998,1786,0.06546546546546547,0.03669724770642202,1556,69,69,1000.3577981651376,0.008265149795601858,0,3002577,11.369384287199995,7.513999999999971,-3.8553842872000246,12.847941584
0.0016,0.7,0.05,0.985,-48.79273235200009,0.5841584158415841,101,59,42,0.4257752977187227,263.32421271199996,151.2072676479999,2306,0.04433713784021071,0.009900990099009901,2177,69,69,1000.3366336633663,0.009060708821804982,0,3002577,10.004732351999998,-38.78800000000009,-48.79273235200009,12.912049208
0.0016,0.7,0.075,0.965,-0.1910555800000111,0.5242718446601942,103,54,49,0.21354196631520084,254.06180096327998,199.80894442,1779,0.07172701949860724,0.06796116504854369,1333,73,73,1000.2330097087379,0.0035221306217481157,0,3002577,14.216855580000004,14.025799999999993,-0.1910555800000111,12.74242875
0.0016,0.7,0.075,0.97,9.810152291999884,0.5321100917431193,109,58,51,0.21267375651721815,266.4843881792799,209.81015229199988,1811,0.07435197817189632,0.06422018348623854,1357,79,79,1000.2201834862385,0.003261161915008068,0,3002577,15.115647708000001,24.925799999999885,9.810152291999884,12.823439041
0.0016,0.7,0.075,0.975,-40.86929332312002,0.5454545454545454,110,60,50,0.440527195241273,238.88055514912,159.13070667687998,1986,0.06773399014778325,0.05454545454545454,1514,83,83,1000.3909090909091,0.0038141207510365817,0,3002577,13.099993323120001,-27.769300000000015,-40.86929332312002,12.759589083
0.0016,0.7,0.075,0.98,-54.76761032888001,0.5321100917431193,109,58,51,0.440527195241273,238.88055514912,145.23238967112,2014,0.06602059357964869,0.045871559633027525,1542,83,83,1000.4128440366973,0.003285614340639033,0,3002577,12.943510328879999,-41.824100000000016,-54.76761032888001,12.940812125
0.0016,0.7,0.075,0.985,-75.47523645280002,0.5,92,46,46,0.5102271614682158,254.25003950911994,124.52476354719998,2316,0.12921348314606743,0.043478260869565216,620,70,70,1000.4239130434783,0.0038935296616168765,0,3002577,11.571236452799994,-63.904000000000025,-75.47523645280002,12.83269725
0.0016,0.7,0.1,0.965,-39.806852578559784,0.49056603773584906,106,52,54,0.3947521963338064,264.67365342112004,160.19314742144022,1776,0.075177304964539,0.09433962264150944,1304,76,76,1000.3867924528302,0.003737257763874104,0,3002577,17.391452578560006,-22.415399999999778,-39.806852578559784,12.808363833
0.0016,0.7,0.1,0.97,7085.919155563598,0.6578947368421053,342,225,117,0.32722276443299747,8404.95553017032,7285.919155563598,1811,0.24341637010676156,0.20760233918128654,1063,85,85,1000.1608187134503,0.0214350896005525,0,3002577,318.1511444364,7404.070299999998,7085.919155563598,12.845633375
0.0016,0.7,0.1,0.975,-73.99116802311993,0.4528301886792453,53,24,29,0.5010985179594796,252.57257497312008,126.00883197688007,1984,0.2245762711864407,0.11320754716981132,183,31,31,1000.4150943396227,0.006416009077311875,0,3002577,8.546068023120002,-65.44509999999993,-73.99116802311993,12.665491916
0.0016,0.7,0.1,0.98,-73.99116802311993,0.4528301886792453,53,24,29,0.5010985179594796,252.57257497312008,126.00883197688007,2012,0.22268907563025211,0.11320754716981132,185,31,31,1000.4150943396227,0.006416009077311875,0,3002577,8.546068023120002,-65.44509999999993,-73.99116802311993,12.657006333
0.0016,0.7,0.1,0.985,-70.86977142935999,0.47692307692307695,65,31,34,0.5276317196098116,273.36769620512007,129.13022857064,2316,0.23722627737226276,0.12307692307692308,209,44,44,1000.3230769230769,0.0053177086467296455,0,3002577,11.430471429359997,-59.43929999999999,-70.86977142935999,12.432986333
0.0016,0.7,0.125,0.965,-53.142342572879954,0.49074074074074076,108,53,55,0.4820963821734919,283.56175236512,146.85765742712005,1783,0.07536636427076064,0.1388888888888889,1325,78,78,1000.2870370370371,0.0036875691185701055,0,3002577,21.33904257288001,-31.803299999999943,-53.142342572879954,12.581880125
0.0016,0.7,0.125,0.97,7254.289839985998,0.6445012787723785,391,252,139,0.3777891234346639,8585.31177456872,7454.289839985998,1808,0.28231046931407944,0.20971867007672634,994,87,87,1000.2046035805627,0.021469241069524393,0,3002577,342.64066001399993,7596.930499999998,7254.289839985998,12.652274625
0.0016,0.7,0.125,0.975,-74.34861014935997,0.4583333333333333,48,22,26,0.5290189832883678,266.78652725312,125.65138985064003,1985,0.23414634146341465,0.14583333333333334,157,27,27,1000.3125,0.007405811542293913,0,3002577,9.657310149359999,-64.69129999999997,-74.34861014935997,12.379667
0.0016,0.7,0.125,0.98,-74.34861014935997,0.4583333333333333,48,22,26,0.5290189832883678,266.78652725312,125.65138985064003,2013,0.2318840579710145,0.14583333333333334,159,27,27,1000.3125,0.007405811542293913,0,3002577,9.657310149359999,-64.69129999999997,-74.34861014935997,12.531002083
0.0016,0.7,0.125,0.985,-62.13677026575999,0.47540983606557374,61,29,32,0.5048588268996177,278.4321668727201,137.86322973424,2314,0.29901960784313725,0.16393442622950818,143,40,40,1000.2786885245902,0.005725203500135997,0,3002577,12.522970265759998,-49.6138,-62.13677026575999,11.685033375
0.0018,0.5,0.03,0.965,110.45452989600011,0.6739130434782609,46,31,15,0.12519294322865188,354.8834311440001,310.4545298960001,959,0.048574445617740235,0,901,0,0,1000.0869565217391,0.013348765432098767,0,3002577,5.5554701039999985,116.0100000000001,110.45452989600011,10.553623959
0.0018,0.5,0.03,0.97,110.45452989600011,0.6739130434782609,46,31,15,0.12519294322865188,354.8834311440001,310.4545298960001,991,0.04698672114402452,0,933,0,0,1000.0869565217391,0.013348765432098767,0,3002577,5.5554701039999985,116.0100000000001,110.45452989600011,12.439235333
0.0018,0.5,0.03,0.975,110.45452989600011,0.6739130434782609,46,31,15,0.12519294322865188,354.8834311440001,310.4545298960001,1159,0.04010462074978204,0,1101,0,0,1000.0869565217391,0.013348765432098767,0,3002577,5.5554701039999985,116.0100000000001,110.45452989600011,12.406694
0.0018,0.5,0.03,0.98,110.45452989600011,0.6739130434782609,46,31,15,0.12519294322865188,354.8834311440001,310.4545298960001,1187,0.03914893617021276,0,1129,0,0,1000.0869565217391,0.013348765432098767,0,3002577,5.5554701039999985,116.0100000000001,110.45452989600011,12.310313667
0.0018,0.5,0.03,0.985,103.28855283200011,0.6595744680851063,47,31,16,0.14538542457639977,354.8834311440001,303.2885528320001,1490,0.031799729364005415,0,1431,1,1,1000.0851063829788,0.01309451219512195,0,3002577,5.6314471679999984,108.9200000000001,103.28855283200011,12.484507
0.0018,0.5,0.05,0.965,1127.7417588669596,0.6098901098901099,182,111,71,0.21206219920783612,1667.1969399449597,1327.7417588669596,958,0.29545454545454547,0.09340659340659341,434,59,59,1000.1648351648352,0.010571546968160116,0,3002577,52.305541133039995,1180.0472999999995,1127.7417588669596,12.331688917
0.0018,0.5,0.05,0.97,1143.7962027587205,0.6071428571428571,196,119,77,0.21206219920783612,1686.3242157087207,1343.7962027587205,990,0.30246913580246915,0.08673469387755102,452,65,65,1000.0714285714286,0.010723296006677503,0,3002577,55.06239724128,1198.8586000000005,1143.7962027587205,12.445731
0.0018,0.5,0.05,0.975,754.0980759429599,0.6127167630057804,173,106,67,0.2092477464095166,1206.5701635509602,954.0980759429599,1156,0.19158361018826134,0.06358381502890173,730,66,66,1000.150289017341,0.010132914135684823,0,3002577,39.59422405704001,793.6922999999999,754.0980759429599,12.519059375
0.0018,0.5,0.05,0.98,286.73918776312007,0.5849056603773585,159,93,66,0.20423246639570156,611.6600228191201,486.73918776312007,1185,0.17060085836909872,0.0440251572327044,773,68,68,1000.1698113207547,0.010591797198236002,0,3002577,25.500312236880006,312.2395000000001,286.73918776312007,12.535487167
0.0018,0.5,0.05,0.985,668.1813975712,0.6102564102564103,195,119,76,0.28504021495945703,1145.5109082912002,868.1813975712,1489,0.15853658536585366,0.035897435897435895,1035,92,92,1000.1538461538462,0.009273208555694575,0,3002577,39.38700242880001,707.5684,668.1813975712,12.626144792
0.0018,0.5,0.075,0.965,1592.71385137376,0.5737704918032787,183,105,78,0.42138468242934923,2363.70732353176,1792.71385137376,954,0.3014827018121911,0.15846994535519127,424,71,71,1000.1803278688525,0.010703013717779953,0,3002577,76.61834862624,1669.3322,1592.71385137376,12.455837041
0.0018,0.5,0.075,0.97,1518.6520857158403,0.5721925133689839,187,107,80,0.42304592718871975,2273.12373417784,1718.6520857158403,986,0.29356357927786497,0.12834224598930483,450,76,76,1000.1764705882352,0.01082740283786274,0,3002577,74.18711428416,1592.8392000000003,1518.6520857158403,12.414783917
0.0018,0.5,0.075,0.975,-13.549123803599883,0.5028901734104047,173,87,86,0.3546885728866653,262.9029591324001,186.45087619640012,1151,0.21437422552664187,0.046242774566473986,634,102,102,1000.150289017341,0.008259008791864579,0,3002577,23.021623803599997,9.472500000000114,-13.549123803599883,12.387367916
0.0018,0.5,0.075,0.98,244.89166032824016,0.533678756476684,193,103,90,0.3546885728866653,636.9064591922402,444.89166032824016,1178,0.23169267707082833,0.05699481865284974,640,103,103,1000.1450777202073,0.008672933832783534,0,3002577,33.63363967176,278.5253000000002,244.89166032824016,12.518590292
0.0018,0.5,0.075,0.985,-49.571334723679996,0.525,200,105,95,0.3616295372765832,214.3138130576,150.42866527632,1485,0.1774622892635315,0.025,927,145,145,1000.285,0.006006044218223473,0,3002577,23.666734723679998,-25.9046,-49.571334723679996,12.138507208
0.0018,0.5,0.1,0.965,-19.944783508159873,0.47794117647058826,136,65,71,0.5045993099772066,363.45370549152,180.05521649184013,957,0.2786885245901639,0.125,352,71,71,1000.2205882352941,0.008450481149897682,0,3002577,24.503983508160005,4.559200000000132,-19.944783508159873,11.651121333
0.0018,0.5,0.1,0.97,354.04191412631997,0.5284090909090909,176,93,83,0.4880506730337035,878.06448232432,554.04191412632,988,0.27716535433070866,0.13068181818181818,459,80,80,1000.0852272727273,0.01039670374258358,0,3002577,47.59478587368001,401.63669999999996,354.04191412631997,12.476484375
0.0018,0.5,0.1,0.975,-37.64387085432017,0.48520710059171596,169,82,87,0.3790112184292984,238.17347605703995,162.35612914567983,1151,0.2175032175032175,0.07692307692307693,608,110,110,1000.3786982248521,0.006092411162802604,0,3002577,24.882170854319988,-12.761700000000182,-37.64387085432017,10.077576125
0.0018,0.5,0.1,0.98,2432.43020433512,0.5477178423236515,241,132,109,0.3790112184292984,3537.4463804171196,2632.43020433512,1180,0.29036144578313255,0.14522821576763487,589,123,123,1000.2199170124481,0.009519049352655618,0,3002577,117.92249566487996,2550.3527,2432.43020433512,8.119257209
0.0018,0.5,0.1,0.985,-82.5025768252001,0.49583333333333335,240,119,121,0.46521857539459716,211.947651864,117.4974231747999,1485,0.215633423180593,0.041666666666666664,873,174,174,1000.2708333333334,0.005747561126578683,0,3002577,33.71287682519996,-48.78970000000013,-82.5025768252001,12.60769425
0.0018,0.5,0.125,0.965,0.9943168751200062,0.43902439024390244,82,36,46,0.5095416012707144,409.80910388295996,200.99431687512,955,0.351931330472103,0.15853658536585366,151,42,42,1000.4146341463414,0.009741697565856628,0,3002577,18.658183124880004,19.65250000000001,0.9943168751200062,12.3580535
0.0018,0.5,0.125,0.97,-10.144568459679874,0.43902439024390244,82,36,46,0.5025766928644496,381.6777959875201,189.85543154032013,989,0.3445378151260504,0.12195121951219512,156,43,43,1000.4024390243902,0.009682112794612792,0,3002577,17.91356845967999,7.769000000000116,-10.144568459679874,7.268373625
0.0018,0.5,0.125,0.975,4115.58601334672,0.5348837209302325,258,138,120,0.44941441811199967,5480.40804036664,4315.58601334672,1153,0.3241206030150754,0.2441860465116279,538,129,129,1000.2131782945736,0.008825877370607364,0,3002577,176.26398665327997,4291.85,4115.58601334672,12.557341542
0.0018,0.5,0.125,0.98,4592.5446850240805,0.5402298850574713,261,141,120,0.44941441811199967,5957.366712044,4792.5446850240805,1181,0.316747572815534,0.26053639846743293,563,130,130,1000.2107279693487,0.008650931391082733,0,3002577,186.60321497592,4779.147900000001,4592.5446850240805,12.135276709
0.0018,0.5,0.125,0.985,-99.52972768528001,0.45384615384615384,130,59,71,0.5087283678783763,204.510632704,100.47027231471999,1483,0.28888888888888886,0.07692307692307693,320,97,97,1000.4461538461538,0.005435732203917282,0,3002577,20.763727685280013,-78.76599999999999,-99.52972768528001,8.805250625
0.0018,0.55,0.03,0.965,24.161174640000013,0.7272727272727273,11,8,3,0.02889253400000001,224.16117464,224.16117464,1135,0.009812667261373774,0,1110,0,0,999.9090909090909,0.007079646017699117,0,3002577,1.03882536,25.200000000000014,24.161174640000013,12.458956667
0.0018,0.55,0.03,0.97,24.161174640000013,0.7272727272727273,11,8,3,0.02889253400000001,224.16117464,224.16117464,1167,0.009540329575021683,0,1142,0,0,999.9090909090909,0.007079646017699117,0,3002577,1.03882536,25.200000000000014,24.161174640000013,11.525452
0.0018,0.55,0.03,0.975,24.161174640000013,0.7272727272727273,11,8,3,0.02889253400000001,224.16117464,224.16117464,1335,0.008327024981074944,0,1310,0,0,999.9090909090909,0.007079646017699117,0,3002577,1.03882536,25.200000000000014,24.161174640000013,11.213101042
0.0018,0.55,0.03,0.98,24.161174640000013,0.7272727272727273,11,8,3,0.02889253400000001,224.16117464,224.16117464,1363,0.00815418828762046,0,1338,0,0,999.9090909090909,0.007079646017699117,0,3002577,1.03882536,25.200000000000014,24.161174640000013,12.429011625
0.0018,0.55,0.03,0.985,24.161174640000013,0.7272727272727273,11,8,3,0.02889253400000001,224.16117464,224.16117464,1667,0.006654567453115548,0,1642,0,0,999.9090909090909,0.007079646017699117,0,3002577,1.03882536,25.200000000000014,24.161174640000013,8.215731333
0.0018,0.55,0.05,0.965,461.87026031944026,0.6312056737588653,141,89,52,0.19908080131310038,826.3883065914403,661.8702603194403,1129,0.17961783439490445,0.028368794326241134,644,53,53,1000.1347517730496,0.007546071909997657,0,3002577,27.71903968056001,489.58930000000026,461.87026031944026,7.254499084
0.0018,0.55,0.05,0.97,6.115527987920018,0.5542168674698795,83,46,37,0.22579218902268372,240.75270489600007,206.11552798792002,935,0.1292834890965732,0.024096385542168676,559,52,52,1000.3734939759037,0.004574762224033097,0,3002577,8.80637201208,14.921900000000019,6.115527987920018,12.614221958
0.0018,0.55,0.05,0.975,-54.96848585639995,0.4666666666666667,45,21,24,0.3694191290914717,227.79456691200002,145.03151414360005,1335,0.03427265803503427,0.044444444444444446,1268,25,25,1000.3111111111111,0.004843637795453488,0,3002577,4.3389858564,-50.62949999999995,-54.96848585639995,12.890911583
0.0018,0.55,0.05,0.98,-54.96848585639995,0.4666666666666667,45,21,24,0.3694191290914717,227.79456691200002,145.03151414360005,1363,0.03355704697986577,0.044444444444444446,1296,25,25,1000.3111111111111,0.004843637795453488,0,3002577,4.3389858564,-50.62949999999995,-54.96848585639995,12.822462208
0.0018,0.55,0.05,0.985,-56.63467370559994,0.5277777777777778,72,38,34,0.4071521483136546,241.82482214719997,143.36532629440006,1662,0.043875685557586835,0.041666666666666664,1569,50,50,1000.3055555555555,0.004297488432335998,0,3002577,6.878673705600003,-49.755999999999936,-56.63467370559994,12.797173417
0.0018,0.55,0.075,0.965,-14.448789390239881,0.5,106,53,53,0.2429717196638202,223.21202808904002,185.55121060976012,1127,0.13554987212276215,0.05660377358490566,676,65,65,1000.2735849056604,0.004034987246556761,0,3002577,13.37418939024,-1.0745999999998812,-14.448789390239881,12.697901875
0.0018,0.55,0.075,0.97,6.8960430148798935,0.5037593984962406,133,67,66,0.2598641562653641,255.66577372615993,206.8960430148799,1163,0.16180048661800486,0.06015037593984962,689,78,78,1000.2406015037594,0.005965038189235038,0,3002577,18.60035698511999,25.496399999999884,6.8960430148798935,12.723752291
0.0018,0.55,0.075,0.975,-28.34526574119974,0.5140845070422535,142,73,69,0.3281304570077469,215.9495597300802,171.65473425880026,1332,0.1443089430894309,0.04225352112676056,842,102,102,1000.3239436619718,0.003814101643508079,0,3002577,17.4125657412,-10.932699999999738,-28.34526574119974,12.689028833
0.0018,0.55,0.075,0.98,-20.922516069199872,0.5174825174825175,143,74,69,0.3281304570077469,224.2425896740802,179.07748393080013,1360,0.14130434782608695,0.04195804195804196,869,103,103,1000.3216783216783,0.003739221512792485,0,3002577,17.779816069200002,-3.14269999999987,-20.922516069199872,12.651276709
0.0018,0.55,0.075,0.985,-85.21886875880017,0.4393939393939394,66,29,37,0.5015185924785255,230.26160957919993,114.78113124119983,1664,0.13721413721413722,0.06060606060606061,415,46,46,1000.3636363636364,0.002522421669583836,0,3002577,8.163368758799999,-77.05550000000017,-85.21886875880017,12.579158375
0.0018,0.55,0.1,0.965,-55.74910154327989,0.4672897196261682,107,50,57,0.4157786259085323,246.91136759768003,144.2508984567201,1131,0.14097496706192358,0.06542056074766354,652,69,69,1000.4392523364486,0.006204564878709229,0,3002577,17.975201543279997,-37.7738999999999,-55.74910154327989,12.663890208
0.0018,0.55,0.1,0.97,-65.58177038832005,0.4636363636363636,110,51,59,0.3989584388936801,223.64215440319998,134.41822961167995,1165,0.1354679802955665,0.06363636363636363,702,77,77,1000.4090909090909,0.0025489228670286623,0,3002577,16.132170388320006,-49.449600000000046,-65.58177038832005,12.717916584
0.0018,0.55,0.1,0.975,-96.99214459519999,0.41935483870967744,62,26,36,0.519556303675606,214.40151300319997,103.00785540480001,1332,0.22962962962962963,0.03225806451612903,208,39,39,1000.5322580645161,0.0036018531421516536,0,3002577,8.7901445952,-88.20199999999998,-96.99214459519999,12.726601583
0.0018,0.55,0.1,0.98,-96.99214459519999,0.41935483870967744,62,26,36,0.519556303675606,214.40151300319997,103.00785540480001,1360,0.22794117647058823,0.03225806451612903,210,39,39,1000.5322580645161,0.0036018531421516536,0,3002577,8.7901445952,-88.20199999999998,-96.99214459519999,12.906677458
0.0018,0.55,0.1,0.985,-87.02135328223994,0.423728813559322,59,25,34,0.5123993538442421,231.70323421120003,112.97864671776006,1664,0.3172043010752688,0.0847457627118644,127,39,39,1000.3220338983051,0.0025635962605192043,0,3002577,9.432153282239998,-77.58919999999995,-87.02135328223994,12.840869375
0.0018,0.55,0.125,0.965,-63.43586660183996,0.4672897196261682,107,50,57,0.42961606323917706,239.42492871328,136.56413339816004,1132,0.1555232558139535,0.07476635514018691,581,70,70,1000.4485981308411,0.0061515759081020235,0,3002577,20.51876660183999,-42.91709999999998,-63.43586660183996,12.887421
0.0018,0.55,0.125,0.97,-70.4139858758399,0.4700854700854701,117,55,62,0.4347514737620608,229.25493496928,129.5860141241601,1164,0.14570361145703611,0.08547008547008547,686,81,81,1000.4017094017094,0.005401489085690926,0,3002577,22.392985875839994,-48.0209999999999,-70.4139858758399,12.672328875
0.0018,0.55,0.125,0.975,-98.28482905352001,0.3958333333333333,48,19,29,0.5283308022401645,215.64938187519996,101.71517094647999,1332,0.36363636363636365,0.10416666666666667,84,28,28,1000.4166666666666,0.003999311126068736,0,3002577,8.46372905352,-89.82110000000002,-98.28482905352001,12.758746834
0.0018,0.55,0.125,0.98,-98.28482905352001,0.3958333333333333,48,19,29,0.5283308022401645,215.64938187519996,101.71517094647999,1360,0.3582089552238806,0.10416666666666667,86,28,28,1000.4166666666666,0.003999311126068736,0,3002577,8.46372905352,-89.82110000000002,-98.28482905352001,12.728666334
0.0018,0.55,0.125,0.985,-91.75398318952,0.41379310344827586,58,24,34,0.5155971665972429,223.4628068752,108.24601681048,1662,0.36024844720496896,0.1206896551724138,103,41,41,1000.3620689655172,0.0019918768712320267,0,3002577,10.414883189519996,-81.3391,-91.75398318952,12.770279625
0.0018,0.6,0.03,0.965,40.29039172,0.7647058823529411,17,13,4,0.027390597124351348,241.069407944,240.29039172,1253,0.013754045307443365,0,1219,0,0,999.9411764705883,0.015988700564971745,0,3002577,1.6596082799999998,41.95,40.29039172,12.602944125
0.0018,0.6,0.03,0.97,40.29039172,0.7647058823529411,17,13,4,0.027390597124351348,241.069407944,240.29039172,1285,0.013406940063091483,0,1251,0,0,999.9411764705883,0.015988700564971745,0,3002577,1.6596082799999998,41.95,40.29039172,12.636615917
0.0018,0.6,0.03,0.975,40.29039172,0.7647058823529411,17,13,4,0.027390597124351348,241.069407944,240.29039172,1453,0.011838440111420613,0,1419,0,0,999.9411764705883,0.015988700564971745,0,3002577,1.6596082799999998,41.95,40.29039172,12.625277208
0.0018,0.6,0.03,0.98,40.29039172,0.7647058823529411,17,13,4,0.027390597124351348,241.069407944,240.29039172,1481,0.011612021857923498,0,1447,0,0,999.9411764705883,0.015988700564971745,0,3002577,1.6596082799999998,41.95,40.29039172,12.721055291999999
0.0018,0.6,0.03,0.985,34.62587972,0.7222222222222222,18,13,5,0.027390597124351348,241.069407944,234.62587972,1785,0.010180995475113122,0,1750,1,1,999.9444444444445,0.015380434782608688,0,3002577,1.7241202799999997,36.35,34.62587972,12.691495625
0.0018,0.6,0.05,0.965,0.49190376392004964,0.5555555555555556,90,50,40,0.22371450980135407,238.610681064,200.49190376392005,1026,0.09922822491730982,0.022222222222222223,817,48,48,1000.2888888888889,0.005806203157863554,0,3002577,9.389996236080005,9.881900000000055,0.49190376392004964,12.751215541
0.0018,0.6,0.05,0.97,1.7790404279200516,0.5604395604395604,91,51,40,0.21920488854214726,238.610681064,201.77904042792005,1056,0.09680851063829787,0.02197802197802198,849,48,48,1000.2967032967033,0.00838578373827032,0,3002577,9.532859572080003,11.311900000000055,1.7790404279200516,12.601332875
0.0018,0.6,0.05,0.975,-27.106994307600047,0.5542168674698795,83,46,37,0.32922805640541364,243.341397736,172.89300569239995,1449,0.05941302791696493,0.012048192771084338,1314,54,54,1000.3012048192771,0.0039014732428812697,0,3002577,8.3014943076,-18.805500000000045,-27.106994307600047,12.769241292
0.0018,0.6,0.05,0.98,-15.865097468079995,0.5681818181818182,88,50,38,0.32922805640541364,243.341397736,184.13490253192,1254,0.07201309328968904,0.022727272727272728,1134,60,60,1000.2954545454545,0.004175118867458761,0,3002577,8.88699746808,-6.978099999999994,-15.865097468079995,12.679571875
0.0018,0.6,0.05,0.985,2421.6859457412806,0.6705426356589147,258,173,85,0.3774967369351715,3311.9254958360007,2621.6859457412806,1550,0.18349928876244664,0.07751937984496124,1148,95,95,1000.1821705426356,0.012777448193977302,0,3002577,109.67885425871997,2531.3648000000007,2421.6859457412806,12.611608958
0.0018,0.6,0.075,0.965,2494.963196648001,0.6153846153846154,234,144,90,0.2469717967455097,3466.5485705604015,2694.963196648001,1249,0.26292134831460673,0.11965811965811966,656,75,75,1000.1410256410256,0.01290742611105055,0,3002577,122.63720335199997,2617.600400000001,2494.963196648001,12.406527125
0.0018,0.6,0.075,0.97,-13.798380608159988,0.5094339622641509,106,54,52,0.3133872919657977,238.6646467712,186.20161939184,1281,0.11349036402569593,0.04716981132075472,828,70,70,1000.2264150943396,0.001807091959025393,0,3002577,13.225380608159998,-0.5729999999999897,-13.798380608159988,12.51669275
0.0018,0.6,0.075,0.975,-45.983415625520024,0.5225225225225225,111,58,53,0.4240215223348309,231.34764933120005,154.01658437447998,1451,0.09982014388489209,0.04504504504504504,1001,86,86,1000.2972972972973,0.0013318102405590658,0,3002577,13.428115625520007,-32.55530000000002,-45.983415625520024,12.480328583
0.0018,0.6,0.075,0.98,-47.25345886552003,0.5175438596491229,114,59,55,0.4240215223348309,231.34764933120005,152.74654113447997,1479,0.10017574692442882,0.043859649122807015,1024,86,86,1000.3157894736842,0.0012885190482382015,0,3002577,13.748158865520006,-33.50530000000003,-47.25345886552003,12.467770041
0.0018,0.6,0.075,0.985,-82.81930389480004,0.4264705882352941,68,29,39,0.5283098108392194,248.42724906720002,117.18069610519996,1778,0.2821576763485477,0.058823529411764705,173,48,48,1000.3676470588235,0.0019059032744423417,0,3002577,9.023803894799995,-73.79550000000005,-82.81930389480004,12.516415292
0.0018,0.6,0.1,0.965,-26.46021628039989,0.5075757575757576,132,67,65,0.30405741966907357,249.35934173919998,173.5397837196001,1252,0.14473684210526316,0.10606060606060606,780,75,75,1000.280303030303,0.006425657015590201,0,3002577,23.050516280400004,-3.409699999999887,-26.46021628039989,12.459857292
0.0018,0.6,0.1,0.97,-54.9233242199999,0.48760330578512395,121,59,62,0.41820236303104724,249.35934173919998,145.0766757800001,1280,0.13038793103448276,0.10743801652892562,807,78,78,1000.3553719008264,0.0036530806078625723,0,3002577,19.967324219999988,-34.95599999999991,-54.9233242199999,12.6699095
0.0018,0.6,0.1,0.975,-81.87589101503994,0.38636363636363635,44,17,27,0.507841141777037,240.01215666719997,118.12410898496006,1446,0.3235294117647059,0.11363636363636363,92,24,24,1000.3409090909091,0.002785044950768209,0,3002577,7.1386910150399965,-74.73719999999994,-81.87589101503994,12.346984292
0.0018,0.6,0.1,0.98,-81.87589101503994,0.38636363636363635,44,17,27,0.507841141777037,240.01215666719997,118.12410898496006,1474,0.3188405797101449,0.11363636363636363,94,24,24,1000.3409090909091,0.002785044950768209,0,3002577,7.1386910150399965,-74.73719999999994,-81.87589101503994,12.437112708
0.0018,0.6,0.1,0.985,-76.42435797032003,0.43548387096774194,62,27,35,0.5232415664843885,259.1996980912,123.57564202967997,1778,0.30392156862745096,0.11290322580645161,142,42,42,1000.3225806451613,0.0019757787627192732,0,3002577,10.819257970319997,-65.60510000000004,-76.42435797032003,12.34625075
0.0018,0.6,0.125,0.965,-69.19062919072002,0.4444444444444444,63,28,35,0.5022566561051475,262.8048620112,130.80937080927998,1247,0.1897590361445783,0.07936507936507936,269,41,41,1000.4603174603175,0.0020633116080696545,0,3002577,11.587229190720004,-57.603400000000015,-69.19062919072002,12.412098417
0.0018,0.6,0.125,0.97,-63.24834949088,0.4818181818181818,110,53,57,0.48027147687481125,262.8048620112,136.75165050912,1279,0.11764705882352941,0.1,825,81,81,1000.290909090909,0.0017534476516473045,0,3002577,19.65454949088001,-43.59379999999999,-63.24834949088,12.364727125
0.0018,0.6,0.125,0.975,-83.63348301352012,0.4090909090909091,44,18,26,0.5329211685064837,249.13678193119998,116.36651698647988,1448,0.38596491228070173,0.13636363636363635,70,24,24,1000.3636363636364,0.003308672017583455,0,3002577,8.642383013520002,-74.99110000000012,-83.63348301352012,12.3837935
0.0018,0.6,0.125,0.98,-83.63348301352012,0.4090909090909091,44,18,26,0.5329211685064837,249.13678193119998,116.36651698647988,1476,0.3793103448275862,0.13636363636363635,72,24,24,1000.3636363636364,0.003308672017583455,0,3002577,8.642383013520002,-74.99110000000012,-83.63348301352012,12.592626625
0.0018,0.6,0.125,0.985,-77.8802231412801,0.42857142857142855,63,27,36,0.527394957578245,258.3971094192,122.1197768587199,1777,0.375,0.12698412698412698,105,43,43,1000.3809523809524,0.0018682983906546735,0,3002577,12.50882314128,-65.3714000000001,-77.8802231412801,12.575052583
0.0018,0.65,0.03,0.965,10.339044047999977,1,3,3,0,0,210.33904404799998,210.33904404799998,1345,0.002242152466367713,0,1335,0,0,1000,0.05333333333333331,0,3002577,0.28095595199999995,10.619999999999976,10.339044047999977,12.482110583
0.0018,0.65,0.03,0.97,10.339044047999977,1,3,3,0,0,210.33904404799998,210.33904404799998,1377,0.0021897810218978104,0,1367,0,0,1000,0.05333333333333331,0,3002577,0.28095595199999995,10.619999999999976,10.339044047999977,12.452612542
0.0018,0.65,0.03,0.975,10.339044047999977,1,3,3,0,0,210.33904404799998,210.33904404799998,1545,0.0019505851755526658,0,1535,0,0,1000,0.05333333333333331,0,3002577,0.28095595199999995,10.619999999999976,10.339044047999977,12.437268917
0.0018,0.65,0.03,0.98,10.339044047999977,1,3,3,0,0,210.33904404799998,210.33904404799998,1573,0.0019157088122605363,0,1563,0,0,1000,0.05333333333333331,0,3002577,0.28095595199999995,10.619999999999976,10.339044047999977,12.713169375
0.0018,0.65,0.03,0.985,10.339044047999977,1,3,3,0,0,210.33904404799998,210.33904404799998,1877,0.0016042780748663102,0,1867,0,0,1000,0.05333333333333331,0,3002577,0.28095595199999995,10.619999999999976,10.339044047999977,12.995993875
0.0018,0.65,0.05,0.965,698.65139322816,0.6684491978609626,187,125,62,0.21054658552703903,1138.32099114816,898.65139322816,1335,0.19298245614035087,0.0481283422459893,782,52,52,1000.1283422459893,0.012327873755394845,0,3002577,43.554006771839994,742.2054,698.65139322816,12.939908208
0.0018,0.65,0.05,0.97,40.47053290312013,0.6,95,57,38,0.2604218677072529,256.05100772320003,240.47053290312013,1374,0.09125840537944284,0.031578947368421054,946,56,56,1000.1789473684211,0.006314953210593898,0,3002577,10.087367096880001,50.55790000000013,40.47053290312013,12.860103834
0.0018,0.65,0.05,0.975,10.065912039200157,0.6,95,57,38,0.2989039557186285,261.21178954720006,210.06591203920016,1313,0.0740452065471551,0.031578947368421054,1188,64,64,1000.3473684210526,0.004466345145732859,0,3002577,10.061887960800002,20.127800000000157,10.065912039200157,12.6385965
0.0018,0.65,0.05,0.98,8.107312834720176,0.5979381443298969,97,58,39,0.2989039557186285,261.21178954720006,208.10731283472018,1341,0.07398932112890923,0.020618556701030927,1214,66,66,1000.319587628866,0.0040783031140331685,0,3002577,10.286087165280007,18.393400000000184,8.107312834720176,12.843785125
0.0018,0.65,0.05,0.985,-34.30100447727989,0.5797101449275363,138,80,58,0.3887226515703143,271.0700730992001,165.6989955227201,1642,0.09067017082785808,0.021739130434782608,1384,100,100,1000.3260869565217,0.004279042341479105,0,3002577,14.346404477279998,-19.954599999999893,-34.30100447727989,12.665127292
0.0018,0.65,0.075,0.965,8.532403814879984,0.5289256198347108,121,64,57,0.2361493597945084,255.59783040616,208.53240381487998,1343,0.12124248496993988,0.06611570247933884,877,73,73,1000.2314049586777,0.006491046831955924,0,3002577,16.663996185120002,25.196399999999986,8.532403814879984,12.764522375
0.0018,0.65,0.075,0.97,7.077439352799956,0.5263157894736842,114,60,54,0.20865611392427347,261.67819452007996,207.07743935279996,1375,0.11003861003861004,0.06140350877192982,922,79,79,1000.219298245614,0.003152339728213119,0,3002577,15.578360647199998,22.655799999999957,7.077439352799956,12.699977917
0.0018,0.65,0.075,0.975,-42.780760976479996,0.5315315315315315,111,59,52,0.4523040543738925,245.9017510784,157.21923902352,1543,0.09273182957393483,0.036036036036036036,1086,84,84,1000.3063063063063,0.0023150883601009845,0,3002577,13.432160976479999,-29.348599999999998,-42.780760976479996,12.770436166
0.0018,0.65,0.075,0.98,-42.58113279471996,0.5315315315315315,111,59,52,0.4523040543738925,245.9017510784,157.41886720528004,1571,0.09196354598177299,0.04504504504504504,1096,83,83,1000.4144144144144,0.0022996631873812,0,3002577,13.517332794719998,-29.063799999999965,-42.58113279471996,12.637766917
0.0018,0.65,0.075,0.985,-71.67675673928008,0.5,92,46,46,0.5186922195004134,266.61368974239997,128.32324326071992,1873,0.16546762589928057,0.05434782608695652,464,69,69,1000.445652173913,0.0027802554992818816,0,3002577,11.832856739279991,-59.84390000000009,-71.67675673928008,12.936041583
0.0018,0.65,0.1,0.965,-32.70121370423979,0.5042016806722689,119,60,59,0.3310847443086023,250.10460573639998,167.2987862957602,1342,0.11864406779661017,0.1092436974789916,884,78,78,1000.2857142857143,0.006928919112097848,0,3002577,20.465713704239995,-12.235499999999796,-32.70121370423979,12.737248375
0.0018,0.65,0.1,0.97,-19.656273750399805,0.5,112,56,56,0.2828487669198656,250.10460573639998,180.3437262496002,1374,0.2,0.125,448,83,83,1000.2857142857143,0.002212521240169753,0,3002577,19.07207375040001,-0.5841999999997967,-19.656273750399805,12.73068
0.0018,0.65,0.1,0.975,-74.78835604831997,0.43478260869565216,46,20,26,0.5170651632203015,259.2723374164,125.21164395168003,1541,0.2929936305732484,0.15217391304347827,111,26,26,1000.3260869565217,0.005060050462573592,0,3002577,7.78675604832,-67.00159999999997,-74.78835604831997,12.671354167
0.0018,0.65,0.1,0.98,-74.78835604831997,0.43478260869565216,46,20,26,0.5170651632203015,259.2723374164,125.21164395168003,1569,0.2893081761006289,0.15217391304347827,113,26,26,1000.3260869565217,0.005060050462573592,0,3002577,7.78675604832,-67.00159999999997,-74.78835604831997,12.544416666
0.0018,0.65,0.1,0.985,-64.81356211855993,0.47692307692307695,65,31,34,0.5128920563024004,277.52870720040005,135.18643788144007,1874,0.29545454545454547,0.13846153846153847,155,44,44,1000.3538461538461,0.0034918830930768014,0,3002577,11.547762118560003,-53.26579999999993,-64.81356211855993,12.684357208
0.0018,0.65,0.125,0.965,-50.31185075791987,0.5,112,56,56,0.4223228770529116,259.12078442440003,149.68814924208013,1342,0.1154639175257732,0.10714285714285714,858,72,72,1000.4017857142857,0.0062641700996289495,0,3002577,22.054650757919998,-28.257199999999873,-50.31185075791987,12.890129708
0.0018,0.65,0.125,0.97,-53.65029022935988,0.49557522123893805,113,56,57,0.46709532178354596,259.12078442440003,146.34970977064012,1374,0.11311311311311312,0.12389380530973451,886,80,80,1000.4070796460177,0.003019188035013817,0,3002577,20.788790229360007,-32.86149999999988,-53.65029022935988,12.681908208
0.0018,0.65,0.125,0.975,-75.41970824655994,0.43478260869565216,46,20,26,0.5393379859369656,270.43751807240005,124.58029175344006,1540,0.3026315789473684,0.1956521739130435,106,26,26,1000.3478260869565,0.004886857621959556,0,3002577,9.22190824656,-66.19779999999993,-75.41970824655994,12.551205708
0.0018,0.65,0.125,0.98,-75.41970824655994,0.43478260869565216,46,20,26,0.5393379859369656,270.43751807240005,124.58029175344006,1568,0.2987012987012987,0.1956521739130435,108,26,26,1000.3478260869565,0.004886857621959556,0,3002577,9.22190824656,-66.19779999999993,-75.41970824655994,12.696954417
0.0018,0.65,0.125,0.985,-61.36516877456003,0.4603174603174603,63,29,34,0.5041022942313848,279.56336480839997,138.63483122543997,1871,0.3795180722891566,0.1746031746031746,103,43,43,1000.3650793650794,0.0034587822632353143,0,3002577,12.77936877456,-48.585800000000035,-61.36516877456003,12.784740166
0.0018,0.7,0.03,0.965,4.535512191999999,0.8,5,4,1,0.02842336000000003,204.535512192,204.535512192,1454,0.0034602076124567475,0,1440,0,0,1001,0.08419991670137443,0,3002577,0.42448780799999997,4.959999999999999,4.535512191999999,12.547942542
0.0018,0.7,0.03,0.97,4.535512191999999,0.8,5,4,1,0.02842336000000003,204.535512192,204.535512192,1486,0.003385240352064997,0,1472,0,0,1001,0.08419991670137443,0,3002577,0.42448780799999997,4.959999999999999,4.535512191999999,12.73029375
0.0018,0.7,0.03,0.975,4.535512191999999,0.8,5,4,1,0.02842336000000003,204.535512192,204.535512192,1654,0.00303951367781155,0,1640,0,0,1001,0.08419991670137443,0,3002577,0.42448780799999997,4.959999999999999,4.535512191999999,12.946138333
0.0018,0.7,0.03,0.98,4.535512191999999,0.8,5,4,1,0.02842336000000003,204.535512192,204.535512192,1682,0.002988643156007173,0,1668,0,0,1001,0.08419991670137443,0,3002577,0.42448780799999997,4.959999999999999,4.535512191999999,12.965544583
0.0018,0.7,0.03,0.985,4.535512191999999,0.8,5,4,1,0.02842336000000003,204.535512192,204.535512192,1986,0.0025290844714213456,0,1972,0,0,1001,0.08419991670137443,0,3002577,0.42448780799999997,4.959999999999999,4.535512191999999,12.93725325
0.0018,0.7,0.05,0.965,5.925082799120048,0.5945945945945946,74,44,30,0.2542036833004865,249.8475873952,205.92508279912005,1228,0.06630824372759857,0.04054054054054054,1042,48,48,1000.3918918918919,0.0069554503613667665,0,3002577,7.562817200880003,13.487900000000051,5.925082799120048,12.69198075
0.0018,0.7,0.05,0.97,19.10550661512005,0.6103896103896104,77,47,30,0.25083218036707666,253.15518415112004,219.10550661512005,1486,0.06649395509499137,0.03896103896103896,1081,51,51,1000.2077922077922,0.006352579966832407,0,3002577,7.892393384880002,26.99790000000005,19.10550661512005,12.8661365
0.0018,0.7,0.05,0.975,-37.17400973895994,0.5844155844155844,77,45,32,0.36865731552056225,249.3034422832,162.82599026104006,1654,0.04961340206185567,0.03896103896103896,1475,45,45,1000.3766233766233,0.008857958784635573,0,3002577,7.722309738959999,-29.45169999999994,-37.17400973895994,12.713330458
0.0018,0.7,0.05,0.98,-37.17400973895994,0.5844155844155844,77,45,32,0.36865731552056225,249.3034422832,162.82599026104006,1682,0.048734177215189876,0.03896103896103896,1503,45,45,1000.3766233766233,0.008857958784635573,0,3002577,7.722309738959999,-29.45169999999994,-37.17400973895994,12.942113583
0.0018,0.7,0.05,0.985,-46.08796077280016,0.5806451612903226,93,54,39,0.41479770748888867,261.54201001919995,153.91203922719984,1974,0.047667862634546386,0.021505376344086023,1858,66,66,1000.3763440860215,0.008616820599983813,0,3002577,9.105960772799996,-36.98200000000016,-46.08796077280016,12.835293042
0.0018,0.7,0.075,0.965,-7.469614100000086,0.5503875968992248,129,71,58,0.2695681268983538,259.212462534,192.5303858999999,1453,0.11737943585077343,0.06976744186046512,970,73,73,1000.2868217054264,0.006874983379585349,0,3002577,18.375614099999986,10.9059999999999,-7.469614100000086,12.8838895
0.0018,0.7,0.075,0.97,-0.30461788208009466,0.5321100917431193,109,58,51,0.2150846778228184,254.4164656691999,199.6953821179199,1486,0.09511343804537521,0.07339449541284404,1037,79,79,1000.2293577981651,0.0032457756606147775,0,3002577,15.140017882080006,14.835399999999911,-0.30461788208009466,12.773241667
0.0018,0.7,0.075,0.975,-44.92223927095995,0.5423728813559322,118,64,54,0.4413667325079627,247.64230548352,155.07776072904005,1654,0.1107981220657277,0.05084745762711865,947,85,85,1000.3050847457627,0.003925825649408701,0,3002577,14.267739270959998,-30.65449999999995,-44.92223927095995,12.583867041
0.0018,0.7,0.075,0.98,-27.404478670239996,0.5537190082644629,121,67,54,0.4413667325079627,247.64230548352,172.59552132976,1682,0.10755555555555556,0.06611570247933884,1004,88,88,1000.3140495867768,0.0037418899343891142,0,3002577,14.879078670239993,-12.525400000000003,-27.404478670239996,12.713215
0.0018,0.7,0.075,0.985,-67.25804872976002,0.5204081632653061,98,51,47,0.5046585949520526,267.98072989151996,132.74195127023998,1983,0.16470588235294117,0.07142857142857142,497,69,69,1000.4489795918367,0.005379145872896702,0,3002577,12.348248729759993,-54.909800000000025,-67.25804872976002,12.891849375
0.0018,0.7,0.1,0.965,-18.043868899279914,0.5303030303030303,132,70,62,0.3354635073226787,266.00013366392005,181.95613110072009,1452,0.11956521739130435,0.11363636363636363,972,79,79,1000.3560606060606,0.0063590387098398605,0,3002577,22.51576889928,4.471900000000087,-18.043868899279914,12.725910083
0.0018,0.7,0.1,0.97,-21.267751995279923,0.5241935483870968,124,65,59,0.2935269797897364,252.99231943992,178.73224800472008,1482,0.10877192982456141,0.12096774193548387,1016,84,84,1000.2741935483871,0.0043539116260110835,0,3002577,21.249651995280008,-0.018099999999915184,-21.267751995279923,12.578134708
0.0018,0.7,0.1,0.975,-69.48452874120011,0.46938775510204084,49,23,26,0.501904021878793,262.02875949951994,130.5154712587999,1650,0.2832369942196532,0.14285714285714285,124,27,27,1000.3061224489796,0.007449045175768272,0,3002577,8.2290287412,-61.25550000000011,-69.48452874120011,12.462230458
0.0018,0.7,0.1,0.98,-69.48452874120011,0.46938775510204084,49,23,26,0.501904021878793,262.02875949951994,130.5154712587999,1678,0.28,0.14285714285714285,126,27,27,1000.3061224489796,0.007449045175768272,0,3002577,8.2290287412,-61.25550000000011,-69.48452874120011,12.432451958
0.0018,0.7,0.1,0.985,-64.58869632319997,0.5,64,32,32,0.5092176477903645,275.90907266152004,135.41130367680003,1984,0.28193832599118945,0.140625,163,42,42,1000.3125,0.007931438216085945,0,3002577,11.498696323199997,-53.089999999999975,-64.58869632319997,12.505613708
0.0018,0.7,0.125,0.965,-57.7183134315199,0.5,114,57,57,0.44585609486637207,256.75945408832,142.2816865684801,1449,0.1056533827618165,0.15789473684210525,965,77,77,1000.3947368421053,0.004142491973726311,0,3002577,22.334313431520002,-35.3839999999999,-57.7183134315199,12.446323959
0.0018,0.7,0.125,0.97,4218.69699217888,0.6470588235294118,391,253,138,0.44345616010834765,5311.110996619121,4418.69699217888,1477,0.37452107279693486,0.16879795396419436,653,86,86,1000.2583120204604,0.021375961995691785,0,3002577,253.92660782112,4472.6236,4218.69699217888,12.653001042
0.0018,0.7,0.125,0.975,-65.74724865744,0.4791666666666667,48,23,25,0.5018521196916617,269.50380930951997,134.25275134256,1653,0.2926829268292683,0.1875,116,26,26,1000.3333333333334,0.007618056565362805,0,3002577,9.619048657439997,-56.1282,-65.74724865744,12.434897958
0.0018,0.7,0.125,0.98,-65.74724865744,0.4791666666666667,48,23,25,0.5018521196916617,269.50380930951997,134.25275134256,1681,0.2891566265060241,0.1875,118,26,26,1000.3333333333334,0.007618056565362805,0,3002577,9.619048657439997,-56.1282,-65.74724865744,12.490662083
0.0018,0.7,0.125,0.985,-65.2679554858399,0.4838709677419355,62,30,32,0.510149730267111,275.0474029291201,134.7320445141601,1980,0.36046511627906974,0.1935483870967742,110,40,40,1000.3225806451613,0.0062175605826676516,0,3002577,12.487255485839999,-52.78069999999991,-65.2679554858399,12.534756208
