Backtest input: backtest_ready | replay_quality=sweep_grade | windows=223 | dry_run_ticks=86333

Live fidelity: no_live_trading

Loading tick data into memory...
Loaded 59767459 ticks.

Sweep: LATENCY_ARB_MOMENTUM_THRESHOLD(8) x LATENCY_ARB_MAX_ASK(5) x LATENCY_ARB_MAX_POSITION_FRACTION(5) x LATENCY_ARB_COOLDOWN_MS(3) = 600 combinations on 8 Rayon threads

[1/600] LATENCY_ARB_MOMENTUM_THRESHOLD=0.0006 LATENCY_ARB_MAX_ASK=0.5 LATENCY_ARB_MAX_POSITION_FRACTION=0.03 LATENCY_ARB_COOLDOWN_MS=30000 ... PnL=$0 WR=0.0% Trades=0 DD=0.0% (271.1s)
[301/600] LATENCY_ARB_MOMENTUM_THRESHOLD=0.0014 LATENCY_ARB_MAX_ASK=0.5 LATENCY_ARB_MAX_POSITION_FRACTION=0.03 LATENCY_ARB_COOLDOWN_MS=30000 ... PnL=$0 WR=0.0% Trades=0 DD=0.0% (271.1s)
[338/600] LATENCY_ARB_MOMENTUM_THRESHOLD=0.0014 LATENCY_ARB_MAX_ASK=0.6 LATENCY_ARB_MAX_POSITION_FRACTION=0.075 LATENCY_ARB_COOLDOWN_MS=60000 ... PnL=$0 WR=0.0% Trades=0 DD=0.0% (271.1s)
[376/600] LATENCY_ARB_MOMENTUM_THRESHOLD=0.0016 LATENCY_ARB_MAX_ASK=0.5 LATENCY_ARB_MAX_POSITION_FRACTION=0.03 LATENCY_ARB_COOLDOWN_MS=30000 ... PnL=$0 WR=0.0% Trades=0 DD=0.0% (271.7s)
[151/600] LATENCY_ARB_MOMENTUM_THRESHOLD=0.001 LATENCY_ARB_MAX_ASK=0.5 LATENCY_ARB_MAX_POSITION_FRACTION=0.03 LATENCY_ARB_COOLDOWN_MS=30000 ... PnL=$0 WR=0.0% Trades=0 DD=0.0% (272.3s)
[226/600] LATENCY_ARB_MOMENTUM_THRESHOLD=0.0012 LATENCY_ARB_MAX_ASK=0.5 LATENCY_ARB_MAX_POSITION_FRACTION=0.03 LATENCY_ARB_COOLDOWN_MS=30000 ... PnL=$0 WR=0.0% Trades=0 DD=0.0% (272.7s)
[451/600] LATENCY_ARB_MOMENTUM_THRESHOLD=0.0018 LATENCY_ARB_MAX_ASK=0.5 LATENCY_ARB_MAX_POSITION_FRACTION=0.03 LATENCY_ARB_COOLDOWN_MS=30000 ... PnL=$0 WR=0.0% Trades=0 DD=0.0% (272.8s)
[188/600] LATENCY_ARB_MOMENTUM_THRESHOLD=0.001 LATENCY_ARB_MAX_ASK=0.6 LATENCY_ARB_MAX_POSITION_FRACTION=0.075 LATENCY_ARB_COOLDOWN_MS=60000 ... PnL=$0 WR=0.0% Trades=0 DD=0.0% (273.1s)
[377/600] LATENCY_ARB_MOMENTUM_THRESHOLD=0.0016 LATENCY_ARB_MAX_ASK=0.5 LATENCY_ARB_MAX_POSITION_FRACTION=0.03 LATENCY_ARB_COOLDOWN_MS=60000 ... PnL=$0 WR=0.0% Trades=0 DD=0.0% (249.8s)
[339/600] LATENCY_ARB_MOMENTUM_THRESHOLD=0.0014 LATENCY_ARB_MAX_ASK=0.6 LATENCY_ARB_MAX_POSITION_FRACTION=0.075 LATENCY_ARB_COOLDOWN_MS=120000 ... PnL=$0 WR=0.0% Trades=0 DD=0.0% (250.5s)
[189/600] LATENCY_ARB_MOMENTUM_THRESHOLD=0.001 LATENCY_ARB_MAX_ASK=0.6 LATENCY_ARB_MAX_POSITION_FRACTION=0.075 LATENCY_ARB_COOLDOWN_MS=120000 ... PnL=$0 WR=0.0% Trades=0 DD=0.0% (248.7s)
[2/600] LATENCY_ARB_MOMENTUM_THRESHOLD=0.0006 LATENCY_ARB_MAX_ASK=0.5 LATENCY_ARB_MAX_POSITION_FRACTION=0.03 LATENCY_ARB_COOLDOWN_MS=60000 ... PnL=$0 WR=0.0% Trades=0 DD=0.0% (250.9s)
[227/600] LATENCY_ARB_MOMENTUM_THRESHOLD=0.0012 LATENCY_ARB_MAX_ASK=0.5 LATENCY_ARB_MAX_POSITION_FRACTION=0.03 LATENCY_ARB_COOLDOWN_MS=60000 ... PnL=$0 WR=0.0% Trades=0 DD=0.0% (249.3s)
[302/600] LATENCY_ARB_MOMENTUM_THRESHOLD=0.0014 LATENCY_ARB_MAX_ASK=0.5 LATENCY_ARB_MAX_POSITION_FRACTION=0.03 LATENCY_ARB_COOLDOWN_MS=60000 ... PnL=$0 WR=0.0% Trades=0 DD=0.0% (251.0s)
[152/600] LATENCY_ARB_MOMENTUM_THRESHOLD=0.001 LATENCY_ARB_MAX_ASK=0.5 LATENCY_ARB_MAX_POSITION_FRACTION=0.03 LATENCY_ARB_COOLDOWN_MS=60000 ... PnL=$0 WR=0.0% Trades=0 DD=0.0% (250.1s)
[452/600] LATENCY_ARB_MOMENTUM_THRESHOLD=0.0018 LATENCY_ARB_MAX_ASK=0.5 LATENCY_ARB_MAX_POSITION_FRACTION=0.03 LATENCY_ARB_COOLDOWN_MS=60000 ... PnL=$0 WR=0.0% Trades=0 DD=0.0% (249.8s)
[378/600] LATENCY_ARB_MOMENTUM_THRESHOLD=0.0016 LATENCY_ARB_MAX_ASK=0.5 LATENCY_ARB_MAX_POSITION_FRACTION=0.03 LATENCY_ARB_COOLDOWN_MS=120000 ... PnL=$0 WR=0.0% Trades=0 DD=0.0% (230.4s)
[340/600] LATENCY_ARB_MOMENTUM_THRESHOLD=0.0014 LATENCY_ARB_MAX_ASK=0.6 LATENCY_ARB_MAX_POSITION_FRACTION=0.1 LATENCY_ARB_COOLDOWN_MS=30000 ... PnL=$0 WR=0.0% Trades=0 DD=0.0% (230.8s)
[303/600] LATENCY_ARB_MOMENTUM_THRESHOLD=0.0014 LATENCY_ARB_MAX_ASK=0.5 LATENCY_ARB_MAX_POSITION_FRACTION=0.03 LATENCY_ARB_COOLDOWN_MS=120000 ... PnL=$0 WR=0.0% Trades=0 DD=0.0% (230.3s)
[190/600] LATENCY_ARB_MOMENTUM_THRESHOLD=0.001 LATENCY_ARB_MAX_ASK=0.6 LATENCY_ARB_MAX_POSITION_FRACTION=0.1 LATENCY_ARB_COOLDOWN_MS=30000 ... PnL=$0 WR=0.0% Trades=0 DD=0.0% (230.9s)
[228/600] LATENCY_ARB_MOMENTUM_THRESHOLD=0.0012 LATENCY_ARB_MAX_ASK=0.5 LATENCY_ARB_MAX_POSITION_FRACTION=0.03 LATENCY_ARB_COOLDOWN_MS=120000 ... PnL=$0 WR=0.0% Trades=0 DD=0.0% (230.8s)
[153/600] LATENCY_ARB_MOMENTUM_THRESHOLD=0.001 LATENCY_ARB_MAX_ASK=0.5 LATENCY_ARB_MAX_POSITION_FRACTION=0.03 LATENCY_ARB_COOLDOWN_MS=120000 ... PnL=$0 WR=0.0% Trades=0 DD=0.0% (230.8s)
[453/600] LATENCY_ARB_MOMENTUM_THRESHOLD=0.0018 LATENCY_ARB_MAX_ASK=0.5 LATENCY_ARB_MAX_POSITION_FRACTION=0.03 LATENCY_ARB_COOLDOWN_MS=120000 ... PnL=$0 WR=0.0% Trades=0 DD=0.0% (231.0s)
[3/600] LATENCY_ARB_MOMENTUM_THRESHOLD=0.0006 LATENCY_ARB_MAX_ASK=0.5 LATENCY_ARB_MAX_POSITION_FRACTION=0.03 LATENCY_ARB_COOLDOWN_MS=120000 ... PnL=$0 WR=0.0% Trades=0 DD=0.0% (231.7s)
[229/600] LATENCY_ARB_MOMENTUM_THRESHOLD=0.0012 LATENCY_ARB_MAX_ASK=0.5 LATENCY_ARB_MAX_POSITION_FRACTION=0.05 LATENCY_ARB_COOLDOWN_MS=30000 ... PnL=$0 WR=0.0% Trades=0 DD=0.0% (237.7s)
[304/600] LATENCY_ARB_MOMENTUM_THRESHOLD=0.0014 LATENCY_ARB_MAX_ASK=0.5 LATENCY_ARB_MAX_POSITION_FRACTION=0.05 LATENCY_ARB_COOLDOWN_MS=30000 ... PnL=$0 WR=0.0% Trades=0 DD=0.0% (238.1s)
[379/600] LATENCY_ARB_MOMENTUM_THRESHOLD=0.0016 LATENCY_ARB_MAX_ASK=0.5 LATENCY_ARB_MAX_POSITION_FRACTION=0.05 LATENCY_ARB_COOLDOWN_MS=30000 ... PnL=$0 WR=0.0% Trades=0 DD=0.0% (238.5s)
[4/600] LATENCY_ARB_MOMENTUM_THRESHOLD=0.0006 LATENCY_ARB_MAX_ASK=0.5 LATENCY_ARB_MAX_POSITION_FRACTION=0.05 LATENCY_ARB_COOLDOWN_MS=30000 ... PnL=$0 WR=0.0% Trades=0 DD=0.0% (236.9s)
[191/600] LATENCY_ARB_MOMENTUM_THRESHOLD=0.001 LATENCY_ARB_MAX_ASK=0.6 LATENCY_ARB_MAX_POSITION_FRACTION=0.1 LATENCY_ARB_COOLDOWN_MS=60000 ... PnL=$0 WR=0.0% Trades=0 DD=0.0% (238.6s)
[341/600] LATENCY_ARB_MOMENTUM_THRESHOLD=0.0014 LATENCY_ARB_MAX_ASK=0.6 LATENCY_ARB_MAX_POSITION_FRACTION=0.1 LATENCY_ARB_COOLDOWN_MS=60000 ... PnL=$0 WR=0.0% Trades=0 DD=0.0% (239.8s)
[454/600] LATENCY_ARB_MOMENTUM_THRESHOLD=0.0018 LATENCY_ARB_MAX_ASK=0.5 LATENCY_ARB_MAX_POSITION_FRACTION=0.05 LATENCY_ARB_COOLDOWN_MS=30000 ... PnL=$0 WR=0.0% Trades=0 DD=0.0% (238.9s)
[154/600] LATENCY_ARB_MOMENTUM_THRESHOLD=0.001 LATENCY_ARB_MAX_ASK=0.5 LATENCY_ARB_MAX_POSITION_FRACTION=0.05 LATENCY_ARB_COOLDOWN_MS=30000 ... PnL=$0 WR=0.0% Trades=0 DD=0.0% (239.9s)
[380/600] LATENCY_ARB_MOMENTUM_THRESHOLD=0.0016 LATENCY_ARB_MAX_ASK=0.5 LATENCY_ARB_MAX_POSITION_FRACTION=0.05 LATENCY_ARB_COOLDOWN_MS=60000 ... PnL=$0 WR=0.0% Trades=0 DD=0.0% (236.9s)
[5/600] LATENCY_ARB_MOMENTUM_THRESHOLD=0.0006 LATENCY_ARB_MAX_ASK=0.5 LATENCY_ARB_MAX_POSITION_FRACTION=0.05 LATENCY_ARB_COOLDOWN_MS=60000 ... PnL=$0 WR=0.0% Trades=0 DD=0.0% (237.2s)
[192/600] LATENCY_ARB_MOMENTUM_THRESHOLD=0.001 LATENCY_ARB_MAX_ASK=0.6 LATENCY_ARB_MAX_POSITION_FRACTION=0.1 LATENCY_ARB_COOLDOWN_MS=120000 ... PnL=$0 WR=0.0% Trades=0 DD=0.0% (237.0s)
[305/600] LATENCY_ARB_MOMENTUM_THRESHOLD=0.0014 LATENCY_ARB_MAX_ASK=0.5 LATENCY_ARB_MAX_POSITION_FRACTION=0.05 LATENCY_ARB_COOLDOWN_MS=60000 ... PnL=$0 WR=0.0% Trades=0 DD=0.0% (238.0s)
[230/600] LATENCY_ARB_MOMENTUM_THRESHOLD=0.0012 LATENCY_ARB_MAX_ASK=0.5 LATENCY_ARB_MAX_POSITION_FRACTION=0.05 LATENCY_ARB_COOLDOWN_MS=60000 ... PnL=$0 WR=0.0% Trades=0 DD=0.0% (238.7s)
[342/600] LATENCY_ARB_MOMENTUM_THRESHOLD=0.0014 LATENCY_ARB_MAX_ASK=0.6 LATENCY_ARB_MAX_POSITION_FRACTION=0.1 LATENCY_ARB_COOLDOWN_MS=120000 ... PnL=$0 WR=0.0% Trades=0 DD=0.0% (237.3s)
[155/600] LATENCY_ARB_MOMENTUM_THRESHOLD=0.001 LATENCY_ARB_MAX_ASK=0.5 LATENCY_ARB_MAX_POSITION_FRACTION=0.05 LATENCY_ARB_COOLDOWN_MS=60000 ... PnL=$0 WR=0.0% Trades=0 DD=0.0% (237.8s)
[455/600] LATENCY_ARB_MOMENTUM_THRESHOLD=0.0018 LATENCY_ARB_MAX_ASK=0.5 LATENCY_ARB_MAX_POSITION_FRACTION=0.05 LATENCY_ARB_COOLDOWN_MS=60000 ... PnL=$0 WR=0.0% Trades=0 DD=0.0% (239.5s)
[193/600] LATENCY_ARB_MOMENTUM_THRESHOLD=0.001 LATENCY_ARB_MAX_ASK=0.6 LATENCY_ARB_MAX_POSITION_FRACTION=0.125 LATENCY_ARB_COOLDOWN_MS=30000 ... PnL=$0 WR=0.0% Trades=0 DD=0.0% (234.0s)
[6/600] LATENCY_ARB_MOMENTUM_THRESHOLD=0.0006 LATENCY_ARB_MAX_ASK=0.5 LATENCY_ARB_MAX_POSITION_FRACTION=0.05 LATENCY_ARB_COOLDOWN_MS=120000 ... PnL=$0 WR=0.0% Trades=0 DD=0.0% (234.6s)
[381/600] LATENCY_ARB_MOMENTUM_THRESHOLD=0.0016 LATENCY_ARB_MAX_ASK=0.5 LATENCY_ARB_MAX_POSITION_FRACTION=0.05 LATENCY_ARB_COOLDOWN_MS=120000 ... PnL=$0 WR=0.0% Trades=0 DD=0.0% (235.1s)
[306/600] LATENCY_ARB_MOMENTUM_THRESHOLD=0.0014 LATENCY_ARB_MAX_ASK=0.5 LATENCY_ARB_MAX_POSITION_FRACTION=0.05 LATENCY_ARB_COOLDOWN_MS=120000 ... PnL=$0 WR=0.0% Trades=0 DD=0.0% (236.2s)
[231/600] LATENCY_ARB_MOMENTUM_THRESHOLD=0.0012 LATENCY_ARB_MAX_ASK=0.5 LATENCY_ARB_MAX_POSITION_FRACTION=0.05 LATENCY_ARB_COOLDOWN_MS=120000 ... PnL=$0 WR=0.0% Trades=0 DD=0.0% (235.8s)
[343/600] LATENCY_ARB_MOMENTUM_THRESHOLD=0.0014 LATENCY_ARB_MAX_ASK=0.6 LATENCY_ARB_MAX_POSITION_FRACTION=0.125 LATENCY_ARB_COOLDOWN_MS=30000 ... PnL=$0 WR=0.0% Trades=0 DD=0.0% (235.5s)
[156/600] LATENCY_ARB_MOMENTUM_THRESHOLD=0.001 LATENCY_ARB_MAX_ASK=0.5 LATENCY_ARB_MAX_POSITION_FRACTION=0.05 LATENCY_ARB_COOLDOWN_MS=120000 ... PnL=$0 WR=0.0% Trades=0 DD=0.0% (235.2s)
[456/600] LATENCY_ARB_MOMENTUM_THRESHOLD=0.0018 LATENCY_ARB_MAX_ASK=0.5 LATENCY_ARB_MAX_POSITION_FRACTION=0.05 LATENCY_ARB_COOLDOWN_MS=120000 ... PnL=$0 WR=0.0% Trades=0 DD=0.0% (234.8s)
[7/600] LATENCY_ARB_MOMENTUM_THRESHOLD=0.0006 LATENCY_ARB_MAX_ASK=0.5 LATENCY_ARB_MAX_POSITION_FRACTION=0.075 LATENCY_ARB_COOLDOWN_MS=30000 ... PnL=$16 WR=100.0% Trades=2 DD=0.0% (237.3s)
[194/600] LATENCY_ARB_MOMENTUM_THRESHOLD=0.001 LATENCY_ARB_MAX_ASK=0.6 LATENCY_ARB_MAX_POSITION_FRACTION=0.125 LATENCY_ARB_COOLDOWN_MS=60000 ... PnL=$0 WR=0.0% Trades=0 DD=0.0% (237.4s)
[382/600] LATENCY_ARB_MOMENTUM_THRESHOLD=0.0016 LATENCY_ARB_MAX_ASK=0.5 LATENCY_ARB_MAX_POSITION_FRACTION=0.075 LATENCY_ARB_COOLDOWN_MS=30000 ... PnL=$0 WR=0.0% Trades=0 DD=0.0% (237.7s)
[307/600] LATENCY_ARB_MOMENTUM_THRESHOLD=0.0014 LATENCY_ARB_MAX_ASK=0.5 LATENCY_ARB_MAX_POSITION_FRACTION=0.075 LATENCY_ARB_COOLDOWN_MS=30000 ... PnL=$0 WR=0.0% Trades=0 DD=0.0% (236.0s)
[344/600] LATENCY_ARB_MOMENTUM_THRESHOLD=0.0014 LATENCY_ARB_MAX_ASK=0.6 LATENCY_ARB_MAX_POSITION_FRACTION=0.125 LATENCY_ARB_COOLDOWN_MS=60000 ... PnL=$0 WR=0.0% Trades=0 DD=0.0% (238.0s)
[457/600] LATENCY_ARB_MOMENTUM_THRESHOLD=0.0018 LATENCY_ARB_MAX_ASK=0.5 LATENCY_ARB_MAX_POSITION_FRACTION=0.075 LATENCY_ARB_COOLDOWN_MS=30000 ... PnL=$0 WR=0.0% Trades=0 DD=0.0% (236.7s)
[157/600] LATENCY_ARB_MOMENTUM_THRESHOLD=0.001 LATENCY_ARB_MAX_ASK=0.5 LATENCY_ARB_MAX_POSITION_FRACTION=0.075 LATENCY_ARB_COOLDOWN_MS=30000 ... PnL=$0 WR=0.0% Trades=0 DD=0.0% (237.4s)
[232/600] LATENCY_ARB_MOMENTUM_THRESHOLD=0.0012 LATENCY_ARB_MAX_ASK=0.5 LATENCY_ARB_MAX_POSITION_FRACTION=0.075 LATENCY_ARB_COOLDOWN_MS=30000 ... PnL=$0 WR=0.0% Trades=0 DD=0.0% (239.4s)
[195/600] LATENCY_ARB_MOMENTUM_THRESHOLD=0.001 LATENCY_ARB_MAX_ASK=0.6 LATENCY_ARB_MAX_POSITION_FRACTION=0.125 LATENCY_ARB_COOLDOWN_MS=120000 ... PnL=$0 WR=0.0% Trades=0 DD=0.0% (230.5s)
[8/600] LATENCY_ARB_MOMENTUM_THRESHOLD=0.0006 LATENCY_ARB_MAX_ASK=0.5 LATENCY_ARB_MAX_POSITION_FRACTION=0.075 LATENCY_ARB_COOLDOWN_MS=60000 ... PnL=$16 WR=100.0% Trades=2 DD=0.0% (230.7s)
[383/600] LATENCY_ARB_MOMENTUM_THRESHOLD=0.0016 LATENCY_ARB_MAX_ASK=0.5 LATENCY_ARB_MAX_POSITION_FRACTION=0.075 LATENCY_ARB_COOLDOWN_MS=60000 ... PnL=$0 WR=0.0% Trades=0 DD=0.0% (230.3s)
[308/600] LATENCY_ARB_MOMENTUM_THRESHOLD=0.0014 LATENCY_ARB_MAX_ASK=0.5 LATENCY_ARB_MAX_POSITION_FRACTION=0.075 LATENCY_ARB_COOLDOWN_MS=60000 ... PnL=$0 WR=0.0% Trades=0 DD=0.0% (230.0s)
[345/600] LATENCY_ARB_MOMENTUM_THRESHOLD=0.0014 LATENCY_ARB_MAX_ASK=0.6 LATENCY_ARB_MAX_POSITION_FRACTION=0.125 LATENCY_ARB_COOLDOWN_MS=120000 ... PnL=$0 WR=0.0% Trades=0 DD=0.0% (229.4s)
[458/600] LATENCY_ARB_MOMENTUM_THRESHOLD=0.0018 LATENCY_ARB_MAX_ASK=0.5 LATENCY_ARB_MAX_POSITION_FRACTION=0.075 LATENCY_ARB_COOLDOWN_MS=60000 ... PnL=$0 WR=0.0% Trades=0 DD=0.0% (229.6s)
[158/600] LATENCY_ARB_MOMENTUM_THRESHOLD=0.001 LATENCY_ARB_MAX_ASK=0.5 LATENCY_ARB_MAX_POSITION_FRACTION=0.075 LATENCY_ARB_COOLDOWN_MS=60000 ... PnL=$0 WR=0.0% Trades=0 DD=0.0% (230.2s)
[233/600] LATENCY_ARB_MOMENTUM_THRESHOLD=0.0012 LATENCY_ARB_MAX_ASK=0.5 LATENCY_ARB_MAX_POSITION_FRACTION=0.075 LATENCY_ARB_COOLDOWN_MS=60000 ... PnL=$0 WR=0.0% Trades=0 DD=0.0% (230.4s)
[196/600] LATENCY_ARB_MOMENTUM_THRESHOLD=0.001 LATENCY_ARB_MAX_ASK=0.65 LATENCY_ARB_MAX_POSITION_FRACTION=0.03 LATENCY_ARB_COOLDOWN_MS=30000 ... PnL=$0 WR=0.0% Trades=0 DD=0.0% (252.3s)
[309/600] LATENCY_ARB_MOMENTUM_THRESHOLD=0.0014 LATENCY_ARB_MAX_ASK=0.5 LATENCY_ARB_MAX_POSITION_FRACTION=0.075 LATENCY_ARB_COOLDOWN_MS=120000 ... PnL=$0 WR=0.0% Trades=0 DD=0.0% (252.0s)
[384/600] LATENCY_ARB_MOMENTUM_THRESHOLD=0.0016 LATENCY_ARB_MAX_ASK=0.5 LATENCY_ARB_MAX_POSITION_FRACTION=0.075 LATENCY_ARB_COOLDOWN_MS=120000 ... PnL=$0 WR=0.0% Trades=0 DD=0.0% (252.2s)
[9/600] LATENCY_ARB_MOMENTUM_THRESHOLD=0.0006 LATENCY_ARB_MAX_ASK=0.5 LATENCY_ARB_MAX_POSITION_FRACTION=0.075 LATENCY_ARB_COOLDOWN_MS=120000 ... PnL=$16 WR=100.0% Trades=2 DD=0.0% (252.4s)
[459/600] LATENCY_ARB_MOMENTUM_THRESHOLD=0.0018 LATENCY_ARB_MAX_ASK=0.5 LATENCY_ARB_MAX_POSITION_FRACTION=0.075 LATENCY_ARB_COOLDOWN_MS=120000 ... PnL=$0 WR=0.0% Trades=0 DD=0.0% (250.1s)
[346/600] LATENCY_ARB_MOMENTUM_THRESHOLD=0.0014 LATENCY_ARB_MAX_ASK=0.65 LATENCY_ARB_MAX_POSITION_FRACTION=0.03 LATENCY_ARB_COOLDOWN_MS=30000 ... PnL=$0 WR=0.0% Trades=0 DD=0.0% (251.6s)
[159/600] LATENCY_ARB_MOMENTUM_THRESHOLD=0.001 LATENCY_ARB_MAX_ASK=0.5 LATENCY_ARB_MAX_POSITION_FRACTION=0.075 LATENCY_ARB_COOLDOWN_MS=120000 ... PnL=$0 WR=0.0% Trades=0 DD=0.0% (250.5s)
[234/600] LATENCY_ARB_MOMENTUM_THRESHOLD=0.0012 LATENCY_ARB_MAX_ASK=0.5 LATENCY_ARB_MAX_POSITION_FRACTION=0.075 LATENCY_ARB_COOLDOWN_MS=120000 ... PnL=$0 WR=0.0% Trades=0 DD=0.0% (250.5s)
[460/600] LATENCY_ARB_MOMENTUM_THRESHOLD=0.0018 LATENCY_ARB_MAX_ASK=0.5 LATENCY_ARB_MAX_POSITION_FRACTION=0.1 LATENCY_ARB_COOLDOWN_MS=30000 ... PnL=$0 WR=0.0% Trades=0 DD=0.0% (295.4s)
[10/600] LATENCY_ARB_MOMENTUM_THRESHOLD=0.0006 LATENCY_ARB_MAX_ASK=0.5 LATENCY_ARB_MAX_POSITION_FRACTION=0.1 LATENCY_ARB_COOLDOWN_MS=30000 ... PnL=$21 WR=100.0% Trades=2 DD=0.0% (295.9s)
[347/600] LATENCY_ARB_MOMENTUM_THRESHOLD=0.0014 LATENCY_ARB_MAX_ASK=0.65 LATENCY_ARB_MAX_POSITION_FRACTION=0.03 LATENCY_ARB_COOLDOWN_MS=60000 ... PnL=$0 WR=0.0% Trades=0 DD=0.0% (294.5s)
[310/600] LATENCY_ARB_MOMENTUM_THRESHOLD=0.0014 LATENCY_ARB_MAX_ASK=0.5 LATENCY_ARB_MAX_POSITION_FRACTION=0.1 LATENCY_ARB_COOLDOWN_MS=30000 ... PnL=$0 WR=0.0% Trades=0 DD=0.0% (295.9s)
[160/600] LATENCY_ARB_MOMENTUM_THRESHOLD=0.001 LATENCY_ARB_MAX_ASK=0.5 LATENCY_ARB_MAX_POSITION_FRACTION=0.1 LATENCY_ARB_COOLDOWN_MS=30000 ... PnL=$0 WR=0.0% Trades=0 DD=0.0% (294.5s)
[197/600] LATENCY_ARB_MOMENTUM_THRESHOLD=0.001 LATENCY_ARB_MAX_ASK=0.65 LATENCY_ARB_MAX_POSITION_FRACTION=0.03 LATENCY_ARB_COOLDOWN_MS=60000 ... PnL=$0 WR=0.0% Trades=0 DD=0.0% (296.0s)
[235/600] LATENCY_ARB_MOMENTUM_THRESHOLD=0.0012 LATENCY_ARB_MAX_ASK=0.5 LATENCY_ARB_MAX_POSITION_FRACTION=0.1 LATENCY_ARB_COOLDOWN_MS=30000 ... PnL=$0 WR=0.0% Trades=0 DD=0.0% (293.5s)
[385/600] LATENCY_ARB_MOMENTUM_THRESHOLD=0.0016 LATENCY_ARB_MAX_ASK=0.5 LATENCY_ARB_MAX_POSITION_FRACTION=0.1 LATENCY_ARB_COOLDOWN_MS=30000 ... PnL=$0 WR=0.0% Trades=0 DD=0.0% (296.0s)
[386/600] LATENCY_ARB_MOMENTUM_THRESHOLD=0.0016 LATENCY_ARB_MAX_ASK=0.5 LATENCY_ARB_MAX_POSITION_FRACTION=0.1 LATENCY_ARB_COOLDOWN_MS=60000 ... PnL=$0 WR=0.0% Trades=0 DD=0.0% (239.4s)
[11/600] LATENCY_ARB_MOMENTUM_THRESHOLD=0.0006 LATENCY_ARB_MAX_ASK=0.5 LATENCY_ARB_MAX_POSITION_FRACTION=0.1 LATENCY_ARB_COOLDOWN_MS=60000 ... PnL=$21 WR=100.0% Trades=2 DD=0.0% (239.4s)
[461/600] LATENCY_ARB_MOMENTUM_THRESHOLD=0.0018 LATENCY_ARB_MAX_ASK=0.5 LATENCY_ARB_MAX_POSITION_FRACTION=0.1 LATENCY_ARB_COOLDOWN_MS=60000 ... PnL=$0 WR=0.0% Trades=0 DD=0.0% (239.4s)
[236/600] LATENCY_ARB_MOMENTUM_THRESHOLD=0.0012 LATENCY_ARB_MAX_ASK=0.5 LATENCY_ARB_MAX_POSITION_FRACTION=0.1 LATENCY_ARB_COOLDOWN_MS=60000 ... PnL=$0 WR=0.0% Trades=0 DD=0.0% (239.4s)
[161/600] LATENCY_ARB_MOMENTUM_THRESHOLD=0.001 LATENCY_ARB_MAX_ASK=0.5 LATENCY_ARB_MAX_POSITION_FRACTION=0.1 LATENCY_ARB_COOLDOWN_MS=60000 ... PnL=$0 WR=0.0% Trades=0 DD=0.0% (239.4s)
[198/600] LATENCY_ARB_MOMENTUM_THRESHOLD=0.001 LATENCY_ARB_MAX_ASK=0.65 LATENCY_ARB_MAX_POSITION_FRACTION=0.03 LATENCY_ARB_COOLDOWN_MS=120000 ... PnL=$0 WR=0.0% Trades=0 DD=0.0% (239.4s)
[348/600] LATENCY_ARB_MOMENTUM_THRESHOLD=0.0014 LATENCY_ARB_MAX_ASK=0.65 LATENCY_ARB_MAX_POSITION_FRACTION=0.03 LATENCY_ARB_COOLDOWN_MS=120000 ... PnL=$0 WR=0.0% Trades=0 DD=0.0% (239.4s)
[311/600] LATENCY_ARB_MOMENTUM_THRESHOLD=0.0014 LATENCY_ARB_MAX_ASK=0.5 LATENCY_ARB_MAX_POSITION_FRACTION=0.1 LATENCY_ARB_COOLDOWN_MS=60000 ... PnL=$0 WR=0.0% Trades=0 DD=0.0% (239.4s)
[199/600] LATENCY_ARB_MOMENTUM_THRESHOLD=0.001 LATENCY_ARB_MAX_ASK=0.65 LATENCY_ARB_MAX_POSITION_FRACTION=0.05 LATENCY_ARB_COOLDOWN_MS=30000 ... PnL=$0 WR=0.0% Trades=0 DD=0.0% (245.6s)
[162/600] LATENCY_ARB_MOMENTUM_THRESHOLD=0.001 LATENCY_ARB_MAX_ASK=0.5 LATENCY_ARB_MAX_POSITION_FRACTION=0.1 LATENCY_ARB_COOLDOWN_MS=120000 ... PnL=$0 WR=0.0% Trades=0 DD=0.0% (245.7s)
[12/600] LATENCY_ARB_MOMENTUM_THRESHOLD=0.0006 LATENCY_ARB_MAX_ASK=0.5 LATENCY_ARB_MAX_POSITION_FRACTION=0.1 LATENCY_ARB_COOLDOWN_MS=120000 ... PnL=$21 WR=100.0% Trades=2 DD=0.0% (245.7s)
[349/600] LATENCY_ARB_MOMENTUM_THRESHOLD=0.0014 LATENCY_ARB_MAX_ASK=0.65 LATENCY_ARB_MAX_POSITION_FRACTION=0.05 LATENCY_ARB_COOLDOWN_MS=30000 ... PnL=$0 WR=0.0% Trades=0 DD=0.0% (245.7s)
[387/600] LATENCY_ARB_MOMENTUM_THRESHOLD=0.0016 LATENCY_ARB_MAX_ASK=0.5 LATENCY_ARB_MAX_POSITION_FRACTION=0.1 LATENCY_ARB_COOLDOWN_MS=120000 ... PnL=$0 WR=0.0% Trades=0 DD=0.0% (245.7s)
[462/600] LATENCY_ARB_MOMENTUM_THRESHOLD=0.0018 LATENCY_ARB_MAX_ASK=0.5 LATENCY_ARB_MAX_POSITION_FRACTION=0.1 LATENCY_ARB_COOLDOWN_MS=120000 ... PnL=$0 WR=0.0% Trades=0 DD=0.0% (245.7s)
[312/600] LATENCY_ARB_MOMENTUM_THRESHOLD=0.0014 LATENCY_ARB_MAX_ASK=0.5 LATENCY_ARB_MAX_POSITION_FRACTION=0.1 LATENCY_ARB_COOLDOWN_MS=120000 ... PnL=$0 WR=0.0% Trades=0 DD=0.0% (245.6s)
[237/600] LATENCY_ARB_MOMENTUM_THRESHOLD=0.0012 LATENCY_ARB_MAX_ASK=0.5 LATENCY_ARB_MAX_POSITION_FRACTION=0.1 LATENCY_ARB_COOLDOWN_MS=120000 ... PnL=$0 WR=0.0% Trades=0 DD=0.0% (245.7s)
[388/600] LATENCY_ARB_MOMENTUM_THRESHOLD=0.0016 LATENCY_ARB_MAX_ASK=0.5 LATENCY_ARB_MAX_POSITION_FRACTION=0.125 LATENCY_ARB_COOLDOWN_MS=30000 ... PnL=$0 WR=0.0% Trades=0 DD=0.0% (235.9s)
[313/600] LATENCY_ARB_MOMENTUM_THRESHOLD=0.0014 LATENCY_ARB_MAX_ASK=0.5 LATENCY_ARB_MAX_POSITION_FRACTION=0.125 LATENCY_ARB_COOLDOWN_MS=30000 ... PnL=$0 WR=0.0% Trades=0 DD=0.0% (235.9s)
[350/600] LATENCY_ARB_MOMENTUM_THRESHOLD=0.0014 LATENCY_ARB_MAX_ASK=0.65 LATENCY_ARB_MAX_POSITION_FRACTION=0.05 LATENCY_ARB_COOLDOWN_MS=60000 ... PnL=$0 WR=0.0% Trades=0 DD=0.0% (236.0s)
[163/600] LATENCY_ARB_MOMENTUM_THRESHOLD=0.001 LATENCY_ARB_MAX_ASK=0.5 LATENCY_ARB_MAX_POSITION_FRACTION=0.125 LATENCY_ARB_COOLDOWN_MS=30000 ... PnL=$0 WR=0.0% Trades=0 DD=0.0% (236.0s)
[463/600] LATENCY_ARB_MOMENTUM_THRESHOLD=0.0018 LATENCY_ARB_MAX_ASK=0.5 LATENCY_ARB_MAX_POSITION_FRACTION=0.125 LATENCY_ARB_COOLDOWN_MS=30000 ... PnL=$0 WR=0.0% Trades=0 DD=0.0% (236.0s)
[13/600] LATENCY_ARB_MOMENTUM_THRESHOLD=0.0006 LATENCY_ARB_MAX_ASK=0.5 LATENCY_ARB_MAX_POSITION_FRACTION=0.125 LATENCY_ARB_COOLDOWN_MS=30000 ... PnL=$27 WR=100.0% Trades=2 DD=0.0% (236.0s)
[200/600] LATENCY_ARB_MOMENTUM_THRESHOLD=0.001 LATENCY_ARB_MAX_ASK=0.65 LATENCY_ARB_MAX_POSITION_FRACTION=0.05 LATENCY_ARB_COOLDOWN_MS=60000 ... PnL=$0 WR=0.0% Trades=0 DD=0.0% (236.1s)
[238/600] LATENCY_ARB_MOMENTUM_THRESHOLD=0.0012 LATENCY_ARB_MAX_ASK=0.5 LATENCY_ARB_MAX_POSITION_FRACTION=0.125 LATENCY_ARB_COOLDOWN_MS=30000 ... PnL=$0 WR=0.0% Trades=0 DD=0.0% (236.0s)
[201/600] LATENCY_ARB_MOMENTUM_THRESHOLD=0.001 LATENCY_ARB_MAX_ASK=0.65 LATENCY_ARB_MAX_POSITION_FRACTION=0.05 LATENCY_ARB_COOLDOWN_MS=120000 ... PnL=$0 WR=0.0% Trades=0 DD=0.0% (242.8s)
[351/600] LATENCY_ARB_MOMENTUM_THRESHOLD=0.0014 LATENCY_ARB_MAX_ASK=0.65 LATENCY_ARB_MAX_POSITION_FRACTION=0.05 LATENCY_ARB_COOLDOWN_MS=120000 ... PnL=$0 WR=0.0% Trades=0 DD=0.0% (242.9s)
[14/600] LATENCY_ARB_MOMENTUM_THRESHOLD=0.0006 LATENCY_ARB_MAX_ASK=0.5 LATENCY_ARB_MAX_POSITION_FRACTION=0.125 LATENCY_ARB_COOLDOWN_MS=60000 ... PnL=$27 WR=100.0% Trades=2 DD=0.0% (242.8s)
[389/600] LATENCY_ARB_MOMENTUM_THRESHOLD=0.0016 LATENCY_ARB_MAX_ASK=0.5 LATENCY_ARB_MAX_POSITION_FRACTION=0.125 LATENCY_ARB_COOLDOWN_MS=60000 ... PnL=$0 WR=0.0% Trades=0 DD=0.0% (242.9s)
[239/600] LATENCY_ARB_MOMENTUM_THRESHOLD=0.0012 LATENCY_ARB_MAX_ASK=0.5 LATENCY_ARB_MAX_POSITION_FRACTION=0.125 LATENCY_ARB_COOLDOWN_MS=60000 ... PnL=$0 WR=0.0% Trades=0 DD=0.0% (242.8s)
[464/600] LATENCY_ARB_MOMENTUM_THRESHOLD=0.0018 LATENCY_ARB_MAX_ASK=0.5 LATENCY_ARB_MAX_POSITION_FRACTION=0.125 LATENCY_ARB_COOLDOWN_MS=60000 ... PnL=$0 WR=0.0% Trades=0 DD=0.0% (242.8s)
[314/600] LATENCY_ARB_MOMENTUM_THRESHOLD=0.0014 LATENCY_ARB_MAX_ASK=0.5 LATENCY_ARB_MAX_POSITION_FRACTION=0.125 LATENCY_ARB_COOLDOWN_MS=60000 ... PnL=$0 WR=0.0% Trades=0 DD=0.0% (242.9s)
[164/600] LATENCY_ARB_MOMENTUM_THRESHOLD=0.001 LATENCY_ARB_MAX_ASK=0.5 LATENCY_ARB_MAX_POSITION_FRACTION=0.125 LATENCY_ARB_COOLDOWN_MS=60000 ... PnL=$0 WR=0.0% Trades=0 DD=0.0% (242.9s)
[390/600] LATENCY_ARB_MOMENTUM_THRESHOLD=0.0016 LATENCY_ARB_MAX_ASK=0.5 LATENCY_ARB_MAX_POSITION_FRACTION=0.125 LATENCY_ARB_COOLDOWN_MS=120000 ... PnL=$0 WR=0.0% Trades=0 DD=0.0% (237.8s)
[15/600] LATENCY_ARB_MOMENTUM_THRESHOLD=0.0006 LATENCY_ARB_MAX_ASK=0.5 LATENCY_ARB_MAX_POSITION_FRACTION=0.125 LATENCY_ARB_COOLDOWN_MS=120000 ... PnL=$27 WR=100.0% Trades=2 DD=0.0% (237.8s)
[202/600] LATENCY_ARB_MOMENTUM_THRESHOLD=0.001 LATENCY_ARB_MAX_ASK=0.65 LATENCY_ARB_MAX_POSITION_FRACTION=0.075 LATENCY_ARB_COOLDOWN_MS=30000 ... PnL=$0 WR=0.0% Trades=0 DD=0.0% (237.8s)
[165/600] LATENCY_ARB_MOMENTUM_THRESHOLD=0.001 LATENCY_ARB_MAX_ASK=0.5 LATENCY_ARB_MAX_POSITION_FRACTION=0.125 LATENCY_ARB_COOLDOWN_MS=120000 ... PnL=$0 WR=0.0% Trades=0 DD=0.0% (237.8s)
[315/600] LATENCY_ARB_MOMENTUM_THRESHOLD=0.0014 LATENCY_ARB_MAX_ASK=0.5 LATENCY_ARB_MAX_POSITION_FRACTION=0.125 LATENCY_ARB_COOLDOWN_MS=120000 ... PnL=$0 WR=0.0% Trades=0 DD=0.0% (237.8s)
[240/600] LATENCY_ARB_MOMENTUM_THRESHOLD=0.0012 LATENCY_ARB_MAX_ASK=0.5 LATENCY_ARB_MAX_POSITION_FRACTION=0.125 LATENCY_ARB_COOLDOWN_MS=120000 ... PnL=$0 WR=0.0% Trades=0 DD=0.0% (237.8s)
[352/600] LATENCY_ARB_MOMENTUM_THRESHOLD=0.0014 LATENCY_ARB_MAX_ASK=0.65 LATENCY_ARB_MAX_POSITION_FRACTION=0.075 LATENCY_ARB_COOLDOWN_MS=30000 ... PnL=$0 WR=0.0% Trades=0 DD=0.0% (237.9s)
[465/600] LATENCY_ARB_MOMENTUM_THRESHOLD=0.0018 LATENCY_ARB_MAX_ASK=0.5 LATENCY_ARB_MAX_POSITION_FRACTION=0.125 LATENCY_ARB_COOLDOWN_MS=120000 ... PnL=$0 WR=0.0% Trades=0 DD=0.0% (238.0s)
[391/600] LATENCY_ARB_MOMENTUM_THRESHOLD=0.0016 LATENCY_ARB_MAX_ASK=0.55 LATENCY_ARB_MAX_POSITION_FRACTION=0.03 LATENCY_ARB_COOLDOWN_MS=30000 ... PnL=$0 WR=0.0% Trades=0 DD=0.0% (239.1s)
[466/600] LATENCY_ARB_MOMENTUM_THRESHOLD=0.0018 LATENCY_ARB_MAX_ASK=0.55 LATENCY_ARB_MAX_POSITION_FRACTION=0.03 LATENCY_ARB_COOLDOWN_MS=30000 ... PnL=$0 WR=0.0% Trades=0 DD=0.0% (238.9s)
[316/600] LATENCY_ARB_MOMENTUM_THRESHOLD=0.0014 LATENCY_ARB_MAX_ASK=0.55 LATENCY_ARB_MAX_POSITION_FRACTION=0.03 LATENCY_ARB_COOLDOWN_MS=30000 ... PnL=$0 WR=0.0% Trades=0 DD=0.0% (239.1s)
[353/600] LATENCY_ARB_MOMENTUM_THRESHOLD=0.0014 LATENCY_ARB_MAX_ASK=0.65 LATENCY_ARB_MAX_POSITION_FRACTION=0.075 LATENCY_ARB_COOLDOWN_MS=60000 ... PnL=$0 WR=0.0% Trades=0 DD=0.0% (239.0s)
[203/600] LATENCY_ARB_MOMENTUM_THRESHOLD=0.001 LATENCY_ARB_MAX_ASK=0.65 LATENCY_ARB_MAX_POSITION_FRACTION=0.075 LATENCY_ARB_COOLDOWN_MS=60000 ... PnL=$0 WR=0.0% Trades=0 DD=0.0% (239.1s)
[16/600] LATENCY_ARB_MOMENTUM_THRESHOLD=0.0006 LATENCY_ARB_MAX_ASK=0.55 LATENCY_ARB_MAX_POSITION_FRACTION=0.03 LATENCY_ARB_COOLDOWN_MS=30000 ... PnL=$0 WR=0.0% Trades=0 DD=0.0% (239.1s)
[166/600] LATENCY_ARB_MOMENTUM_THRESHOLD=0.001 LATENCY_ARB_MAX_ASK=0.55 LATENCY_ARB_MAX_POSITION_FRACTION=0.03 LATENCY_ARB_COOLDOWN_MS=30000 ... PnL=$0 WR=0.0% Trades=0 DD=0.0% (239.1s)
[241/600] LATENCY_ARB_MOMENTUM_THRESHOLD=0.0012 LATENCY_ARB_MAX_ASK=0.55 LATENCY_ARB_MAX_POSITION_FRACTION=0.03 LATENCY_ARB_COOLDOWN_MS=30000 ... PnL=$0 WR=0.0% Trades=0 DD=0.0% (239.1s)
[17/600] LATENCY_ARB_MOMENTUM_THRESHOLD=0.0006 LATENCY_ARB_MAX_ASK=0.55 LATENCY_ARB_MAX_POSITION_FRACTION=0.03 LATENCY_ARB_COOLDOWN_MS=60000 ... PnL=$0 WR=0.0% Trades=0 DD=0.0% (232.6s)
[242/600] LATENCY_ARB_MOMENTUM_THRESHOLD=0.0012 LATENCY_ARB_MAX_ASK=0.55 LATENCY_ARB_MAX_POSITION_FRACTION=0.03 LATENCY_ARB_COOLDOWN_MS=60000 ... PnL=$0 WR=0.0% Trades=0 DD=0.0% (232.7s)
[467/600] LATENCY_ARB_MOMENTUM_THRESHOLD=0.0018 LATENCY_ARB_MAX_ASK=0.55 LATENCY_ARB_MAX_POSITION_FRACTION=0.03 LATENCY_ARB_COOLDOWN_MS=60000 ... PnL=$0 WR=0.0% Trades=0 DD=0.0% (233.0s)
[354/600] LATENCY_ARB_MOMENTUM_THRESHOLD=0.0014 LATENCY_ARB_MAX_ASK=0.65 LATENCY_ARB_MAX_POSITION_FRACTION=0.075 LATENCY_ARB_COOLDOWN_MS=120000 ... PnL=$0 WR=0.0% Trades=0 DD=0.0% (233.0s)
[167/600] LATENCY_ARB_MOMENTUM_THRESHOLD=0.001 LATENCY_ARB_MAX_ASK=0.55 LATENCY_ARB_MAX_POSITION_FRACTION=0.03 LATENCY_ARB_COOLDOWN_MS=60000 ... PnL=$0 WR=0.0% Trades=0 DD=0.0% (233.1s)
[317/600] LATENCY_ARB_MOMENTUM_THRESHOLD=0.0014 LATENCY_ARB_MAX_ASK=0.55 LATENCY_ARB_MAX_POSITION_FRACTION=0.03 LATENCY_ARB_COOLDOWN_MS=60000 ... PnL=$0 WR=0.0% Trades=0 DD=0.0% (233.1s)
[204/600] LATENCY_ARB_MOMENTUM_THRESHOLD=0.001 LATENCY_ARB_MAX_ASK=0.65 LATENCY_ARB_MAX_POSITION_FRACTION=0.075 LATENCY_ARB_COOLDOWN_MS=120000 ... PnL=$0 WR=0.0% Trades=0 DD=0.0% (233.3s)
[392/600] LATENCY_ARB_MOMENTUM_THRESHOLD=0.0016 LATENCY_ARB_MAX_ASK=0.55 LATENCY_ARB_MAX_POSITION_FRACTION=0.03 LATENCY_ARB_COOLDOWN_MS=60000 ... PnL=$0 WR=0.0% Trades=0 DD=0.0% (233.6s)
[168/600] LATENCY_ARB_MOMENTUM_THRESHOLD=0.001 LATENCY_ARB_MAX_ASK=0.55 LATENCY_ARB_MAX_POSITION_FRACTION=0.03 LATENCY_ARB_COOLDOWN_MS=120000 ... PnL=$0 WR=0.0% Trades=0 DD=0.0% (270.0s)
[18/600] LATENCY_ARB_MOMENTUM_THRESHOLD=0.0006 LATENCY_ARB_MAX_ASK=0.55 LATENCY_ARB_MAX_POSITION_FRACTION=0.03 LATENCY_ARB_COOLDOWN_MS=120000 ... PnL=$0 WR=0.0% Trades=0 DD=0.0% (270.5s)
[393/600] LATENCY_ARB_MOMENTUM_THRESHOLD=0.0016 LATENCY_ARB_MAX_ASK=0.55 LATENCY_ARB_MAX_POSITION_FRACTION=0.03 LATENCY_ARB_COOLDOWN_MS=120000 ... PnL=$0 WR=0.0% Trades=0 DD=0.0% (269.6s)
[355/600] LATENCY_ARB_MOMENTUM_THRESHOLD=0.0014 LATENCY_ARB_MAX_ASK=0.65 LATENCY_ARB_MAX_POSITION_FRACTION=0.1 LATENCY_ARB_COOLDOWN_MS=30000 ... PnL=$0 WR=0.0% Trades=0 DD=0.0% (270.1s)
[243/600] LATENCY_ARB_MOMENTUM_THRESHOLD=0.0012 LATENCY_ARB_MAX_ASK=0.55 LATENCY_ARB_MAX_POSITION_FRACTION=0.03 LATENCY_ARB_COOLDOWN_MS=120000 ... PnL=$0 WR=0.0% Trades=0 DD=0.0% (270.4s)
[205/600] LATENCY_ARB_MOMENTUM_THRESHOLD=0.001 LATENCY_ARB_MAX_ASK=0.65 LATENCY_ARB_MAX_POSITION_FRACTION=0.1 LATENCY_ARB_COOLDOWN_MS=30000 ... PnL=$0 WR=0.0% Trades=0 DD=0.0% (269.9s)
[318/600] LATENCY_ARB_MOMENTUM_THRESHOLD=0.0014 LATENCY_ARB_MAX_ASK=0.55 LATENCY_ARB_MAX_POSITION_FRACTION=0.03 LATENCY_ARB_COOLDOWN_MS=120000 ... PnL=$0 WR=0.0% Trades=0 DD=0.0% (270.0s)
[468/600] LATENCY_ARB_MOMENTUM_THRESHOLD=0.0018 LATENCY_ARB_MAX_ASK=0.55 LATENCY_ARB_MAX_POSITION_FRACTION=0.03 LATENCY_ARB_COOLDOWN_MS=120000 ... PnL=$0 WR=0.0% Trades=0 DD=0.0% (270.2s)
[169/600] LATENCY_ARB_MOMENTUM_THRESHOLD=0.001 LATENCY_ARB_MAX_ASK=0.55 LATENCY_ARB_MAX_POSITION_FRACTION=0.05 LATENCY_ARB_COOLDOWN_MS=30000 ... PnL=$0 WR=0.0% Trades=0 DD=0.0% (231.8s)
[19/600] LATENCY_ARB_MOMENTUM_THRESHOLD=0.0006 LATENCY_ARB_MAX_ASK=0.55 LATENCY_ARB_MAX_POSITION_FRACTION=0.05 LATENCY_ARB_COOLDOWN_MS=30000 ... PnL=$0 WR=0.0% Trades=0 DD=0.0% (231.9s)
[319/600] LATENCY_ARB_MOMENTUM_THRESHOLD=0.0014 LATENCY_ARB_MAX_ASK=0.55 LATENCY_ARB_MAX_POSITION_FRACTION=0.05 LATENCY_ARB_COOLDOWN_MS=30000 ... PnL=$0 WR=0.0% Trades=0 DD=0.0% (232.0s)
[394/600] LATENCY_ARB_MOMENTUM_THRESHOLD=0.0016 LATENCY_ARB_MAX_ASK=0.55 LATENCY_ARB_MAX_POSITION_FRACTION=0.05 LATENCY_ARB_COOLDOWN_MS=30000 ... PnL=$0 WR=0.0% Trades=0 DD=0.0% (232.0s)
[206/600] LATENCY_ARB_MOMENTUM_THRESHOLD=0.001 LATENCY_ARB_MAX_ASK=0.65 LATENCY_ARB_MAX_POSITION_FRACTION=0.1 LATENCY_ARB_COOLDOWN_MS=60000 ... PnL=$0 WR=0.0% Trades=0 DD=0.0% (232.9s)
[469/600] LATENCY_ARB_MOMENTUM_THRESHOLD=0.0018 LATENCY_ARB_MAX_ASK=0.55 LATENCY_ARB_MAX_POSITION_FRACTION=0.05 LATENCY_ARB_COOLDOWN_MS=30000 ... PnL=$0 WR=0.0% Trades=0 DD=0.0% (232.9s)
[356/600] LATENCY_ARB_MOMENTUM_THRESHOLD=0.0014 LATENCY_ARB_MAX_ASK=0.65 LATENCY_ARB_MAX_POSITION_FRACTION=0.1 LATENCY_ARB_COOLDOWN_MS=60000 ... PnL=$0 WR=0.0% Trades=0 DD=0.0% (233.0s)
[244/600] LATENCY_ARB_MOMENTUM_THRESHOLD=0.0012 LATENCY_ARB_MAX_ASK=0.55 LATENCY_ARB_MAX_POSITION_FRACTION=0.05 LATENCY_ARB_COOLDOWN_MS=30000 ... PnL=$0 WR=0.0% Trades=0 DD=0.0% (233.1s)
[20/600] LATENCY_ARB_MOMENTUM_THRESHOLD=0.0006 LATENCY_ARB_MAX_ASK=0.55 LATENCY_ARB_MAX_POSITION_FRACTION=0.05 LATENCY_ARB_COOLDOWN_MS=60000 ... PnL=$0 WR=0.0% Trades=0 DD=0.0% (230.7s)
[357/600] LATENCY_ARB_MOMENTUM_THRESHOLD=0.0014 LATENCY_ARB_MAX_ASK=0.65 LATENCY_ARB_MAX_POSITION_FRACTION=0.1 LATENCY_ARB_COOLDOWN_MS=120000 ... PnL=$0 WR=0.0% Trades=0 DD=0.0% (229.6s)
[320/600] LATENCY_ARB_MOMENTUM_THRESHOLD=0.0014 LATENCY_ARB_MAX_ASK=0.55 LATENCY_ARB_MAX_POSITION_FRACTION=0.05 LATENCY_ARB_COOLDOWN_MS=60000 ... PnL=$0 WR=0.0% Trades=0 DD=0.0% (230.6s)
[207/600] LATENCY_ARB_MOMENTUM_THRESHOLD=0.001 LATENCY_ARB_MAX_ASK=0.65 LATENCY_ARB_MAX_POSITION_FRACTION=0.1 LATENCY_ARB_COOLDOWN_MS=120000 ... PnL=$0 WR=0.0% Trades=0 DD=0.0% (229.9s)
[470/600] LATENCY_ARB_MOMENTUM_THRESHOLD=0.0018 LATENCY_ARB_MAX_ASK=0.55 LATENCY_ARB_MAX_POSITION_FRACTION=0.05 LATENCY_ARB_COOLDOWN_MS=60000 ... PnL=$0 WR=0.0% Trades=0 DD=0.0% (229.9s)
[395/600] LATENCY_ARB_MOMENTUM_THRESHOLD=0.0016 LATENCY_ARB_MAX_ASK=0.55 LATENCY_ARB_MAX_POSITION_FRACTION=0.05 LATENCY_ARB_COOLDOWN_MS=60000 ... PnL=$0 WR=0.0% Trades=0 DD=0.0% (230.9s)
[170/600] LATENCY_ARB_MOMENTUM_THRESHOLD=0.001 LATENCY_ARB_MAX_ASK=0.55 LATENCY_ARB_MAX_POSITION_FRACTION=0.05 LATENCY_ARB_COOLDOWN_MS=60000 ... PnL=$0 WR=0.0% Trades=0 DD=0.0% (231.3s)
[245/600] LATENCY_ARB_MOMENTUM_THRESHOLD=0.0012 LATENCY_ARB_MAX_ASK=0.55 LATENCY_ARB_MAX_POSITION_FRACTION=0.05 LATENCY_ARB_COOLDOWN_MS=60000 ... PnL=$0 WR=0.0% Trades=0 DD=0.0% (230.1s)
[208/600] LATENCY_ARB_MOMENTUM_THRESHOLD=0.001 LATENCY_ARB_MAX_ASK=0.65 LATENCY_ARB_MAX_POSITION_FRACTION=0.125 LATENCY_ARB_COOLDOWN_MS=30000 ... PnL=$0 WR=0.0% Trades=0 DD=0.0% (236.1s)
[246/600] LATENCY_ARB_MOMENTUM_THRESHOLD=0.0012 LATENCY_ARB_MAX_ASK=0.55 LATENCY_ARB_MAX_POSITION_FRACTION=0.05 LATENCY_ARB_COOLDOWN_MS=120000 ... PnL=$0 WR=0.0% Trades=0 DD=0.0% (235.7s)
[321/600] LATENCY_ARB_MOMENTUM_THRESHOLD=0.0014 LATENCY_ARB_MAX_ASK=0.55 LATENCY_ARB_MAX_POSITION_FRACTION=0.05 LATENCY_ARB_COOLDOWN_MS=120000 ... PnL=$0 WR=0.0% Trades=0 DD=0.0% (236.3s)
[358/600] LATENCY_ARB_MOMENTUM_THRESHOLD=0.0014 LATENCY_ARB_MAX_ASK=0.65 LATENCY_ARB_MAX_POSITION_FRACTION=0.125 LATENCY_ARB_COOLDOWN_MS=30000 ... PnL=$0 WR=0.0% Trades=0 DD=0.0% (236.3s)
[471/600] LATENCY_ARB_MOMENTUM_THRESHOLD=0.0018 LATENCY_ARB_MAX_ASK=0.55 LATENCY_ARB_MAX_POSITION_FRACTION=0.05 LATENCY_ARB_COOLDOWN_MS=120000 ... PnL=$0 WR=0.0% Trades=0 DD=0.0% (236.1s)
[396/600] LATENCY_ARB_MOMENTUM_THRESHOLD=0.0016 LATENCY_ARB_MAX_ASK=0.55 LATENCY_ARB_MAX_POSITION_FRACTION=0.05 LATENCY_ARB_COOLDOWN_MS=120000 ... PnL=$0 WR=0.0% Trades=0 DD=0.0% (236.0s)
[21/600] LATENCY_ARB_MOMENTUM_THRESHOLD=0.0006 LATENCY_ARB_MAX_ASK=0.55 LATENCY_ARB_MAX_POSITION_FRACTION=0.05 LATENCY_ARB_COOLDOWN_MS=120000 ... PnL=$0 WR=0.0% Trades=0 DD=0.0% (236.3s)
[171/600] LATENCY_ARB_MOMENTUM_THRESHOLD=0.001 LATENCY_ARB_MAX_ASK=0.55 LATENCY_ARB_MAX_POSITION_FRACTION=0.05 LATENCY_ARB_COOLDOWN_MS=120000 ... PnL=$0 WR=0.0% Trades=0 DD=0.0% (235.9s)
[22/600] LATENCY_ARB_MOMENTUM_THRESHOLD=0.0006 LATENCY_ARB_MAX_ASK=0.55 LATENCY_ARB_MAX_POSITION_FRACTION=0.075 LATENCY_ARB_COOLDOWN_MS=30000 ... PnL=$13 WR=100.0% Trades=2 DD=0.0% (243.1s)
[397/600] LATENCY_ARB_MOMENTUM_THRESHOLD=0.0016 LATENCY_ARB_MAX_ASK=0.55 LATENCY_ARB_MAX_POSITION_FRACTION=0.075 LATENCY_ARB_COOLDOWN_MS=30000 ... PnL=$0 WR=0.0% Trades=0 DD=0.0% (243.2s)
[472/600] LATENCY_ARB_MOMENTUM_THRESHOLD=0.0018 LATENCY_ARB_MAX_ASK=0.55 LATENCY_ARB_MAX_POSITION_FRACTION=0.075 LATENCY_ARB_COOLDOWN_MS=30000 ... PnL=$0 WR=0.0% Trades=0 DD=0.0% (243.6s)
[322/600] LATENCY_ARB_MOMENTUM_THRESHOLD=0.0014 LATENCY_ARB_MAX_ASK=0.55 LATENCY_ARB_MAX_POSITION_FRACTION=0.075 LATENCY_ARB_COOLDOWN_MS=30000 ... PnL=$0 WR=0.0% Trades=0 DD=0.0% (243.6s)
[209/600] LATENCY_ARB_MOMENTUM_THRESHOLD=0.001 LATENCY_ARB_MAX_ASK=0.65 LATENCY_ARB_MAX_POSITION_FRACTION=0.125 LATENCY_ARB_COOLDOWN_MS=60000 ... PnL=$0 WR=0.0% Trades=0 DD=0.0% (244.1s)
[359/600] LATENCY_ARB_MOMENTUM_THRESHOLD=0.0014 LATENCY_ARB_MAX_ASK=0.65 LATENCY_ARB_MAX_POSITION_FRACTION=0.125 LATENCY_ARB_COOLDOWN_MS=60000 ... PnL=$0 WR=0.0% Trades=0 DD=0.0% (244.1s)
[172/600] LATENCY_ARB_MOMENTUM_THRESHOLD=0.001 LATENCY_ARB_MAX_ASK=0.55 LATENCY_ARB_MAX_POSITION_FRACTION=0.075 LATENCY_ARB_COOLDOWN_MS=30000 ... PnL=$0 WR=0.0% Trades=0 DD=0.0% (244.1s)
[247/600] LATENCY_ARB_MOMENTUM_THRESHOLD=0.0012 LATENCY_ARB_MAX_ASK=0.55 LATENCY_ARB_MAX_POSITION_FRACTION=0.075 LATENCY_ARB_COOLDOWN_MS=30000 ... PnL=$0 WR=0.0% Trades=0 DD=0.0% (244.8s)
[360/600] LATENCY_ARB_MOMENTUM_THRESHOLD=0.0014 LATENCY_ARB_MAX_ASK=0.65 LATENCY_ARB_MAX_POSITION_FRACTION=0.125 LATENCY_ARB_COOLDOWN_MS=120000 ... PnL=$0 WR=0.0% Trades=0 DD=0.0% (229.4s)
[323/600] LATENCY_ARB_MOMENTUM_THRESHOLD=0.0014 LATENCY_ARB_MAX_ASK=0.55 LATENCY_ARB_MAX_POSITION_FRACTION=0.075 LATENCY_ARB_COOLDOWN_MS=60000 ... PnL=$0 WR=0.0% Trades=0 DD=0.0% (230.0s)
[473/600] LATENCY_ARB_MOMENTUM_THRESHOLD=0.0018 LATENCY_ARB_MAX_ASK=0.55 LATENCY_ARB_MAX_POSITION_FRACTION=0.075 LATENCY_ARB_COOLDOWN_MS=60000 ... PnL=$0 WR=0.0% Trades=0 DD=0.0% (230.0s)
[173/600] LATENCY_ARB_MOMENTUM_THRESHOLD=0.001 LATENCY_ARB_MAX_ASK=0.55 LATENCY_ARB_MAX_POSITION_FRACTION=0.075 LATENCY_ARB_COOLDOWN_MS=60000 ... PnL=$0 WR=0.0% Trades=0 DD=0.0% (230.0s)
[210/600] LATENCY_ARB_MOMENTUM_THRESHOLD=0.001 LATENCY_ARB_MAX_ASK=0.65 LATENCY_ARB_MAX_POSITION_FRACTION=0.125 LATENCY_ARB_COOLDOWN_MS=120000 ... PnL=$0 WR=0.0% Trades=0 DD=0.0% (230.9s)
[23/600] LATENCY_ARB_MOMENTUM_THRESHOLD=0.0006 LATENCY_ARB_MAX_ASK=0.55 LATENCY_ARB_MAX_POSITION_FRACTION=0.075 LATENCY_ARB_COOLDOWN_MS=60000 ... PnL=$13 WR=100.0% Trades=2 DD=0.0% (232.1s)
[248/600] LATENCY_ARB_MOMENTUM_THRESHOLD=0.0012 LATENCY_ARB_MAX_ASK=0.55 LATENCY_ARB_MAX_POSITION_FRACTION=0.075 LATENCY_ARB_COOLDOWN_MS=60000 ... PnL=$0 WR=0.0% Trades=0 DD=0.0% (230.5s)
[398/600] LATENCY_ARB_MOMENTUM_THRESHOLD=0.0016 LATENCY_ARB_MAX_ASK=0.55 LATENCY_ARB_MAX_POSITION_FRACTION=0.075 LATENCY_ARB_COOLDOWN_MS=60000 ... PnL=$0 WR=0.0% Trades=0 DD=0.0% (232.6s)
[24/600] LATENCY_ARB_MOMENTUM_THRESHOLD=0.0006 LATENCY_ARB_MAX_ASK=0.55 LATENCY_ARB_MAX_POSITION_FRACTION=0.075 LATENCY_ARB_COOLDOWN_MS=120000 ... PnL=$13 WR=100.0% Trades=2 DD=0.0% (238.3s)
[324/600] LATENCY_ARB_MOMENTUM_THRESHOLD=0.0014 LATENCY_ARB_MAX_ASK=0.55 LATENCY_ARB_MAX_POSITION_FRACTION=0.075 LATENCY_ARB_COOLDOWN_MS=120000 ... PnL=$0 WR=0.0% Trades=0 DD=0.0% (240.1s)
[474/600] LATENCY_ARB_MOMENTUM_THRESHOLD=0.0018 LATENCY_ARB_MAX_ASK=0.55 LATENCY_ARB_MAX_POSITION_FRACTION=0.075 LATENCY_ARB_COOLDOWN_MS=120000 ... PnL=$0 WR=0.0% Trades=0 DD=0.0% (240.1s)
[174/600] LATENCY_ARB_MOMENTUM_THRESHOLD=0.001 LATENCY_ARB_MAX_ASK=0.55 LATENCY_ARB_MAX_POSITION_FRACTION=0.075 LATENCY_ARB_COOLDOWN_MS=120000 ... PnL=$0 WR=0.0% Trades=0 DD=0.0% (241.0s)
[399/600] LATENCY_ARB_MOMENTUM_THRESHOLD=0.0016 LATENCY_ARB_MAX_ASK=0.55 LATENCY_ARB_MAX_POSITION_FRACTION=0.075 LATENCY_ARB_COOLDOWN_MS=120000 ... PnL=$0 WR=0.0% Trades=0 DD=0.0% (239.3s)
[249/600] LATENCY_ARB_MOMENTUM_THRESHOLD=0.0012 LATENCY_ARB_MAX_ASK=0.55 LATENCY_ARB_MAX_POSITION_FRACTION=0.075 LATENCY_ARB_COOLDOWN_MS=120000 ... PnL=$0 WR=0.0% Trades=0 DD=0.0% (240.5s)
[361/600] LATENCY_ARB_MOMENTUM_THRESHOLD=0.0014 LATENCY_ARB_MAX_ASK=0.7 LATENCY_ARB_MAX_POSITION_FRACTION=0.03 LATENCY_ARB_COOLDOWN_MS=30000 ... PnL=$0 WR=0.0% Trades=0 DD=0.0% (242.5s)
[211/600] LATENCY_ARB_MOMENTUM_THRESHOLD=0.001 LATENCY_ARB_MAX_ASK=0.7 LATENCY_ARB_MAX_POSITION_FRACTION=0.03 LATENCY_ARB_COOLDOWN_MS=30000 ... PnL=$0 WR=0.0% Trades=0 DD=0.0% (241.6s)
[25/600] LATENCY_ARB_MOMENTUM_THRESHOLD=0.0006 LATENCY_ARB_MAX_ASK=0.55 LATENCY_ARB_MAX_POSITION_FRACTION=0.1 LATENCY_ARB_COOLDOWN_MS=30000 ... PnL=$18 WR=100.0% Trades=2 DD=0.0% (232.6s)
[475/600] LATENCY_ARB_MOMENTUM_THRESHOLD=0.0018 LATENCY_ARB_MAX_ASK=0.55 LATENCY_ARB_MAX_POSITION_FRACTION=0.1 LATENCY_ARB_COOLDOWN_MS=30000 ... PnL=$0 WR=0.0% Trades=0 DD=0.0% (232.5s)
[325/600] LATENCY_ARB_MOMENTUM_THRESHOLD=0.0014 LATENCY_ARB_MAX_ASK=0.55 LATENCY_ARB_MAX_POSITION_FRACTION=0.1 LATENCY_ARB_COOLDOWN_MS=30000 ... PnL=$0 WR=0.0% Trades=0 DD=0.0% (232.5s)
[175/600] LATENCY_ARB_MOMENTUM_THRESHOLD=0.001 LATENCY_ARB_MAX_ASK=0.55 LATENCY_ARB_MAX_POSITION_FRACTION=0.1 LATENCY_ARB_COOLDOWN_MS=30000 ... PnL=$0 WR=0.0% Trades=0 DD=0.0% (231.9s)
[400/600] LATENCY_ARB_MOMENTUM_THRESHOLD=0.0016 LATENCY_ARB_MAX_ASK=0.55 LATENCY_ARB_MAX_POSITION_FRACTION=0.1 LATENCY_ARB_COOLDOWN_MS=30000 ... PnL=$0 WR=0.0% Trades=0 DD=0.0% (232.9s)
[212/600] LATENCY_ARB_MOMENTUM_THRESHOLD=0.001 LATENCY_ARB_MAX_ASK=0.7 LATENCY_ARB_MAX_POSITION_FRACTION=0.03 LATENCY_ARB_COOLDOWN_MS=60000 ... PnL=$0 WR=0.0% Trades=0 DD=0.0% (232.0s)
[362/600] LATENCY_ARB_MOMENTUM_THRESHOLD=0.0014 LATENCY_ARB_MAX_ASK=0.7 LATENCY_ARB_MAX_POSITION_FRACTION=0.03 LATENCY_ARB_COOLDOWN_MS=60000 ... PnL=$0 WR=0.0% Trades=0 DD=0.0% (233.4s)
[250/600] LATENCY_ARB_MOMENTUM_THRESHOLD=0.0012 LATENCY_ARB_MAX_ASK=0.55 LATENCY_ARB_MAX_POSITION_FRACTION=0.1 LATENCY_ARB_COOLDOWN_MS=30000 ... PnL=$0 WR=0.0% Trades=0 DD=0.0% (234.7s)
[26/600] LATENCY_ARB_MOMENTUM_THRESHOLD=0.0006 LATENCY_ARB_MAX_ASK=0.55 LATENCY_ARB_MAX_POSITION_FRACTION=0.1 LATENCY_ARB_COOLDOWN_MS=60000 ... PnL=$18 WR=100.0% Trades=2 DD=0.0% (242.4s)
[176/600] LATENCY_ARB_MOMENTUM_THRESHOLD=0.001 LATENCY_ARB_MAX_ASK=0.55 LATENCY_ARB_MAX_POSITION_FRACTION=0.1 LATENCY_ARB_COOLDOWN_MS=60000 ... PnL=$0 WR=0.0% Trades=0 DD=0.0% (242.7s)
[326/600] LATENCY_ARB_MOMENTUM_THRESHOLD=0.0014 LATENCY_ARB_MAX_ASK=0.55 LATENCY_ARB_MAX_POSITION_FRACTION=0.1 LATENCY_ARB_COOLDOWN_MS=60000 ... PnL=$0 WR=0.0% Trades=0 DD=0.0% (243.6s)
[401/600] LATENCY_ARB_MOMENTUM_THRESHOLD=0.0016 LATENCY_ARB_MAX_ASK=0.55 LATENCY_ARB_MAX_POSITION_FRACTION=0.1 LATENCY_ARB_COOLDOWN_MS=60000 ... PnL=$0 WR=0.0% Trades=0 DD=0.0% (242.9s)
[476/600] LATENCY_ARB_MOMENTUM_THRESHOLD=0.0018 LATENCY_ARB_MAX_ASK=0.55 LATENCY_ARB_MAX_POSITION_FRACTION=0.1 LATENCY_ARB_COOLDOWN_MS=60000 ... PnL=$0 WR=0.0% Trades=0 DD=0.0% (245.8s)
[213/600] LATENCY_ARB_MOMENTUM_THRESHOLD=0.001 LATENCY_ARB_MAX_ASK=0.7 LATENCY_ARB_MAX_POSITION_FRACTION=0.03 LATENCY_ARB_COOLDOWN_MS=120000 ... PnL=$0 WR=0.0% Trades=0 DD=0.0% (244.3s)
[363/600] LATENCY_ARB_MOMENTUM_THRESHOLD=0.0014 LATENCY_ARB_MAX_ASK=0.7 LATENCY_ARB_MAX_POSITION_FRACTION=0.03 LATENCY_ARB_COOLDOWN_MS=120000 ... PnL=$0 WR=0.0% Trades=0 DD=0.0% (245.4s)
[251/600] LATENCY_ARB_MOMENTUM_THRESHOLD=0.0012 LATENCY_ARB_MAX_ASK=0.55 LATENCY_ARB_MAX_POSITION_FRACTION=0.1 LATENCY_ARB_COOLDOWN_MS=60000 ... PnL=$0 WR=0.0% Trades=0 DD=0.0% (244.6s)
[177/600] LATENCY_ARB_MOMENTUM_THRESHOLD=0.001 LATENCY_ARB_MAX_ASK=0.55 LATENCY_ARB_MAX_POSITION_FRACTION=0.1 LATENCY_ARB_COOLDOWN_MS=120000 ... PnL=$0 WR=0.0% Trades=0 DD=0.0% (237.9s)
[327/600] LATENCY_ARB_MOMENTUM_THRESHOLD=0.0014 LATENCY_ARB_MAX_ASK=0.55 LATENCY_ARB_MAX_POSITION_FRACTION=0.1 LATENCY_ARB_COOLDOWN_MS=120000 ... PnL=$0 WR=0.0% Trades=0 DD=0.0% (237.9s)
[402/600] LATENCY_ARB_MOMENTUM_THRESHOLD=0.0016 LATENCY_ARB_MAX_ASK=0.55 LATENCY_ARB_MAX_POSITION_FRACTION=0.1 LATENCY_ARB_COOLDOWN_MS=120000 ... PnL=$0 WR=0.0% Trades=0 DD=0.0% (236.7s)
[27/600] LATENCY_ARB_MOMENTUM_THRESHOLD=0.0006 LATENCY_ARB_MAX_ASK=0.55 LATENCY_ARB_MAX_POSITION_FRACTION=0.1 LATENCY_ARB_COOLDOWN_MS=120000 ... PnL=$18 WR=100.0% Trades=2 DD=0.0% (239.2s)
[477/600] LATENCY_ARB_MOMENTUM_THRESHOLD=0.0018 LATENCY_ARB_MAX_ASK=0.55 LATENCY_ARB_MAX_POSITION_FRACTION=0.1 LATENCY_ARB_COOLDOWN_MS=120000 ... PnL=$0 WR=0.0% Trades=0 DD=0.0% (236.0s)
[214/600] LATENCY_ARB_MOMENTUM_THRESHOLD=0.001 LATENCY_ARB_MAX_ASK=0.7 LATENCY_ARB_MAX_POSITION_FRACTION=0.05 LATENCY_ARB_COOLDOWN_MS=30000 ... PnL=$0 WR=0.0% Trades=0 DD=0.0% (235.4s)
[364/600] LATENCY_ARB_MOMENTUM_THRESHOLD=0.0014 LATENCY_ARB_MAX_ASK=0.7 LATENCY_ARB_MAX_POSITION_FRACTION=0.05 LATENCY_ARB_COOLDOWN_MS=30000 ... PnL=$0 WR=0.0% Trades=0 DD=0.0% (236.5s)
[252/600] LATENCY_ARB_MOMENTUM_THRESHOLD=0.0012 LATENCY_ARB_MAX_ASK=0.55 LATENCY_ARB_MAX_POSITION_FRACTION=0.1 LATENCY_ARB_COOLDOWN_MS=120000 ... PnL=$0 WR=0.0% Trades=0 DD=0.0% (237.4s)
[328/600] LATENCY_ARB_MOMENTUM_THRESHOLD=0.0014 LATENCY_ARB_MAX_ASK=0.55 LATENCY_ARB_MAX_POSITION_FRACTION=0.125 LATENCY_ARB_COOLDOWN_MS=30000 ... PnL=$0 WR=0.0% Trades=0 DD=0.0% (236.1s)
[403/600] LATENCY_ARB_MOMENTUM_THRESHOLD=0.0016 LATENCY_ARB_MAX_ASK=0.55 LATENCY_ARB_MAX_POSITION_FRACTION=0.125 LATENCY_ARB_COOLDOWN_MS=30000 ... PnL=$0 WR=0.0% Trades=0 DD=0.0% (236.2s)
[365/600] LATENCY_ARB_MOMENTUM_THRESHOLD=0.0014 LATENCY_ARB_MAX_ASK=0.7 LATENCY_ARB_MAX_POSITION_FRACTION=0.05 LATENCY_ARB_COOLDOWN_MS=60000 ... PnL=$0 WR=0.0% Trades=0 DD=0.0% (232.8s)
[28/600] LATENCY_ARB_MOMENTUM_THRESHOLD=0.0006 LATENCY_ARB_MAX_ASK=0.55 LATENCY_ARB_MAX_POSITION_FRACTION=0.125 LATENCY_ARB_COOLDOWN_MS=30000 ... PnL=$23 WR=100.0% Trades=2 DD=0.0% (236.4s)
[178/600] LATENCY_ARB_MOMENTUM_THRESHOLD=0.001 LATENCY_ARB_MAX_ASK=0.55 LATENCY_ARB_MAX_POSITION_FRACTION=0.125 LATENCY_ARB_COOLDOWN_MS=30000 ... PnL=$0 WR=0.0% Trades=0 DD=0.0% (236.5s)
[478/600] LATENCY_ARB_MOMENTUM_THRESHOLD=0.0018 LATENCY_ARB_MAX_ASK=0.55 LATENCY_ARB_MAX_POSITION_FRACTION=0.125 LATENCY_ARB_COOLDOWN_MS=30000 ... PnL=$0 WR=0.0% Trades=0 DD=0.0% (236.4s)
[215/600] LATENCY_ARB_MOMENTUM_THRESHOLD=0.001 LATENCY_ARB_MAX_ASK=0.7 LATENCY_ARB_MAX_POSITION_FRACTION=0.05 LATENCY_ARB_COOLDOWN_MS=60000 ... PnL=$0 WR=0.0% Trades=0 DD=0.0% (236.2s)
[253/600] LATENCY_ARB_MOMENTUM_THRESHOLD=0.0012 LATENCY_ARB_MAX_ASK=0.55 LATENCY_ARB_MAX_POSITION_FRACTION=0.125 LATENCY_ARB_COOLDOWN_MS=30000 ... PnL=$0 WR=0.0% Trades=0 DD=0.0% (233.7s)
[179/600] LATENCY_ARB_MOMENTUM_THRESHOLD=0.001 LATENCY_ARB_MAX_ASK=0.55 LATENCY_ARB_MAX_POSITION_FRACTION=0.125 LATENCY_ARB_COOLDOWN_MS=60000 ... PnL=$0 WR=0.0% Trades=0 DD=0.0% (239.3s)
[479/600] LATENCY_ARB_MOMENTUM_THRESHOLD=0.0018 LATENCY_ARB_MAX_ASK=0.55 LATENCY_ARB_MAX_POSITION_FRACTION=0.125 LATENCY_ARB_COOLDOWN_MS=60000 ... PnL=$0 WR=0.0% Trades=0 DD=0.0% (239.3s)
[366/600] LATENCY_ARB_MOMENTUM_THRESHOLD=0.0014 LATENCY_ARB_MAX_ASK=0.7 LATENCY_ARB_MAX_POSITION_FRACTION=0.05 LATENCY_ARB_COOLDOWN_MS=120000 ... PnL=$0 WR=0.0% Trades=0 DD=0.0% (239.9s)
[404/600] LATENCY_ARB_MOMENTUM_THRESHOLD=0.0016 LATENCY_ARB_MAX_ASK=0.55 LATENCY_ARB_MAX_POSITION_FRACTION=0.125 LATENCY_ARB_COOLDOWN_MS=60000 ... PnL=$0 WR=0.0% Trades=0 DD=0.0% (240.0s)
[29/600] LATENCY_ARB_MOMENTUM_THRESHOLD=0.0006 LATENCY_ARB_MAX_ASK=0.55 LATENCY_ARB_MAX_POSITION_FRACTION=0.125 LATENCY_ARB_COOLDOWN_MS=60000 ... PnL=$23 WR=100.0% Trades=2 DD=0.0% (240.7s)
[216/600] LATENCY_ARB_MOMENTUM_THRESHOLD=0.001 LATENCY_ARB_MAX_ASK=0.7 LATENCY_ARB_MAX_POSITION_FRACTION=0.05 LATENCY_ARB_COOLDOWN_MS=120000 ... PnL=$0 WR=0.0% Trades=0 DD=0.0% (240.8s)
[329/600] LATENCY_ARB_MOMENTUM_THRESHOLD=0.0014 LATENCY_ARB_MAX_ASK=0.55 LATENCY_ARB_MAX_POSITION_FRACTION=0.125 LATENCY_ARB_COOLDOWN_MS=60000 ... PnL=$0 WR=0.0% Trades=0 DD=0.0% (241.6s)
[254/600] LATENCY_ARB_MOMENTUM_THRESHOLD=0.0012 LATENCY_ARB_MAX_ASK=0.55 LATENCY_ARB_MAX_POSITION_FRACTION=0.125 LATENCY_ARB_COOLDOWN_MS=60000 ... PnL=$0 WR=0.0% Trades=0 DD=0.0% (240.7s)
[367/600] LATENCY_ARB_MOMENTUM_THRESHOLD=0.0014 LATENCY_ARB_MAX_ASK=0.7 LATENCY_ARB_MAX_POSITION_FRACTION=0.075 LATENCY_ARB_COOLDOWN_MS=30000 ... PnL=$0 WR=0.0% Trades=0 DD=0.0% (233.1s)
[180/600] LATENCY_ARB_MOMENTUM_THRESHOLD=0.001 LATENCY_ARB_MAX_ASK=0.55 LATENCY_ARB_MAX_POSITION_FRACTION=0.125 LATENCY_ARB_COOLDOWN_MS=120000 ... PnL=$0 WR=0.0% Trades=0 DD=0.0% (233.5s)
[405/600] LATENCY_ARB_MOMENTUM_THRESHOLD=0.0016 LATENCY_ARB_MAX_ASK=0.55 LATENCY_ARB_MAX_POSITION_FRACTION=0.125 LATENCY_ARB_COOLDOWN_MS=120000 ... PnL=$0 WR=0.0% Trades=0 DD=0.0% (233.0s)
[330/600] LATENCY_ARB_MOMENTUM_THRESHOLD=0.0014 LATENCY_ARB_MAX_ASK=0.55 LATENCY_ARB_MAX_POSITION_FRACTION=0.125 LATENCY_ARB_COOLDOWN_MS=120000 ... PnL=$0 WR=0.0% Trades=0 DD=0.0% (231.5s)
[480/600] LATENCY_ARB_MOMENTUM_THRESHOLD=0.0018 LATENCY_ARB_MAX_ASK=0.55 LATENCY_ARB_MAX_POSITION_FRACTION=0.125 LATENCY_ARB_COOLDOWN_MS=120000 ... PnL=$0 WR=0.0% Trades=0 DD=0.0% (233.4s)
[30/600] LATENCY_ARB_MOMENTUM_THRESHOLD=0.0006 LATENCY_ARB_MAX_ASK=0.55 LATENCY_ARB_MAX_POSITION_FRACTION=0.125 LATENCY_ARB_COOLDOWN_MS=120000 ... PnL=$23 WR=100.0% Trades=2 DD=0.0% (232.1s)
[217/600] LATENCY_ARB_MOMENTUM_THRESHOLD=0.001 LATENCY_ARB_MAX_ASK=0.7 LATENCY_ARB_MAX_POSITION_FRACTION=0.075 LATENCY_ARB_COOLDOWN_MS=30000 ... PnL=$0 WR=0.0% Trades=0 DD=0.0% (232.1s)
[255/600] LATENCY_ARB_MOMENTUM_THRESHOLD=0.0012 LATENCY_ARB_MAX_ASK=0.55 LATENCY_ARB_MAX_POSITION_FRACTION=0.125 LATENCY_ARB_COOLDOWN_MS=120000 ... PnL=$0 WR=0.0% Trades=0 DD=0.0% (232.4s)
[368/600] LATENCY_ARB_MOMENTUM_THRESHOLD=0.0014 LATENCY_ARB_MAX_ASK=0.7 LATENCY_ARB_MAX_POSITION_FRACTION=0.075 LATENCY_ARB_COOLDOWN_MS=60000 ... PnL=$0 WR=0.0% Trades=0 DD=0.0% (244.6s)
[31/600] LATENCY_ARB_MOMENTUM_THRESHOLD=0.0006 LATENCY_ARB_MAX_ASK=0.6 LATENCY_ARB_MAX_POSITION_FRACTION=0.03 LATENCY_ARB_COOLDOWN_MS=30000 ... PnL=$0 WR=0.0% Trades=0 DD=0.0% (244.6s)
[181/600] LATENCY_ARB_MOMENTUM_THRESHOLD=0.001 LATENCY_ARB_MAX_ASK=0.6 LATENCY_ARB_MAX_POSITION_FRACTION=0.03 LATENCY_ARB_COOLDOWN_MS=30000 ... PnL=$0 WR=0.0% Trades=0 DD=0.0% (244.9s)
[331/600] LATENCY_ARB_MOMENTUM_THRESHOLD=0.0014 LATENCY_ARB_MAX_ASK=0.6 LATENCY_ARB_MAX_POSITION_FRACTION=0.03 LATENCY_ARB_COOLDOWN_MS=30000 ... PnL=$0 WR=0.0% Trades=0 DD=0.0% (244.9s)
[406/600] LATENCY_ARB_MOMENTUM_THRESHOLD=0.0016 LATENCY_ARB_MAX_ASK=0.6 LATENCY_ARB_MAX_POSITION_FRACTION=0.03 LATENCY_ARB_COOLDOWN_MS=30000 ... PnL=$0 WR=0.0% Trades=0 DD=0.0% (245.1s)
[481/600] LATENCY_ARB_MOMENTUM_THRESHOLD=0.0018 LATENCY_ARB_MAX_ASK=0.6 LATENCY_ARB_MAX_POSITION_FRACTION=0.03 LATENCY_ARB_COOLDOWN_MS=30000 ... PnL=$0 WR=0.0% Trades=0 DD=0.0% (245.1s)
[256/600] LATENCY_ARB_MOMENTUM_THRESHOLD=0.0012 LATENCY_ARB_MAX_ASK=0.6 LATENCY_ARB_MAX_POSITION_FRACTION=0.03 LATENCY_ARB_COOLDOWN_MS=30000 ... PnL=$0 WR=0.0% Trades=0 DD=0.0% (242.8s)
[218/600] LATENCY_ARB_MOMENTUM_THRESHOLD=0.001 LATENCY_ARB_MAX_ASK=0.7 LATENCY_ARB_MAX_POSITION_FRACTION=0.075 LATENCY_ARB_COOLDOWN_MS=60000 ... PnL=$0 WR=0.0% Trades=0 DD=0.0% (245.1s)
[482/600] LATENCY_ARB_MOMENTUM_THRESHOLD=0.0018 LATENCY_ARB_MAX_ASK=0.6 LATENCY_ARB_MAX_POSITION_FRACTION=0.03 LATENCY_ARB_COOLDOWN_MS=60000 ... PnL=$0 WR=0.0% Trades=0 DD=0.0% (237.3s)
[182/600] LATENCY_ARB_MOMENTUM_THRESHOLD=0.001 LATENCY_ARB_MAX_ASK=0.6 LATENCY_ARB_MAX_POSITION_FRACTION=0.03 LATENCY_ARB_COOLDOWN_MS=60000 ... PnL=$0 WR=0.0% Trades=0 DD=0.0% (237.6s)
[219/600] LATENCY_ARB_MOMENTUM_THRESHOLD=0.001 LATENCY_ARB_MAX_ASK=0.7 LATENCY_ARB_MAX_POSITION_FRACTION=0.075 LATENCY_ARB_COOLDOWN_MS=120000 ... PnL=$0 WR=0.0% Trades=0 DD=0.0% (237.0s)
[32/600] LATENCY_ARB_MOMENTUM_THRESHOLD=0.0006 LATENCY_ARB_MAX_ASK=0.6 LATENCY_ARB_MAX_POSITION_FRACTION=0.03 LATENCY_ARB_COOLDOWN_MS=60000 ... PnL=$0 WR=0.0% Trades=0 DD=0.0% (237.9s)
[407/600] LATENCY_ARB_MOMENTUM_THRESHOLD=0.0016 LATENCY_ARB_MAX_ASK=0.6 LATENCY_ARB_MAX_POSITION_FRACTION=0.03 LATENCY_ARB_COOLDOWN_MS=60000 ... PnL=$0 WR=0.0% Trades=0 DD=0.0% (237.5s)
[369/600] LATENCY_ARB_MOMENTUM_THRESHOLD=0.0014 LATENCY_ARB_MAX_ASK=0.7 LATENCY_ARB_MAX_POSITION_FRACTION=0.075 LATENCY_ARB_COOLDOWN_MS=120000 ... PnL=$0 WR=0.0% Trades=0 DD=0.0% (238.0s)
[332/600] LATENCY_ARB_MOMENTUM_THRESHOLD=0.0014 LATENCY_ARB_MAX_ASK=0.6 LATENCY_ARB_MAX_POSITION_FRACTION=0.03 LATENCY_ARB_COOLDOWN_MS=60000 ... PnL=$0 WR=0.0% Trades=0 DD=0.0% (237.7s)
[257/600] LATENCY_ARB_MOMENTUM_THRESHOLD=0.0012 LATENCY_ARB_MAX_ASK=0.6 LATENCY_ARB_MAX_POSITION_FRACTION=0.03 LATENCY_ARB_COOLDOWN_MS=60000 ... PnL=$0 WR=0.0% Trades=0 DD=0.0% (237.5s)
[220/600] LATENCY_ARB_MOMENTUM_THRESHOLD=0.001 LATENCY_ARB_MAX_ASK=0.7 LATENCY_ARB_MAX_POSITION_FRACTION=0.1 LATENCY_ARB_COOLDOWN_MS=30000 ... PnL=$0 WR=0.0% Trades=0 DD=0.0% (230.3s)
[408/600] LATENCY_ARB_MOMENTUM_THRESHOLD=0.0016 LATENCY_ARB_MAX_ASK=0.6 LATENCY_ARB_MAX_POSITION_FRACTION=0.03 LATENCY_ARB_COOLDOWN_MS=120000 ... PnL=$0 WR=0.0% Trades=0 DD=0.0% (230.2s)
[483/600] LATENCY_ARB_MOMENTUM_THRESHOLD=0.0018 LATENCY_ARB_MAX_ASK=0.6 LATENCY_ARB_MAX_POSITION_FRACTION=0.03 LATENCY_ARB_COOLDOWN_MS=120000 ... PnL=$0 WR=0.0% Trades=0 DD=0.0% (230.3s)
[33/600] LATENCY_ARB_MOMENTUM_THRESHOLD=0.0006 LATENCY_ARB_MAX_ASK=0.6 LATENCY_ARB_MAX_POSITION_FRACTION=0.03 LATENCY_ARB_COOLDOWN_MS=120000 ... PnL=$0 WR=0.0% Trades=0 DD=0.0% (230.3s)
[333/600] LATENCY_ARB_MOMENTUM_THRESHOLD=0.0014 LATENCY_ARB_MAX_ASK=0.6 LATENCY_ARB_MAX_POSITION_FRACTION=0.03 LATENCY_ARB_COOLDOWN_MS=120000 ... PnL=$0 WR=0.0% Trades=0 DD=0.0% (230.2s)
[258/600] LATENCY_ARB_MOMENTUM_THRESHOLD=0.0012 LATENCY_ARB_MAX_ASK=0.6 LATENCY_ARB_MAX_POSITION_FRACTION=0.03 LATENCY_ARB_COOLDOWN_MS=120000 ... PnL=$0 WR=0.0% Trades=0 DD=0.0% (230.2s)
[370/600] LATENCY_ARB_MOMENTUM_THRESHOLD=0.0014 LATENCY_ARB_MAX_ASK=0.7 LATENCY_ARB_MAX_POSITION_FRACTION=0.1 LATENCY_ARB_COOLDOWN_MS=30000 ... PnL=$0 WR=0.0% Trades=0 DD=0.0% (230.2s)
[183/600] LATENCY_ARB_MOMENTUM_THRESHOLD=0.001 LATENCY_ARB_MAX_ASK=0.6 LATENCY_ARB_MAX_POSITION_FRACTION=0.03 LATENCY_ARB_COOLDOWN_MS=120000 ... PnL=$0 WR=0.0% Trades=0 DD=0.0% (230.3s)
[184/600] LATENCY_ARB_MOMENTUM_THRESHOLD=0.001 LATENCY_ARB_MAX_ASK=0.6 LATENCY_ARB_MAX_POSITION_FRACTION=0.05 LATENCY_ARB_COOLDOWN_MS=30000 ... PnL=$0 WR=0.0% Trades=0 DD=0.0% (280.0s)
[259/600] LATENCY_ARB_MOMENTUM_THRESHOLD=0.0012 LATENCY_ARB_MAX_ASK=0.6 LATENCY_ARB_MAX_POSITION_FRACTION=0.05 LATENCY_ARB_COOLDOWN_MS=30000 ... PnL=$0 WR=0.0% Trades=0 DD=0.0% (280.0s)
[221/600] LATENCY_ARB_MOMENTUM_THRESHOLD=0.001 LATENCY_ARB_MAX_ASK=0.7 LATENCY_ARB_MAX_POSITION_FRACTION=0.1 LATENCY_ARB_COOLDOWN_MS=60000 ... PnL=$0 WR=0.0% Trades=0 DD=0.0% (280.0s)
[409/600] LATENCY_ARB_MOMENTUM_THRESHOLD=0.0016 LATENCY_ARB_MAX_ASK=0.6 LATENCY_ARB_MAX_POSITION_FRACTION=0.05 LATENCY_ARB_COOLDOWN_MS=30000 ... PnL=$0 WR=0.0% Trades=0 DD=0.0% (280.0s)
[34/600] LATENCY_ARB_MOMENTUM_THRESHOLD=0.0006 LATENCY_ARB_MAX_ASK=0.6 LATENCY_ARB_MAX_POSITION_FRACTION=0.05 LATENCY_ARB_COOLDOWN_MS=30000 ... PnL=$0 WR=0.0% Trades=0 DD=0.0% (280.0s)
[334/600] LATENCY_ARB_MOMENTUM_THRESHOLD=0.0014 LATENCY_ARB_MAX_ASK=0.6 LATENCY_ARB_MAX_POSITION_FRACTION=0.05 LATENCY_ARB_COOLDOWN_MS=30000 ... PnL=$0 WR=0.0% Trades=0 DD=0.0% (280.0s)
[371/600] LATENCY_ARB_MOMENTUM_THRESHOLD=0.0014 LATENCY_ARB_MAX_ASK=0.7 LATENCY_ARB_MAX_POSITION_FRACTION=0.1 LATENCY_ARB_COOLDOWN_MS=60000 ... PnL=$0 WR=0.0% Trades=0 DD=0.0% (280.0s)
[484/600] LATENCY_ARB_MOMENTUM_THRESHOLD=0.0018 LATENCY_ARB_MAX_ASK=0.6 LATENCY_ARB_MAX_POSITION_FRACTION=0.05 LATENCY_ARB_COOLDOWN_MS=30000 ... PnL=$0 WR=0.0% Trades=0 DD=0.0% (280.0s)
[410/600] LATENCY_ARB_MOMENTUM_THRESHOLD=0.0016 LATENCY_ARB_MAX_ASK=0.6 LATENCY_ARB_MAX_POSITION_FRACTION=0.05 LATENCY_ARB_COOLDOWN_MS=60000 ... PnL=$0 WR=0.0% Trades=0 DD=0.0% (243.4s)
[485/600] LATENCY_ARB_MOMENTUM_THRESHOLD=0.0018 LATENCY_ARB_MAX_ASK=0.6 LATENCY_ARB_MAX_POSITION_FRACTION=0.05 LATENCY_ARB_COOLDOWN_MS=60000 ... PnL=$0 WR=0.0% Trades=0 DD=0.0% (243.4s)
[335/600] LATENCY_ARB_MOMENTUM_THRESHOLD=0.0014 LATENCY_ARB_MAX_ASK=0.6 LATENCY_ARB_MAX_POSITION_FRACTION=0.05 LATENCY_ARB_COOLDOWN_MS=60000 ... PnL=$0 WR=0.0% Trades=0 DD=0.0% (243.4s)
[35/600] LATENCY_ARB_MOMENTUM_THRESHOLD=0.0006 LATENCY_ARB_MAX_ASK=0.6 LATENCY_ARB_MAX_POSITION_FRACTION=0.05 LATENCY_ARB_COOLDOWN_MS=60000 ... PnL=$0 WR=0.0% Trades=0 DD=0.0% (243.4s)
[222/600] LATENCY_ARB_MOMENTUM_THRESHOLD=0.001 LATENCY_ARB_MAX_ASK=0.7 LATENCY_ARB_MAX_POSITION_FRACTION=0.1 LATENCY_ARB_COOLDOWN_MS=120000 ... PnL=$0 WR=0.0% Trades=0 DD=0.0% (243.4s)
[185/600] LATENCY_ARB_MOMENTUM_THRESHOLD=0.001 LATENCY_ARB_MAX_ASK=0.6 LATENCY_ARB_MAX_POSITION_FRACTION=0.05 LATENCY_ARB_COOLDOWN_MS=60000 ... PnL=$0 WR=0.0% Trades=0 DD=0.0% (243.4s)
[372/600] LATENCY_ARB_MOMENTUM_THRESHOLD=0.0014 LATENCY_ARB_MAX_ASK=0.7 LATENCY_ARB_MAX_POSITION_FRACTION=0.1 LATENCY_ARB_COOLDOWN_MS=120000 ... PnL=$0 WR=0.0% Trades=0 DD=0.0% (243.4s)
[260/600] LATENCY_ARB_MOMENTUM_THRESHOLD=0.0012 LATENCY_ARB_MAX_ASK=0.6 LATENCY_ARB_MAX_POSITION_FRACTION=0.05 LATENCY_ARB_COOLDOWN_MS=60000 ... PnL=$0 WR=0.0% Trades=0 DD=0.0% (243.5s)
[186/600] LATENCY_ARB_MOMENTUM_THRESHOLD=0.001 LATENCY_ARB_MAX_ASK=0.6 LATENCY_ARB_MAX_POSITION_FRACTION=0.05 LATENCY_ARB_COOLDOWN_MS=120000 ... PnL=$0 WR=0.0% Trades=0 DD=0.0% (242.6s)
[223/600] LATENCY_ARB_MOMENTUM_THRESHOLD=0.001 LATENCY_ARB_MAX_ASK=0.7 LATENCY_ARB_MAX_POSITION_FRACTION=0.125 LATENCY_ARB_COOLDOWN_MS=30000 ... PnL=$0 WR=0.0% Trades=0 DD=0.0% (242.6s)
[373/600] LATENCY_ARB_MOMENTUM_THRESHOLD=0.0014 LATENCY_ARB_MAX_ASK=0.7 LATENCY_ARB_MAX_POSITION_FRACTION=0.125 LATENCY_ARB_COOLDOWN_MS=30000 ... PnL=$0 WR=0.0% Trades=0 DD=0.0% (242.6s)
[411/600] LATENCY_ARB_MOMENTUM_THRESHOLD=0.0016 LATENCY_ARB_MAX_ASK=0.6 LATENCY_ARB_MAX_POSITION_FRACTION=0.05 LATENCY_ARB_COOLDOWN_MS=120000 ... PnL=$0 WR=0.0% Trades=0 DD=0.0% (242.6s)
[36/600] LATENCY_ARB_MOMENTUM_THRESHOLD=0.0006 LATENCY_ARB_MAX_ASK=0.6 LATENCY_ARB_MAX_POSITION_FRACTION=0.05 LATENCY_ARB_COOLDOWN_MS=120000 ... PnL=$0 WR=0.0% Trades=0 DD=0.0% (242.6s)
[261/600] LATENCY_ARB_MOMENTUM_THRESHOLD=0.0012 LATENCY_ARB_MAX_ASK=0.6 LATENCY_ARB_MAX_POSITION_FRACTION=0.05 LATENCY_ARB_COOLDOWN_MS=120000 ... PnL=$0 WR=0.0% Trades=0 DD=0.0% (242.6s)
[336/600] LATENCY_ARB_MOMENTUM_THRESHOLD=0.0014 LATENCY_ARB_MAX_ASK=0.6 LATENCY_ARB_MAX_POSITION_FRACTION=0.05 LATENCY_ARB_COOLDOWN_MS=120000 ... PnL=$0 WR=0.0% Trades=0 DD=0.0% (242.6s)
[486/600] LATENCY_ARB_MOMENTUM_THRESHOLD=0.0018 LATENCY_ARB_MAX_ASK=0.6 LATENCY_ARB_MAX_POSITION_FRACTION=0.05 LATENCY_ARB_COOLDOWN_MS=120000 ... PnL=$0 WR=0.0% Trades=0 DD=0.0% (242.7s)
[187/600] LATENCY_ARB_MOMENTUM_THRESHOLD=0.001 LATENCY_ARB_MAX_ASK=0.6 LATENCY_ARB_MAX_POSITION_FRACTION=0.075 LATENCY_ARB_COOLDOWN_MS=30000 ... PnL=$0 WR=0.0% Trades=0 DD=0.0% (244.6s)
[224/600] LATENCY_ARB_MOMENTUM_THRESHOLD=0.001 LATENCY_ARB_MAX_ASK=0.7 LATENCY_ARB_MAX_POSITION_FRACTION=0.125 LATENCY_ARB_COOLDOWN_MS=60000 ... PnL=$0 WR=0.0% Trades=0 DD=0.0% (244.6s)
[374/600] LATENCY_ARB_MOMENTUM_THRESHOLD=0.0014 LATENCY_ARB_MAX_ASK=0.7 LATENCY_ARB_MAX_POSITION_FRACTION=0.125 LATENCY_ARB_COOLDOWN_MS=60000 ... PnL=$0 WR=0.0% Trades=0 DD=0.0% (244.6s)
[487/600] LATENCY_ARB_MOMENTUM_THRESHOLD=0.0018 LATENCY_ARB_MAX_ASK=0.6 LATENCY_ARB_MAX_POSITION_FRACTION=0.075 LATENCY_ARB_COOLDOWN_MS=30000 ... PnL=$0 WR=0.0% Trades=0 DD=0.0% (244.6s)
[337/600] LATENCY_ARB_MOMENTUM_THRESHOLD=0.0014 LATENCY_ARB_MAX_ASK=0.6 LATENCY_ARB_MAX_POSITION_FRACTION=0.075 LATENCY_ARB_COOLDOWN_MS=30000 ... PnL=$0 WR=0.0% Trades=0 DD=0.0% (244.6s)
[37/600] LATENCY_ARB_MOMENTUM_THRESHOLD=0.0006 LATENCY_ARB_MAX_ASK=0.6 LATENCY_ARB_MAX_POSITION_FRACTION=0.075 LATENCY_ARB_COOLDOWN_MS=30000 ... PnL=$16 WR=80.0% Trades=5 DD=7.0% (244.6s)
[262/600] LATENCY_ARB_MOMENTUM_THRESHOLD=0.0012 LATENCY_ARB_MAX_ASK=0.6 LATENCY_ARB_MAX_POSITION_FRACTION=0.075 LATENCY_ARB_COOLDOWN_MS=30000 ... PnL=$0 WR=0.0% Trades=0 DD=0.0% (244.7s)
[412/600] LATENCY_ARB_MOMENTUM_THRESHOLD=0.0016 LATENCY_ARB_MAX_ASK=0.6 LATENCY_ARB_MAX_POSITION_FRACTION=0.075 LATENCY_ARB_COOLDOWN_MS=30000 ... PnL=$0 WR=0.0% Trades=0 DD=0.0% (244.9s)
[413/600] LATENCY_ARB_MOMENTUM_THRESHOLD=0.0016 LATENCY_ARB_MAX_ASK=0.6 LATENCY_ARB_MAX_POSITION_FRACTION=0.075 LATENCY_ARB_COOLDOWN_MS=60000 ... PnL=$0 WR=0.0% Trades=0 DD=0.0% (240.3s)
[38/600] LATENCY_ARB_MOMENTUM_THRESHOLD=0.0006 LATENCY_ARB_MAX_ASK=0.6 LATENCY_ARB_MAX_POSITION_FRACTION=0.075 LATENCY_ARB_COOLDOWN_MS=60000 ... PnL=$16 WR=80.0% Trades=5 DD=7.0% (240.5s)
[113/600] LATENCY_ARB_MOMENTUM_THRESHOLD=0.0008 LATENCY_ARB_MAX_ASK=0.6 LATENCY_ARB_MAX_POSITION_FRACTION=0.075 LATENCY_ARB_COOLDOWN_MS=60000 ... PnL=$17 WR=100.0% Trades=3 DD=0.0% (240.5s)
[76/600] LATENCY_ARB_MOMENTUM_THRESHOLD=0.0008 LATENCY_ARB_MAX_ASK=0.5 LATENCY_ARB_MAX_POSITION_FRACTION=0.03 LATENCY_ARB_COOLDOWN_MS=30000 ... PnL=$0 WR=0.0% Trades=0 DD=0.0% (240.5s)
[375/600] LATENCY_ARB_MOMENTUM_THRESHOLD=0.0014 LATENCY_ARB_MAX_ASK=0.7 LATENCY_ARB_MAX_POSITION_FRACTION=0.125 LATENCY_ARB_COOLDOWN_MS=120000 ... PnL=$0 WR=0.0% Trades=0 DD=0.0% (240.6s)
[225/600] LATENCY_ARB_MOMENTUM_THRESHOLD=0.001 LATENCY_ARB_MAX_ASK=0.7 LATENCY_ARB_MAX_POSITION_FRACTION=0.125 LATENCY_ARB_COOLDOWN_MS=120000 ... PnL=$0 WR=0.0% Trades=0 DD=0.0% (240.6s)
[488/600] LATENCY_ARB_MOMENTUM_THRESHOLD=0.0018 LATENCY_ARB_MAX_ASK=0.6 LATENCY_ARB_MAX_POSITION_FRACTION=0.075 LATENCY_ARB_COOLDOWN_MS=60000 ... PnL=$0 WR=0.0% Trades=0 DD=0.0% (240.6s)
[263/600] LATENCY_ARB_MOMENTUM_THRESHOLD=0.0012 LATENCY_ARB_MAX_ASK=0.6 LATENCY_ARB_MAX_POSITION_FRACTION=0.075 LATENCY_ARB_COOLDOWN_MS=60000 ... PnL=$0 WR=0.0% Trades=0 DD=0.0% (240.7s)
[489/600] LATENCY_ARB_MOMENTUM_THRESHOLD=0.0018 LATENCY_ARB_MAX_ASK=0.6 LATENCY_ARB_MAX_POSITION_FRACTION=0.075 LATENCY_ARB_COOLDOWN_MS=120000 ... PnL=$0 WR=0.0% Trades=0 DD=0.0% (235.8s)
[114/600] LATENCY_ARB_MOMENTUM_THRESHOLD=0.0008 LATENCY_ARB_MAX_ASK=0.6 LATENCY_ARB_MAX_POSITION_FRACTION=0.075 LATENCY_ARB_COOLDOWN_MS=120000 ... PnL=$17 WR=100.0% Trades=3 DD=0.0% (235.9s)
[77/600] LATENCY_ARB_MOMENTUM_THRESHOLD=0.0008 LATENCY_ARB_MAX_ASK=0.5 LATENCY_ARB_MAX_POSITION_FRACTION=0.03 LATENCY_ARB_COOLDOWN_MS=60000 ... PnL=$0 WR=0.0% Trades=0 DD=0.0% (235.9s)
[39/600] LATENCY_ARB_MOMENTUM_THRESHOLD=0.0006 LATENCY_ARB_MAX_ASK=0.6 LATENCY_ARB_MAX_POSITION_FRACTION=0.075 LATENCY_ARB_COOLDOWN_MS=120000 ... PnL=$16 WR=80.0% Trades=5 DD=7.0% (235.9s)
[264/600] LATENCY_ARB_MOMENTUM_THRESHOLD=0.0012 LATENCY_ARB_MAX_ASK=0.6 LATENCY_ARB_MAX_POSITION_FRACTION=0.075 LATENCY_ARB_COOLDOWN_MS=120000 ... PnL=$0 WR=0.0% Trades=0 DD=0.0% (235.8s)
[414/600] LATENCY_ARB_MOMENTUM_THRESHOLD=0.0016 LATENCY_ARB_MAX_ASK=0.6 LATENCY_ARB_MAX_POSITION_FRACTION=0.075 LATENCY_ARB_COOLDOWN_MS=120000 ... PnL=$0 WR=0.0% Trades=0 DD=0.0% (235.9s)
[57/600] LATENCY_ARB_MOMENTUM_THRESHOLD=0.0006 LATENCY_ARB_MAX_ASK=0.65 LATENCY_ARB_MAX_POSITION_FRACTION=0.1 LATENCY_ARB_COOLDOWN_MS=120000 ... PnL=$24 WR=83.3% Trades=6 DD=8.7% (235.9s)
[432/600] LATENCY_ARB_MOMENTUM_THRESHOLD=0.0016 LATENCY_ARB_MAX_ASK=0.65 LATENCY_ARB_MAX_POSITION_FRACTION=0.1 LATENCY_ARB_COOLDOWN_MS=120000 ... PnL=$0 WR=0.0% Trades=0 DD=0.0% (235.9s)
[115/600] LATENCY_ARB_MOMENTUM_THRESHOLD=0.0008 LATENCY_ARB_MAX_ASK=0.6 LATENCY_ARB_MAX_POSITION_FRACTION=0.1 LATENCY_ARB_COOLDOWN_MS=30000 ... PnL=$22 WR=100.0% Trades=3 DD=0.0% (239.5s)
[265/600] LATENCY_ARB_MOMENTUM_THRESHOLD=0.0012 LATENCY_ARB_MAX_ASK=0.6 LATENCY_ARB_MAX_POSITION_FRACTION=0.1 LATENCY_ARB_COOLDOWN_MS=30000 ... PnL=$0 WR=0.0% Trades=0 DD=0.0% (239.4s)
[415/600] LATENCY_ARB_MOMENTUM_THRESHOLD=0.0016 LATENCY_ARB_MAX_ASK=0.6 LATENCY_ARB_MAX_POSITION_FRACTION=0.1 LATENCY_ARB_COOLDOWN_MS=30000 ... PnL=$0 WR=0.0% Trades=0 DD=0.0% (239.4s)
[40/600] LATENCY_ARB_MOMENTUM_THRESHOLD=0.0006 LATENCY_ARB_MAX_ASK=0.6 LATENCY_ARB_MAX_POSITION_FRACTION=0.1 LATENCY_ARB_COOLDOWN_MS=30000 ... PnL=$28 WR=83.3% Trades=6 DD=9.3% (239.5s)
[78/600] LATENCY_ARB_MOMENTUM_THRESHOLD=0.0008 LATENCY_ARB_MAX_ASK=0.5 LATENCY_ARB_MAX_POSITION_FRACTION=0.03 LATENCY_ARB_COOLDOWN_MS=120000 ... PnL=$0 WR=0.0% Trades=0 DD=0.0% (239.5s)
[490/600] LATENCY_ARB_MOMENTUM_THRESHOLD=0.0018 LATENCY_ARB_MAX_ASK=0.6 LATENCY_ARB_MAX_POSITION_FRACTION=0.1 LATENCY_ARB_COOLDOWN_MS=30000 ... PnL=$0 WR=0.0% Trades=0 DD=0.0% (239.5s)
[433/600] LATENCY_ARB_MOMENTUM_THRESHOLD=0.0016 LATENCY_ARB_MAX_ASK=0.65 LATENCY_ARB_MAX_POSITION_FRACTION=0.125 LATENCY_ARB_COOLDOWN_MS=30000 ... PnL=$0 WR=0.0% Trades=0 DD=0.0% (239.4s)
[58/600] LATENCY_ARB_MOMENTUM_THRESHOLD=0.0006 LATENCY_ARB_MAX_ASK=0.65 LATENCY_ARB_MAX_POSITION_FRACTION=0.125 LATENCY_ARB_COOLDOWN_MS=30000 ... PnL=$30 WR=83.3% Trades=6 DD=11.0% (239.5s)
[41/600] LATENCY_ARB_MOMENTUM_THRESHOLD=0.0006 LATENCY_ARB_MAX_ASK=0.6 LATENCY_ARB_MAX_POSITION_FRACTION=0.1 LATENCY_ARB_COOLDOWN_MS=60000 ... PnL=$28 WR=83.3% Trades=6 DD=9.3% (238.3s)
[266/600] LATENCY_ARB_MOMENTUM_THRESHOLD=0.0012 LATENCY_ARB_MAX_ASK=0.6 LATENCY_ARB_MAX_POSITION_FRACTION=0.1 LATENCY_ARB_COOLDOWN_MS=60000 ... PnL=$0 WR=0.0% Trades=0 DD=0.0% (238.3s)
[491/600] LATENCY_ARB_MOMENTUM_THRESHOLD=0.0018 LATENCY_ARB_MAX_ASK=0.6 LATENCY_ARB_MAX_POSITION_FRACTION=0.1 LATENCY_ARB_COOLDOWN_MS=60000 ... PnL=$0 WR=0.0% Trades=0 DD=0.0% (238.3s)
[116/600] LATENCY_ARB_MOMENTUM_THRESHOLD=0.0008 LATENCY_ARB_MAX_ASK=0.6 LATENCY_ARB_MAX_POSITION_FRACTION=0.1 LATENCY_ARB_COOLDOWN_MS=60000 ... PnL=$22 WR=100.0% Trades=3 DD=0.0% (238.3s)
[434/600] LATENCY_ARB_MOMENTUM_THRESHOLD=0.0016 LATENCY_ARB_MAX_ASK=0.65 LATENCY_ARB_MAX_POSITION_FRACTION=0.125 LATENCY_ARB_COOLDOWN_MS=60000 ... PnL=$0 WR=0.0% Trades=0 DD=0.0% (238.3s)
[59/600] LATENCY_ARB_MOMENTUM_THRESHOLD=0.0006 LATENCY_ARB_MAX_ASK=0.65 LATENCY_ARB_MAX_POSITION_FRACTION=0.125 LATENCY_ARB_COOLDOWN_MS=60000 ... PnL=$30 WR=83.3% Trades=6 DD=11.0% (238.3s)
[79/600] LATENCY_ARB_MOMENTUM_THRESHOLD=0.0008 LATENCY_ARB_MAX_ASK=0.5 LATENCY_ARB_MAX_POSITION_FRACTION=0.05 LATENCY_ARB_COOLDOWN_MS=30000 ... PnL=$0 WR=0.0% Trades=0 DD=0.0% (238.3s)
[416/600] LATENCY_ARB_MOMENTUM_THRESHOLD=0.0016 LATENCY_ARB_MAX_ASK=0.6 LATENCY_ARB_MAX_POSITION_FRACTION=0.1 LATENCY_ARB_COOLDOWN_MS=60000 ... PnL=$0 WR=0.0% Trades=0 DD=0.0% (238.3s)
[417/600] LATENCY_ARB_MOMENTUM_THRESHOLD=0.0016 LATENCY_ARB_MAX_ASK=0.6 LATENCY_ARB_MAX_POSITION_FRACTION=0.1 LATENCY_ARB_COOLDOWN_MS=120000 ... PnL=$0 WR=0.0% Trades=0 DD=0.0% (240.4s)
[492/600] LATENCY_ARB_MOMENTUM_THRESHOLD=0.0018 LATENCY_ARB_MAX_ASK=0.6 LATENCY_ARB_MAX_POSITION_FRACTION=0.1 LATENCY_ARB_COOLDOWN_MS=120000 ... PnL=$0 WR=0.0% Trades=0 DD=0.0% (240.5s)
[267/600] LATENCY_ARB_MOMENTUM_THRESHOLD=0.0012 LATENCY_ARB_MAX_ASK=0.6 LATENCY_ARB_MAX_POSITION_FRACTION=0.1 LATENCY_ARB_COOLDOWN_MS=120000 ... PnL=$0 WR=0.0% Trades=0 DD=0.0% (240.5s)
[80/600] LATENCY_ARB_MOMENTUM_THRESHOLD=0.0008 LATENCY_ARB_MAX_ASK=0.5 LATENCY_ARB_MAX_POSITION_FRACTION=0.05 LATENCY_ARB_COOLDOWN_MS=60000 ... PnL=$0 WR=0.0% Trades=0 DD=0.0% (240.4s)
[117/600] LATENCY_ARB_MOMENTUM_THRESHOLD=0.0008 LATENCY_ARB_MAX_ASK=0.6 LATENCY_ARB_MAX_POSITION_FRACTION=0.1 LATENCY_ARB_COOLDOWN_MS=120000 ... PnL=$22 WR=100.0% Trades=3 DD=0.0% (240.5s)
[435/600] LATENCY_ARB_MOMENTUM_THRESHOLD=0.0016 LATENCY_ARB_MAX_ASK=0.65 LATENCY_ARB_MAX_POSITION_FRACTION=0.125 LATENCY_ARB_COOLDOWN_MS=120000 ... PnL=$0 WR=0.0% Trades=0 DD=0.0% (240.5s)
[42/600] LATENCY_ARB_MOMENTUM_THRESHOLD=0.0006 LATENCY_ARB_MAX_ASK=0.6 LATENCY_ARB_MAX_POSITION_FRACTION=0.1 LATENCY_ARB_COOLDOWN_MS=120000 ... PnL=$28 WR=83.3% Trades=6 DD=9.3% (240.5s)
[60/600] LATENCY_ARB_MOMENTUM_THRESHOLD=0.0006 LATENCY_ARB_MAX_ASK=0.65 LATENCY_ARB_MAX_POSITION_FRACTION=0.125 LATENCY_ARB_COOLDOWN_MS=120000 ... PnL=$30 WR=83.3% Trades=6 DD=11.0% (240.5s)
[81/600] LATENCY_ARB_MOMENTUM_THRESHOLD=0.0008 LATENCY_ARB_MAX_ASK=0.5 LATENCY_ARB_MAX_POSITION_FRACTION=0.05 LATENCY_ARB_COOLDOWN_MS=120000 ... PnL=$0 WR=0.0% Trades=0 DD=0.0% (246.1s)
[61/600] LATENCY_ARB_MOMENTUM_THRESHOLD=0.0006 LATENCY_ARB_MAX_ASK=0.7 LATENCY_ARB_MAX_POSITION_FRACTION=0.03 LATENCY_ARB_COOLDOWN_MS=30000 ... PnL=$0 WR=0.0% Trades=0 DD=0.0% (246.1s)
[118/600] LATENCY_ARB_MOMENTUM_THRESHOLD=0.0008 LATENCY_ARB_MAX_ASK=0.6 LATENCY_ARB_MAX_POSITION_FRACTION=0.125 LATENCY_ARB_COOLDOWN_MS=30000 ... PnL=$26 WR=100.0% Trades=3 DD=0.0% (246.1s)
[436/600] LATENCY_ARB_MOMENTUM_THRESHOLD=0.0016 LATENCY_ARB_MAX_ASK=0.7 LATENCY_ARB_MAX_POSITION_FRACTION=0.03 LATENCY_ARB_COOLDOWN_MS=30000 ... PnL=$0 WR=0.0% Trades=0 DD=0.0% (246.1s)
[418/600] LATENCY_ARB_MOMENTUM_THRESHOLD=0.0016 LATENCY_ARB_MAX_ASK=0.6 LATENCY_ARB_MAX_POSITION_FRACTION=0.125 LATENCY_ARB_COOLDOWN_MS=30000 ... PnL=$0 WR=0.0% Trades=0 DD=0.0% (246.1s)
[268/600] LATENCY_ARB_MOMENTUM_THRESHOLD=0.0012 LATENCY_ARB_MAX_ASK=0.6 LATENCY_ARB_MAX_POSITION_FRACTION=0.125 LATENCY_ARB_COOLDOWN_MS=30000 ... PnL=$0 WR=0.0% Trades=0 DD=0.0% (246.1s)
[43/600] LATENCY_ARB_MOMENTUM_THRESHOLD=0.0006 LATENCY_ARB_MAX_ASK=0.6 LATENCY_ARB_MAX_POSITION_FRACTION=0.125 LATENCY_ARB_COOLDOWN_MS=30000 ... PnL=$34 WR=83.3% Trades=6 DD=11.6% (246.1s)
[493/600] LATENCY_ARB_MOMENTUM_THRESHOLD=0.0018 LATENCY_ARB_MAX_ASK=0.6 LATENCY_ARB_MAX_POSITION_FRACTION=0.125 LATENCY_ARB_COOLDOWN_MS=30000 ... PnL=$0 WR=0.0% Trades=0 DD=0.0% (246.2s)
[119/600] LATENCY_ARB_MOMENTUM_THRESHOLD=0.0008 LATENCY_ARB_MAX_ASK=0.6 LATENCY_ARB_MAX_POSITION_FRACTION=0.125 LATENCY_ARB_COOLDOWN_MS=60000 ... PnL=$26 WR=100.0% Trades=3 DD=0.0% (247.9s)
[494/600] LATENCY_ARB_MOMENTUM_THRESHOLD=0.0018 LATENCY_ARB_MAX_ASK=0.6 LATENCY_ARB_MAX_POSITION_FRACTION=0.125 LATENCY_ARB_COOLDOWN_MS=60000 ... PnL=$0 WR=0.0% Trades=0 DD=0.0% (248.0s)
[419/600] LATENCY_ARB_MOMENTUM_THRESHOLD=0.0016 LATENCY_ARB_MAX_ASK=0.6 LATENCY_ARB_MAX_POSITION_FRACTION=0.125 LATENCY_ARB_COOLDOWN_MS=60000 ... PnL=$0 WR=0.0% Trades=0 DD=0.0% (248.1s)
[44/600] LATENCY_ARB_MOMENTUM_THRESHOLD=0.0006 LATENCY_ARB_MAX_ASK=0.6 LATENCY_ARB_MAX_POSITION_FRACTION=0.125 LATENCY_ARB_COOLDOWN_MS=60000 ... PnL=$34 WR=83.3% Trades=6 DD=11.6% (248.1s)
[82/600] LATENCY_ARB_MOMENTUM_THRESHOLD=0.0008 LATENCY_ARB_MAX_ASK=0.5 LATENCY_ARB_MAX_POSITION_FRACTION=0.075 LATENCY_ARB_COOLDOWN_MS=30000 ... PnL=$0 WR=0.0% Trades=0 DD=0.0% (248.1s)
[62/600] LATENCY_ARB_MOMENTUM_THRESHOLD=0.0006 LATENCY_ARB_MAX_ASK=0.7 LATENCY_ARB_MAX_POSITION_FRACTION=0.03 LATENCY_ARB_COOLDOWN_MS=60000 ... PnL=$0 WR=0.0% Trades=0 DD=0.0% (248.2s)
[437/600] LATENCY_ARB_MOMENTUM_THRESHOLD=0.0016 LATENCY_ARB_MAX_ASK=0.7 LATENCY_ARB_MAX_POSITION_FRACTION=0.03 LATENCY_ARB_COOLDOWN_MS=60000 ... PnL=$0 WR=0.0% Trades=0 DD=0.0% (248.3s)
[269/600] LATENCY_ARB_MOMENTUM_THRESHOLD=0.0012 LATENCY_ARB_MAX_ASK=0.6 LATENCY_ARB_MAX_POSITION_FRACTION=0.125 LATENCY_ARB_COOLDOWN_MS=60000 ... PnL=$0 WR=0.0% Trades=0 DD=0.0% (248.4s)
[45/600] LATENCY_ARB_MOMENTUM_THRESHOLD=0.0006 LATENCY_ARB_MAX_ASK=0.6 LATENCY_ARB_MAX_POSITION_FRACTION=0.125 LATENCY_ARB_COOLDOWN_MS=120000 ... PnL=$34 WR=83.3% Trades=6 DD=11.6% (240.1s)
[120/600] LATENCY_ARB_MOMENTUM_THRESHOLD=0.0008 LATENCY_ARB_MAX_ASK=0.6 LATENCY_ARB_MAX_POSITION_FRACTION=0.125 LATENCY_ARB_COOLDOWN_MS=120000 ... PnL=$26 WR=100.0% Trades=3 DD=0.0% (240.3s)
[420/600] LATENCY_ARB_MOMENTUM_THRESHOLD=0.0016 LATENCY_ARB_MAX_ASK=0.6 LATENCY_ARB_MAX_POSITION_FRACTION=0.125 LATENCY_ARB_COOLDOWN_MS=120000 ... PnL=$0 WR=0.0% Trades=0 DD=0.0% (240.2s)
[83/600] LATENCY_ARB_MOMENTUM_THRESHOLD=0.0008 LATENCY_ARB_MAX_ASK=0.5 LATENCY_ARB_MAX_POSITION_FRACTION=0.075 LATENCY_ARB_COOLDOWN_MS=60000 ... PnL=$0 WR=0.0% Trades=0 DD=0.0% (240.2s)
[63/600] LATENCY_ARB_MOMENTUM_THRESHOLD=0.0006 LATENCY_ARB_MAX_ASK=0.7 LATENCY_ARB_MAX_POSITION_FRACTION=0.03 LATENCY_ARB_COOLDOWN_MS=120000 ... PnL=$0 WR=0.0% Trades=0 DD=0.0% (240.1s)
[438/600] LATENCY_ARB_MOMENTUM_THRESHOLD=0.0016 LATENCY_ARB_MAX_ASK=0.7 LATENCY_ARB_MAX_POSITION_FRACTION=0.03 LATENCY_ARB_COOLDOWN_MS=120000 ... PnL=$0 WR=0.0% Trades=0 DD=0.0% (240.0s)
[495/600] LATENCY_ARB_MOMENTUM_THRESHOLD=0.0018 LATENCY_ARB_MAX_ASK=0.6 LATENCY_ARB_MAX_POSITION_FRACTION=0.125 LATENCY_ARB_COOLDOWN_MS=120000 ... PnL=$0 WR=0.0% Trades=0 DD=0.0% (240.3s)
[270/600] LATENCY_ARB_MOMENTUM_THRESHOLD=0.0012 LATENCY_ARB_MAX_ASK=0.6 LATENCY_ARB_MAX_POSITION_FRACTION=0.125 LATENCY_ARB_COOLDOWN_MS=120000 ... PnL=$0 WR=0.0% Trades=0 DD=0.0% (240.2s)
[121/600] LATENCY_ARB_MOMENTUM_THRESHOLD=0.0008 LATENCY_ARB_MAX_ASK=0.65 LATENCY_ARB_MAX_POSITION_FRACTION=0.03 LATENCY_ARB_COOLDOWN_MS=30000 ... PnL=$0 WR=0.0% Trades=0 DD=0.0% (242.2s)
[271/600] LATENCY_ARB_MOMENTUM_THRESHOLD=0.0012 LATENCY_ARB_MAX_ASK=0.65 LATENCY_ARB_MAX_POSITION_FRACTION=0.03 LATENCY_ARB_COOLDOWN_MS=30000 ... PnL=$0 WR=0.0% Trades=0 DD=0.0% (241.9s)
[496/600] LATENCY_ARB_MOMENTUM_THRESHOLD=0.0018 LATENCY_ARB_MAX_ASK=0.65 LATENCY_ARB_MAX_POSITION_FRACTION=0.03 LATENCY_ARB_COOLDOWN_MS=30000 ... PnL=$0 WR=0.0% Trades=0 DD=0.0% (242.1s)
[46/600] LATENCY_ARB_MOMENTUM_THRESHOLD=0.0006 LATENCY_ARB_MAX_ASK=0.65 LATENCY_ARB_MAX_POSITION_FRACTION=0.03 LATENCY_ARB_COOLDOWN_MS=30000 ... PnL=$0 WR=0.0% Trades=0 DD=0.0% (242.3s)
[84/600] LATENCY_ARB_MOMENTUM_THRESHOLD=0.0008 LATENCY_ARB_MAX_ASK=0.5 LATENCY_ARB_MAX_POSITION_FRACTION=0.075 LATENCY_ARB_COOLDOWN_MS=120000 ... PnL=$0 WR=0.0% Trades=0 DD=0.0% (242.2s)
[439/600] LATENCY_ARB_MOMENTUM_THRESHOLD=0.0016 LATENCY_ARB_MAX_ASK=0.7 LATENCY_ARB_MAX_POSITION_FRACTION=0.05 LATENCY_ARB_COOLDOWN_MS=30000 ... PnL=$0 WR=0.0% Trades=0 DD=0.0% (242.3s)
[421/600] LATENCY_ARB_MOMENTUM_THRESHOLD=0.0016 LATENCY_ARB_MAX_ASK=0.65 LATENCY_ARB_MAX_POSITION_FRACTION=0.03 LATENCY_ARB_COOLDOWN_MS=30000 ... PnL=$0 WR=0.0% Trades=0 DD=0.0% (242.4s)
[64/600] LATENCY_ARB_MOMENTUM_THRESHOLD=0.0006 LATENCY_ARB_MAX_ASK=0.7 LATENCY_ARB_MAX_POSITION_FRACTION=0.05 LATENCY_ARB_COOLDOWN_MS=30000 ... PnL=$0 WR=0.0% Trades=0 DD=0.0% (242.4s)
[272/600] LATENCY_ARB_MOMENTUM_THRESHOLD=0.0012 LATENCY_ARB_MAX_ASK=0.65 LATENCY_ARB_MAX_POSITION_FRACTION=0.03 LATENCY_ARB_COOLDOWN_MS=60000 ... PnL=$0 WR=0.0% Trades=0 DD=0.0% (245.4s)
[65/600] LATENCY_ARB_MOMENTUM_THRESHOLD=0.0006 LATENCY_ARB_MAX_ASK=0.7 LATENCY_ARB_MAX_POSITION_FRACTION=0.05 LATENCY_ARB_COOLDOWN_MS=60000 ... PnL=$0 WR=0.0% Trades=0 DD=0.0% (245.3s)
[422/600] LATENCY_ARB_MOMENTUM_THRESHOLD=0.0016 LATENCY_ARB_MAX_ASK=0.65 LATENCY_ARB_MAX_POSITION_FRACTION=0.03 LATENCY_ARB_COOLDOWN_MS=60000 ... PnL=$0 WR=0.0% Trades=0 DD=0.0% (245.3s)
[497/600] LATENCY_ARB_MOMENTUM_THRESHOLD=0.0018 LATENCY_ARB_MAX_ASK=0.65 LATENCY_ARB_MAX_POSITION_FRACTION=0.03 LATENCY_ARB_COOLDOWN_MS=60000 ... PnL=$0 WR=0.0% Trades=0 DD=0.0% (245.5s)
[122/600] LATENCY_ARB_MOMENTUM_THRESHOLD=0.0008 LATENCY_ARB_MAX_ASK=0.65 LATENCY_ARB_MAX_POSITION_FRACTION=0.03 LATENCY_ARB_COOLDOWN_MS=60000 ... PnL=$0 WR=0.0% Trades=0 DD=0.0% (245.5s)
[440/600] LATENCY_ARB_MOMENTUM_THRESHOLD=0.0016 LATENCY_ARB_MAX_ASK=0.7 LATENCY_ARB_MAX_POSITION_FRACTION=0.05 LATENCY_ARB_COOLDOWN_MS=60000 ... PnL=$0 WR=0.0% Trades=0 DD=0.0% (245.5s)
[47/600] LATENCY_ARB_MOMENTUM_THRESHOLD=0.0006 LATENCY_ARB_MAX_ASK=0.65 LATENCY_ARB_MAX_POSITION_FRACTION=0.03 LATENCY_ARB_COOLDOWN_MS=60000 ... PnL=$0 WR=0.0% Trades=0 DD=0.0% (247.0s)
[85/600] LATENCY_ARB_MOMENTUM_THRESHOLD=0.0008 LATENCY_ARB_MAX_ASK=0.5 LATENCY_ARB_MAX_POSITION_FRACTION=0.1 LATENCY_ARB_COOLDOWN_MS=30000 ... PnL=$0 WR=0.0% Trades=0 DD=0.0% (247.0s)
[66/600] LATENCY_ARB_MOMENTUM_THRESHOLD=0.0006 LATENCY_ARB_MAX_ASK=0.7 LATENCY_ARB_MAX_POSITION_FRACTION=0.05 LATENCY_ARB_COOLDOWN_MS=120000 ... PnL=$0 WR=0.0% Trades=0 DD=0.0% (242.5s)
[123/600] LATENCY_ARB_MOMENTUM_THRESHOLD=0.0008 LATENCY_ARB_MAX_ASK=0.65 LATENCY_ARB_MAX_POSITION_FRACTION=0.03 LATENCY_ARB_COOLDOWN_MS=120000 ... PnL=$0 WR=0.0% Trades=0 DD=0.0% (242.4s)
[273/600] LATENCY_ARB_MOMENTUM_THRESHOLD=0.0012 LATENCY_ARB_MAX_ASK=0.65 LATENCY_ARB_MAX_POSITION_FRACTION=0.03 LATENCY_ARB_COOLDOWN_MS=120000 ... PnL=$0 WR=0.0% Trades=0 DD=0.0% (242.6s)
[441/600] LATENCY_ARB_MOMENTUM_THRESHOLD=0.0016 LATENCY_ARB_MAX_ASK=0.7 LATENCY_ARB_MAX_POSITION_FRACTION=0.05 LATENCY_ARB_COOLDOWN_MS=120000 ... PnL=$0 WR=0.0% Trades=0 DD=0.0% (242.4s)
[498/600] LATENCY_ARB_MOMENTUM_THRESHOLD=0.0018 LATENCY_ARB_MAX_ASK=0.65 LATENCY_ARB_MAX_POSITION_FRACTION=0.03 LATENCY_ARB_COOLDOWN_MS=120000 ... PnL=$0 WR=0.0% Trades=0 DD=0.0% (242.6s)
[48/600] LATENCY_ARB_MOMENTUM_THRESHOLD=0.0006 LATENCY_ARB_MAX_ASK=0.65 LATENCY_ARB_MAX_POSITION_FRACTION=0.03 LATENCY_ARB_COOLDOWN_MS=120000 ... PnL=$0 WR=0.0% Trades=0 DD=0.0% (241.2s)
[423/600] LATENCY_ARB_MOMENTUM_THRESHOLD=0.0016 LATENCY_ARB_MAX_ASK=0.65 LATENCY_ARB_MAX_POSITION_FRACTION=0.03 LATENCY_ARB_COOLDOWN_MS=120000 ... PnL=$0 WR=0.0% Trades=0 DD=0.0% (243.0s)
[86/600] LATENCY_ARB_MOMENTUM_THRESHOLD=0.0008 LATENCY_ARB_MAX_ASK=0.5 LATENCY_ARB_MAX_POSITION_FRACTION=0.1 LATENCY_ARB_COOLDOWN_MS=60000 ... PnL=$0 WR=0.0% Trades=0 DD=0.0% (241.8s)
[442/600] LATENCY_ARB_MOMENTUM_THRESHOLD=0.0016 LATENCY_ARB_MAX_ASK=0.7 LATENCY_ARB_MAX_POSITION_FRACTION=0.075 LATENCY_ARB_COOLDOWN_MS=30000 ... PnL=$0 WR=0.0% Trades=0 DD=0.0% (244.8s)
[274/600] LATENCY_ARB_MOMENTUM_THRESHOLD=0.0012 LATENCY_ARB_MAX_ASK=0.65 LATENCY_ARB_MAX_POSITION_FRACTION=0.05 LATENCY_ARB_COOLDOWN_MS=30000 ... PnL=$0 WR=0.0% Trades=0 DD=0.0% (244.9s)
[49/600] LATENCY_ARB_MOMENTUM_THRESHOLD=0.0006 LATENCY_ARB_MAX_ASK=0.65 LATENCY_ARB_MAX_POSITION_FRACTION=0.05 LATENCY_ARB_COOLDOWN_MS=30000 ... PnL=$0 WR=0.0% Trades=0 DD=0.0% (244.6s)
[67/600] LATENCY_ARB_MOMENTUM_THRESHOLD=0.0006 LATENCY_ARB_MAX_ASK=0.7 LATENCY_ARB_MAX_POSITION_FRACTION=0.075 LATENCY_ARB_COOLDOWN_MS=30000 ... PnL=$-12 WR=42.9% Trades=7 DD=12.2% (245.0s)
[124/600] LATENCY_ARB_MOMENTUM_THRESHOLD=0.0008 LATENCY_ARB_MAX_ASK=0.65 LATENCY_ARB_MAX_POSITION_FRACTION=0.05 LATENCY_ARB_COOLDOWN_MS=30000 ... PnL=$0 WR=0.0% Trades=0 DD=0.0% (245.0s)
[499/600] LATENCY_ARB_MOMENTUM_THRESHOLD=0.0018 LATENCY_ARB_MAX_ASK=0.65 LATENCY_ARB_MAX_POSITION_FRACTION=0.05 LATENCY_ARB_COOLDOWN_MS=30000 ... PnL=$0 WR=0.0% Trades=0 DD=0.0% (245.1s)
[424/600] LATENCY_ARB_MOMENTUM_THRESHOLD=0.0016 LATENCY_ARB_MAX_ASK=0.65 LATENCY_ARB_MAX_POSITION_FRACTION=0.05 LATENCY_ARB_COOLDOWN_MS=30000 ... PnL=$0 WR=0.0% Trades=0 DD=0.0% (245.0s)
[87/600] LATENCY_ARB_MOMENTUM_THRESHOLD=0.0008 LATENCY_ARB_MAX_ASK=0.5 LATENCY_ARB_MAX_POSITION_FRACTION=0.1 LATENCY_ARB_COOLDOWN_MS=120000 ... PnL=$0 WR=0.0% Trades=0 DD=0.0% (244.8s)
[275/600] LATENCY_ARB_MOMENTUM_THRESHOLD=0.0012 LATENCY_ARB_MAX_ASK=0.65 LATENCY_ARB_MAX_POSITION_FRACTION=0.05 LATENCY_ARB_COOLDOWN_MS=60000 ... PnL=$0 WR=0.0% Trades=0 DD=0.0% (230.2s)
[443/600] LATENCY_ARB_MOMENTUM_THRESHOLD=0.0016 LATENCY_ARB_MAX_ASK=0.7 LATENCY_ARB_MAX_POSITION_FRACTION=0.075 LATENCY_ARB_COOLDOWN_MS=60000 ... PnL=$0 WR=0.0% Trades=0 DD=0.0% (230.3s)
[500/600] LATENCY_ARB_MOMENTUM_THRESHOLD=0.0018 LATENCY_ARB_MAX_ASK=0.65 LATENCY_ARB_MAX_POSITION_FRACTION=0.05 LATENCY_ARB_COOLDOWN_MS=60000 ... PnL=$0 WR=0.0% Trades=0 DD=0.0% (229.9s)
[425/600] LATENCY_ARB_MOMENTUM_THRESHOLD=0.0016 LATENCY_ARB_MAX_ASK=0.65 LATENCY_ARB_MAX_POSITION_FRACTION=0.05 LATENCY_ARB_COOLDOWN_MS=60000 ... PnL=$0 WR=0.0% Trades=0 DD=0.0% (229.7s)
[125/600] LATENCY_ARB_MOMENTUM_THRESHOLD=0.0008 LATENCY_ARB_MAX_ASK=0.65 LATENCY_ARB_MAX_POSITION_FRACTION=0.05 LATENCY_ARB_COOLDOWN_MS=60000 ... PnL=$0 WR=0.0% Trades=0 DD=0.0% (230.2s)
[68/600] LATENCY_ARB_MOMENTUM_THRESHOLD=0.0006 LATENCY_ARB_MAX_ASK=0.7 LATENCY_ARB_MAX_POSITION_FRACTION=0.075 LATENCY_ARB_COOLDOWN_MS=60000 ... PnL=$-12 WR=42.9% Trades=7 DD=12.2% (230.3s)
[50/600] LATENCY_ARB_MOMENTUM_THRESHOLD=0.0006 LATENCY_ARB_MAX_ASK=0.65 LATENCY_ARB_MAX_POSITION_FRACTION=0.05 LATENCY_ARB_COOLDOWN_MS=60000 ... PnL=$0 WR=0.0% Trades=0 DD=0.0% (230.4s)
[88/600] LATENCY_ARB_MOMENTUM_THRESHOLD=0.0008 LATENCY_ARB_MAX_ASK=0.5 LATENCY_ARB_MAX_POSITION_FRACTION=0.125 LATENCY_ARB_COOLDOWN_MS=30000 ... PnL=$0 WR=0.0% Trades=0 DD=0.0% (230.7s)
[276/600] LATENCY_ARB_MOMENTUM_THRESHOLD=0.0012 LATENCY_ARB_MAX_ASK=0.65 LATENCY_ARB_MAX_POSITION_FRACTION=0.05 LATENCY_ARB_COOLDOWN_MS=120000 ... PnL=$0 WR=0.0% Trades=0 DD=0.0% (234.0s)
[444/600] LATENCY_ARB_MOMENTUM_THRESHOLD=0.0016 LATENCY_ARB_MAX_ASK=0.7 LATENCY_ARB_MAX_POSITION_FRACTION=0.075 LATENCY_ARB_COOLDOWN_MS=120000 ... PnL=$0 WR=0.0% Trades=0 DD=0.0% (234.0s)
[126/600] LATENCY_ARB_MOMENTUM_THRESHOLD=0.0008 LATENCY_ARB_MAX_ASK=0.65 LATENCY_ARB_MAX_POSITION_FRACTION=0.05 LATENCY_ARB_COOLDOWN_MS=120000 ... PnL=$0 WR=0.0% Trades=0 DD=0.0% (234.0s)
[426/600] LATENCY_ARB_MOMENTUM_THRESHOLD=0.0016 LATENCY_ARB_MAX_ASK=0.65 LATENCY_ARB_MAX_POSITION_FRACTION=0.05 LATENCY_ARB_COOLDOWN_MS=120000 ... PnL=$0 WR=0.0% Trades=0 DD=0.0% (234.0s)
[501/600] LATENCY_ARB_MOMENTUM_THRESHOLD=0.0018 LATENCY_ARB_MAX_ASK=0.65 LATENCY_ARB_MAX_POSITION_FRACTION=0.05 LATENCY_ARB_COOLDOWN_MS=120000 ... PnL=$0 WR=0.0% Trades=0 DD=0.0% (234.1s)
[51/600] LATENCY_ARB_MOMENTUM_THRESHOLD=0.0006 LATENCY_ARB_MAX_ASK=0.65 LATENCY_ARB_MAX_POSITION_FRACTION=0.05 LATENCY_ARB_COOLDOWN_MS=120000 ... PnL=$0 WR=0.0% Trades=0 DD=0.0% (233.9s)
[69/600] LATENCY_ARB_MOMENTUM_THRESHOLD=0.0006 LATENCY_ARB_MAX_ASK=0.7 LATENCY_ARB_MAX_POSITION_FRACTION=0.075 LATENCY_ARB_COOLDOWN_MS=120000 ... PnL=$-12 WR=42.9% Trades=7 DD=12.2% (234.1s)
[89/600] LATENCY_ARB_MOMENTUM_THRESHOLD=0.0008 LATENCY_ARB_MAX_ASK=0.5 LATENCY_ARB_MAX_POSITION_FRACTION=0.125 LATENCY_ARB_COOLDOWN_MS=60000 ... PnL=$0 WR=0.0% Trades=0 DD=0.0% (233.1s)
[445/600] LATENCY_ARB_MOMENTUM_THRESHOLD=0.0016 LATENCY_ARB_MAX_ASK=0.7 LATENCY_ARB_MAX_POSITION_FRACTION=0.1 LATENCY_ARB_COOLDOWN_MS=30000 ... PnL=$0 WR=0.0% Trades=0 DD=0.0% (225.0s)
[127/600] LATENCY_ARB_MOMENTUM_THRESHOLD=0.0008 LATENCY_ARB_MAX_ASK=0.65 LATENCY_ARB_MAX_POSITION_FRACTION=0.075 LATENCY_ARB_COOLDOWN_MS=30000 ... PnL=$11 WR=100.0% Trades=2 DD=0.0% (225.1s)
[427/600] LATENCY_ARB_MOMENTUM_THRESHOLD=0.0016 LATENCY_ARB_MAX_ASK=0.65 LATENCY_ARB_MAX_POSITION_FRACTION=0.075 LATENCY_ARB_COOLDOWN_MS=30000 ... PnL=$0 WR=0.0% Trades=0 DD=0.0% (225.1s)
[502/600] LATENCY_ARB_MOMENTUM_THRESHOLD=0.0018 LATENCY_ARB_MAX_ASK=0.65 LATENCY_ARB_MAX_POSITION_FRACTION=0.075 LATENCY_ARB_COOLDOWN_MS=30000 ... PnL=$0 WR=0.0% Trades=0 DD=0.0% (225.1s)
[52/600] LATENCY_ARB_MOMENTUM_THRESHOLD=0.0006 LATENCY_ARB_MAX_ASK=0.65 LATENCY_ARB_MAX_POSITION_FRACTION=0.075 LATENCY_ARB_COOLDOWN_MS=30000 ... PnL=$13 WR=80.0% Trades=5 DD=6.4% (225.2s)
[277/600] LATENCY_ARB_MOMENTUM_THRESHOLD=0.0012 LATENCY_ARB_MAX_ASK=0.65 LATENCY_ARB_MAX_POSITION_FRACTION=0.075 LATENCY_ARB_COOLDOWN_MS=30000 ... PnL=$0 WR=0.0% Trades=0 DD=0.0% (225.5s)
[70/600] LATENCY_ARB_MOMENTUM_THRESHOLD=0.0006 LATENCY_ARB_MAX_ASK=0.7 LATENCY_ARB_MAX_POSITION_FRACTION=0.1 LATENCY_ARB_COOLDOWN_MS=30000 ... PnL=$-2 WR=55.6% Trades=9 DD=11.3% (225.5s)
[90/600] LATENCY_ARB_MOMENTUM_THRESHOLD=0.0008 LATENCY_ARB_MAX_ASK=0.5 LATENCY_ARB_MAX_POSITION_FRACTION=0.125 LATENCY_ARB_COOLDOWN_MS=120000 ... PnL=$0 WR=0.0% Trades=0 DD=0.0% (226.5s)
[53/600] LATENCY_ARB_MOMENTUM_THRESHOLD=0.0006 LATENCY_ARB_MAX_ASK=0.65 LATENCY_ARB_MAX_POSITION_FRACTION=0.075 LATENCY_ARB_COOLDOWN_MS=60000 ... PnL=$13 WR=80.0% Trades=5 DD=6.4% (227.6s)
[428/600] LATENCY_ARB_MOMENTUM_THRESHOLD=0.0016 LATENCY_ARB_MAX_ASK=0.65 LATENCY_ARB_MAX_POSITION_FRACTION=0.075 LATENCY_ARB_COOLDOWN_MS=60000 ... PnL=$0 WR=0.0% Trades=0 DD=0.0% (227.8s)
[128/600] LATENCY_ARB_MOMENTUM_THRESHOLD=0.0008 LATENCY_ARB_MAX_ASK=0.65 LATENCY_ARB_MAX_POSITION_FRACTION=0.075 LATENCY_ARB_COOLDOWN_MS=60000 ... PnL=$11 WR=100.0% Trades=2 DD=0.0% (227.8s)
[503/600] LATENCY_ARB_MOMENTUM_THRESHOLD=0.0018 LATENCY_ARB_MAX_ASK=0.65 LATENCY_ARB_MAX_POSITION_FRACTION=0.075 LATENCY_ARB_COOLDOWN_MS=60000 ... PnL=$0 WR=0.0% Trades=0 DD=0.0% (227.9s)
[71/600] LATENCY_ARB_MOMENTUM_THRESHOLD=0.0006 LATENCY_ARB_MAX_ASK=0.7 LATENCY_ARB_MAX_POSITION_FRACTION=0.1 LATENCY_ARB_COOLDOWN_MS=60000 ... PnL=$-2 WR=55.6% Trades=9 DD=11.3% (227.6s)
[278/600] LATENCY_ARB_MOMENTUM_THRESHOLD=0.0012 LATENCY_ARB_MAX_ASK=0.65 LATENCY_ARB_MAX_POSITION_FRACTION=0.075 LATENCY_ARB_COOLDOWN_MS=60000 ... PnL=$0 WR=0.0% Trades=0 DD=0.0% (227.9s)
[446/600] LATENCY_ARB_MOMENTUM_THRESHOLD=0.0016 LATENCY_ARB_MAX_ASK=0.7 LATENCY_ARB_MAX_POSITION_FRACTION=0.1 LATENCY_ARB_COOLDOWN_MS=60000 ... PnL=$0 WR=0.0% Trades=0 DD=0.0% (229.1s)
[91/600] LATENCY_ARB_MOMENTUM_THRESHOLD=0.0008 LATENCY_ARB_MAX_ASK=0.55 LATENCY_ARB_MAX_POSITION_FRACTION=0.03 LATENCY_ARB_COOLDOWN_MS=30000 ... PnL=$0 WR=0.0% Trades=0 DD=0.0% (227.8s)
[279/600] LATENCY_ARB_MOMENTUM_THRESHOLD=0.0012 LATENCY_ARB_MAX_ASK=0.65 LATENCY_ARB_MAX_POSITION_FRACTION=0.075 LATENCY_ARB_COOLDOWN_MS=120000 ... PnL=$0 WR=0.0% Trades=0 DD=0.0% (226.9s)
[54/600] LATENCY_ARB_MOMENTUM_THRESHOLD=0.0006 LATENCY_ARB_MAX_ASK=0.65 LATENCY_ARB_MAX_POSITION_FRACTION=0.075 LATENCY_ARB_COOLDOWN_MS=120000 ... PnL=$13 WR=80.0% Trades=5 DD=6.4% (227.4s)
[129/600] LATENCY_ARB_MOMENTUM_THRESHOLD=0.0008 LATENCY_ARB_MAX_ASK=0.65 LATENCY_ARB_MAX_POSITION_FRACTION=0.075 LATENCY_ARB_COOLDOWN_MS=120000 ... PnL=$11 WR=100.0% Trades=2 DD=0.0% (227.4s)
[72/600] LATENCY_ARB_MOMENTUM_THRESHOLD=0.0006 LATENCY_ARB_MAX_ASK=0.7 LATENCY_ARB_MAX_POSITION_FRACTION=0.1 LATENCY_ARB_COOLDOWN_MS=120000 ... PnL=$-2 WR=55.6% Trades=9 DD=11.3% (227.1s)
[429/600] LATENCY_ARB_MOMENTUM_THRESHOLD=0.0016 LATENCY_ARB_MAX_ASK=0.65 LATENCY_ARB_MAX_POSITION_FRACTION=0.075 LATENCY_ARB_COOLDOWN_MS=120000 ... PnL=$0 WR=0.0% Trades=0 DD=0.0% (227.5s)
[504/600] LATENCY_ARB_MOMENTUM_THRESHOLD=0.0018 LATENCY_ARB_MAX_ASK=0.65 LATENCY_ARB_MAX_POSITION_FRACTION=0.075 LATENCY_ARB_COOLDOWN_MS=120000 ... PnL=$0 WR=0.0% Trades=0 DD=0.0% (227.3s)
[447/600] LATENCY_ARB_MOMENTUM_THRESHOLD=0.0016 LATENCY_ARB_MAX_ASK=0.7 LATENCY_ARB_MAX_POSITION_FRACTION=0.1 LATENCY_ARB_COOLDOWN_MS=120000 ... PnL=$0 WR=0.0% Trades=0 DD=0.0% (226.4s)
[92/600] LATENCY_ARB_MOMENTUM_THRESHOLD=0.0008 LATENCY_ARB_MAX_ASK=0.55 LATENCY_ARB_MAX_POSITION_FRACTION=0.03 LATENCY_ARB_COOLDOWN_MS=60000 ... PnL=$0 WR=0.0% Trades=0 DD=0.0% (226.4s)
[430/600] LATENCY_ARB_MOMENTUM_THRESHOLD=0.0016 LATENCY_ARB_MAX_ASK=0.65 LATENCY_ARB_MAX_POSITION_FRACTION=0.1 LATENCY_ARB_COOLDOWN_MS=30000 ... PnL=$0 WR=0.0% Trades=0 DD=0.0% (233.1s)
[448/600] LATENCY_ARB_MOMENTUM_THRESHOLD=0.0016 LATENCY_ARB_MAX_ASK=0.7 LATENCY_ARB_MAX_POSITION_FRACTION=0.125 LATENCY_ARB_COOLDOWN_MS=30000 ... PnL=$0 WR=0.0% Trades=0 DD=0.0% (233.1s)
[130/600] LATENCY_ARB_MOMENTUM_THRESHOLD=0.0008 LATENCY_ARB_MAX_ASK=0.65 LATENCY_ARB_MAX_POSITION_FRACTION=0.1 LATENCY_ARB_COOLDOWN_MS=30000 ... PnL=$21 WR=100.0% Trades=3 DD=0.0% (233.2s)
[505/600] LATENCY_ARB_MOMENTUM_THRESHOLD=0.0018 LATENCY_ARB_MAX_ASK=0.65 LATENCY_ARB_MAX_POSITION_FRACTION=0.1 LATENCY_ARB_COOLDOWN_MS=30000 ... PnL=$0 WR=0.0% Trades=0 DD=0.0% (233.3s)
[55/600] LATENCY_ARB_MOMENTUM_THRESHOLD=0.0006 LATENCY_ARB_MAX_ASK=0.65 LATENCY_ARB_MAX_POSITION_FRACTION=0.1 LATENCY_ARB_COOLDOWN_MS=30000 ... PnL=$24 WR=83.3% Trades=6 DD=8.7% (233.4s)
[280/600] LATENCY_ARB_MOMENTUM_THRESHOLD=0.0012 LATENCY_ARB_MAX_ASK=0.65 LATENCY_ARB_MAX_POSITION_FRACTION=0.1 LATENCY_ARB_COOLDOWN_MS=30000 ... PnL=$0 WR=0.0% Trades=0 DD=0.0% (233.5s)
[93/600] LATENCY_ARB_MOMENTUM_THRESHOLD=0.0008 LATENCY_ARB_MAX_ASK=0.55 LATENCY_ARB_MAX_POSITION_FRACTION=0.03 LATENCY_ARB_COOLDOWN_MS=120000 ... PnL=$0 WR=0.0% Trades=0 DD=0.0% (232.7s)
[73/600] LATENCY_ARB_MOMENTUM_THRESHOLD=0.0006 LATENCY_ARB_MAX_ASK=0.7 LATENCY_ARB_MAX_POSITION_FRACTION=0.125 LATENCY_ARB_COOLDOWN_MS=30000 ... PnL=$-5 WR=55.6% Trades=9 DD=15.1% (233.5s)
[56/600] LATENCY_ARB_MOMENTUM_THRESHOLD=0.0006 LATENCY_ARB_MAX_ASK=0.65 LATENCY_ARB_MAX_POSITION_FRACTION=0.1 LATENCY_ARB_COOLDOWN_MS=60000 ... PnL=$24 WR=83.3% Trades=6 DD=8.7% (236.7s)
[506/600] LATENCY_ARB_MOMENTUM_THRESHOLD=0.0018 LATENCY_ARB_MAX_ASK=0.65 LATENCY_ARB_MAX_POSITION_FRACTION=0.1 LATENCY_ARB_COOLDOWN_MS=60000 ... PnL=$0 WR=0.0% Trades=0 DD=0.0% (236.8s)
[131/600] LATENCY_ARB_MOMENTUM_THRESHOLD=0.0008 LATENCY_ARB_MAX_ASK=0.65 LATENCY_ARB_MAX_POSITION_FRACTION=0.1 LATENCY_ARB_COOLDOWN_MS=60000 ... PnL=$21 WR=100.0% Trades=3 DD=0.0% (236.9s)
[449/600] LATENCY_ARB_MOMENTUM_THRESHOLD=0.0016 LATENCY_ARB_MAX_ASK=0.7 LATENCY_ARB_MAX_POSITION_FRACTION=0.125 LATENCY_ARB_COOLDOWN_MS=60000 ... PnL=$0 WR=0.0% Trades=0 DD=0.0% (237.0s)
[431/600] LATENCY_ARB_MOMENTUM_THRESHOLD=0.0016 LATENCY_ARB_MAX_ASK=0.65 LATENCY_ARB_MAX_POSITION_FRACTION=0.1 LATENCY_ARB_COOLDOWN_MS=60000 ... PnL=$0 WR=0.0% Trades=0 DD=0.0% (237.0s)
[74/600] LATENCY_ARB_MOMENTUM_THRESHOLD=0.0006 LATENCY_ARB_MAX_ASK=0.7 LATENCY_ARB_MAX_POSITION_FRACTION=0.125 LATENCY_ARB_COOLDOWN_MS=60000 ... PnL=$-5 WR=55.6% Trades=9 DD=15.1% (236.7s)
[94/600] LATENCY_ARB_MOMENTUM_THRESHOLD=0.0008 LATENCY_ARB_MAX_ASK=0.55 LATENCY_ARB_MAX_POSITION_FRACTION=0.05 LATENCY_ARB_COOLDOWN_MS=30000 ... PnL=$0 WR=0.0% Trades=0 DD=0.0% (236.7s)
[281/600] LATENCY_ARB_MOMENTUM_THRESHOLD=0.0012 LATENCY_ARB_MAX_ASK=0.65 LATENCY_ARB_MAX_POSITION_FRACTION=0.1 LATENCY_ARB_COOLDOWN_MS=60000 ... PnL=$0 WR=0.0% Trades=0 DD=0.0% (236.8s)
[132/600] LATENCY_ARB_MOMENTUM_THRESHOLD=0.0008 LATENCY_ARB_MAX_ASK=0.65 LATENCY_ARB_MAX_POSITION_FRACTION=0.1 LATENCY_ARB_COOLDOWN_MS=120000 ... PnL=$21 WR=100.0% Trades=3 DD=0.0% (240.4s)
[507/600] LATENCY_ARB_MOMENTUM_THRESHOLD=0.0018 LATENCY_ARB_MAX_ASK=0.65 LATENCY_ARB_MAX_POSITION_FRACTION=0.1 LATENCY_ARB_COOLDOWN_MS=120000 ... PnL=$0 WR=0.0% Trades=0 DD=0.0% (240.4s)
[282/600] LATENCY_ARB_MOMENTUM_THRESHOLD=0.0012 LATENCY_ARB_MAX_ASK=0.65 LATENCY_ARB_MAX_POSITION_FRACTION=0.1 LATENCY_ARB_COOLDOWN_MS=120000 ... PnL=$0 WR=0.0% Trades=0 DD=0.0% (240.5s)
[75/600] LATENCY_ARB_MOMENTUM_THRESHOLD=0.0006 LATENCY_ARB_MAX_ASK=0.7 LATENCY_ARB_MAX_POSITION_FRACTION=0.125 LATENCY_ARB_COOLDOWN_MS=120000 ... PnL=$-5 WR=55.6% Trades=9 DD=15.1% (240.5s)
[291/600] LATENCY_ARB_MOMENTUM_THRESHOLD=0.0012 LATENCY_ARB_MAX_ASK=0.7 LATENCY_ARB_MAX_POSITION_FRACTION=0.05 LATENCY_ARB_COOLDOWN_MS=120000 ... PnL=$0 WR=0.0% Trades=0 DD=0.0% (240.4s)
[95/600] LATENCY_ARB_MOMENTUM_THRESHOLD=0.0008 LATENCY_ARB_MAX_ASK=0.55 LATENCY_ARB_MAX_POSITION_FRACTION=0.05 LATENCY_ARB_COOLDOWN_MS=60000 ... PnL=$0 WR=0.0% Trades=0 DD=0.0% (240.5s)
[103/600] LATENCY_ARB_MOMENTUM_THRESHOLD=0.0008 LATENCY_ARB_MAX_ASK=0.55 LATENCY_ARB_MAX_POSITION_FRACTION=0.125 LATENCY_ARB_COOLDOWN_MS=30000 ... PnL=$23 WR=100.0% Trades=2 DD=0.0% (240.6s)
[450/600] LATENCY_ARB_MOMENTUM_THRESHOLD=0.0016 LATENCY_ARB_MAX_ASK=0.7 LATENCY_ARB_MAX_POSITION_FRACTION=0.125 LATENCY_ARB_COOLDOWN_MS=120000 ... PnL=$0 WR=0.0% Trades=0 DD=0.0% (241.1s)
[133/600] LATENCY_ARB_MOMENTUM_THRESHOLD=0.0008 LATENCY_ARB_MAX_ASK=0.65 LATENCY_ARB_MAX_POSITION_FRACTION=0.125 LATENCY_ARB_COOLDOWN_MS=30000 ... PnL=$25 WR=100.0% Trades=3 DD=0.0% (237.8s)
[104/600] LATENCY_ARB_MOMENTUM_THRESHOLD=0.0008 LATENCY_ARB_MAX_ASK=0.55 LATENCY_ARB_MAX_POSITION_FRACTION=0.125 LATENCY_ARB_COOLDOWN_MS=60000 ... PnL=$23 WR=100.0% Trades=2 DD=0.0% (237.6s)
[96/600] LATENCY_ARB_MOMENTUM_THRESHOLD=0.0008 LATENCY_ARB_MAX_ASK=0.55 LATENCY_ARB_MAX_POSITION_FRACTION=0.05 LATENCY_ARB_COOLDOWN_MS=120000 ... PnL=$0 WR=0.0% Trades=0 DD=0.0% (237.7s)
[98/600] LATENCY_ARB_MOMENTUM_THRESHOLD=0.0008 LATENCY_ARB_MAX_ASK=0.55 LATENCY_ARB_MAX_POSITION_FRACTION=0.075 LATENCY_ARB_COOLDOWN_MS=60000 ... PnL=$13 WR=100.0% Trades=2 DD=0.0% (238.1s)
[292/600] LATENCY_ARB_MOMENTUM_THRESHOLD=0.0012 LATENCY_ARB_MAX_ASK=0.7 LATENCY_ARB_MAX_POSITION_FRACTION=0.075 LATENCY_ARB_COOLDOWN_MS=30000 ... PnL=$0 WR=0.0% Trades=0 DD=0.0% (238.3s)
[283/600] LATENCY_ARB_MOMENTUM_THRESHOLD=0.0012 LATENCY_ARB_MAX_ASK=0.65 LATENCY_ARB_MAX_POSITION_FRACTION=0.125 LATENCY_ARB_COOLDOWN_MS=30000 ... PnL=$0 WR=0.0% Trades=0 DD=0.0% (238.6s)
[508/600] LATENCY_ARB_MOMENTUM_THRESHOLD=0.0018 LATENCY_ARB_MAX_ASK=0.65 LATENCY_ARB_MAX_POSITION_FRACTION=0.125 LATENCY_ARB_COOLDOWN_MS=30000 ... PnL=$0 WR=0.0% Trades=0 DD=0.0% (238.7s)
[141/600] LATENCY_ARB_MOMENTUM_THRESHOLD=0.0008 LATENCY_ARB_MAX_ASK=0.7 LATENCY_ARB_MAX_POSITION_FRACTION=0.05 LATENCY_ARB_COOLDOWN_MS=120000 ... PnL=$0 WR=0.0% Trades=0 DD=0.0% (238.1s)
[105/600] LATENCY_ARB_MOMENTUM_THRESHOLD=0.0008 LATENCY_ARB_MAX_ASK=0.55 LATENCY_ARB_MAX_POSITION_FRACTION=0.125 LATENCY_ARB_COOLDOWN_MS=120000 ... PnL=$23 WR=100.0% Trades=2 DD=0.0% (236.3s)
[99/600] LATENCY_ARB_MOMENTUM_THRESHOLD=0.0008 LATENCY_ARB_MAX_ASK=0.55 LATENCY_ARB_MAX_POSITION_FRACTION=0.075 LATENCY_ARB_COOLDOWN_MS=120000 ... PnL=$13 WR=100.0% Trades=2 DD=0.0% (235.9s)
[293/600] LATENCY_ARB_MOMENTUM_THRESHOLD=0.0012 LATENCY_ARB_MAX_ASK=0.7 LATENCY_ARB_MAX_POSITION_FRACTION=0.075 LATENCY_ARB_COOLDOWN_MS=60000 ... PnL=$0 WR=0.0% Trades=0 DD=0.0% (235.6s)
[134/600] LATENCY_ARB_MOMENTUM_THRESHOLD=0.0008 LATENCY_ARB_MAX_ASK=0.65 LATENCY_ARB_MAX_POSITION_FRACTION=0.125 LATENCY_ARB_COOLDOWN_MS=60000 ... PnL=$25 WR=100.0% Trades=3 DD=0.0% (236.3s)
[284/600] LATENCY_ARB_MOMENTUM_THRESHOLD=0.0012 LATENCY_ARB_MAX_ASK=0.65 LATENCY_ARB_MAX_POSITION_FRACTION=0.125 LATENCY_ARB_COOLDOWN_MS=60000 ... PnL=$0 WR=0.0% Trades=0 DD=0.0% (235.7s)
[142/600] LATENCY_ARB_MOMENTUM_THRESHOLD=0.0008 LATENCY_ARB_MAX_ASK=0.7 LATENCY_ARB_MAX_POSITION_FRACTION=0.075 LATENCY_ARB_COOLDOWN_MS=30000 ... PnL=$16 WR=100.0% Trades=4 DD=0.0% (235.6s)
[509/600] LATENCY_ARB_MOMENTUM_THRESHOLD=0.0018 LATENCY_ARB_MAX_ASK=0.65 LATENCY_ARB_MAX_POSITION_FRACTION=0.125 LATENCY_ARB_COOLDOWN_MS=60000 ... PnL=$0 WR=0.0% Trades=0 DD=0.0% (235.9s)
[97/600] LATENCY_ARB_MOMENTUM_THRESHOLD=0.0008 LATENCY_ARB_MAX_ASK=0.55 LATENCY_ARB_MAX_POSITION_FRACTION=0.075 LATENCY_ARB_COOLDOWN_MS=30000 ... PnL=$13 WR=100.0% Trades=2 DD=0.0% (236.8s)
[294/600] LATENCY_ARB_MOMENTUM_THRESHOLD=0.0012 LATENCY_ARB_MAX_ASK=0.7 LATENCY_ARB_MAX_POSITION_FRACTION=0.075 LATENCY_ARB_COOLDOWN_MS=120000 ... PnL=$0 WR=0.0% Trades=0 DD=0.0% (223.4s)
[108/600] LATENCY_ARB_MOMENTUM_THRESHOLD=0.0008 LATENCY_ARB_MAX_ASK=0.6 LATENCY_ARB_MAX_POSITION_FRACTION=0.03 LATENCY_ARB_COOLDOWN_MS=120000 ... PnL=$0 WR=0.0% Trades=0 DD=0.0% (223.0s)
[100/600] LATENCY_ARB_MOMENTUM_THRESHOLD=0.0008 LATENCY_ARB_MAX_ASK=0.55 LATENCY_ARB_MAX_POSITION_FRACTION=0.1 LATENCY_ARB_COOLDOWN_MS=30000 ... PnL=$18 WR=100.0% Trades=2 DD=0.0% (223.4s)
[285/600] LATENCY_ARB_MOMENTUM_THRESHOLD=0.0012 LATENCY_ARB_MAX_ASK=0.65 LATENCY_ARB_MAX_POSITION_FRACTION=0.125 LATENCY_ARB_COOLDOWN_MS=120000 ... PnL=$0 WR=0.0% Trades=0 DD=0.0% (223.3s)
[135/600] LATENCY_ARB_MOMENTUM_THRESHOLD=0.0008 LATENCY_ARB_MAX_ASK=0.65 LATENCY_ARB_MAX_POSITION_FRACTION=0.125 LATENCY_ARB_COOLDOWN_MS=120000 ... PnL=$25 WR=100.0% Trades=3 DD=0.0% (223.4s)
[106/600] LATENCY_ARB_MOMENTUM_THRESHOLD=0.0008 LATENCY_ARB_MAX_ASK=0.6 LATENCY_ARB_MAX_POSITION_FRACTION=0.03 LATENCY_ARB_COOLDOWN_MS=30000 ... PnL=$0 WR=0.0% Trades=0 DD=0.0% (223.5s)
[143/600] LATENCY_ARB_MOMENTUM_THRESHOLD=0.0008 LATENCY_ARB_MAX_ASK=0.7 LATENCY_ARB_MAX_POSITION_FRACTION=0.075 LATENCY_ARB_COOLDOWN_MS=60000 ... PnL=$16 WR=100.0% Trades=4 DD=0.0% (223.3s)
[510/600] LATENCY_ARB_MOMENTUM_THRESHOLD=0.0018 LATENCY_ARB_MAX_ASK=0.65 LATENCY_ARB_MAX_POSITION_FRACTION=0.125 LATENCY_ARB_COOLDOWN_MS=120000 ... PnL=$0 WR=0.0% Trades=0 DD=0.0% (223.2s)
[107/600] LATENCY_ARB_MOMENTUM_THRESHOLD=0.0008 LATENCY_ARB_MAX_ASK=0.6 LATENCY_ARB_MAX_POSITION_FRACTION=0.03 LATENCY_ARB_COOLDOWN_MS=60000 ... PnL=$0 WR=0.0% Trades=0 DD=0.0% (228.7s)
[286/600] LATENCY_ARB_MOMENTUM_THRESHOLD=0.0012 LATENCY_ARB_MAX_ASK=0.7 LATENCY_ARB_MAX_POSITION_FRACTION=0.03 LATENCY_ARB_COOLDOWN_MS=30000 ... PnL=$0 WR=0.0% Trades=0 DD=0.0% (228.7s)
[511/600] LATENCY_ARB_MOMENTUM_THRESHOLD=0.0018 LATENCY_ARB_MAX_ASK=0.7 LATENCY_ARB_MAX_POSITION_FRACTION=0.03 LATENCY_ARB_COOLDOWN_MS=30000 ... PnL=$0 WR=0.0% Trades=0 DD=0.0% (228.5s)
[109/600] LATENCY_ARB_MOMENTUM_THRESHOLD=0.0008 LATENCY_ARB_MAX_ASK=0.6 LATENCY_ARB_MAX_POSITION_FRACTION=0.05 LATENCY_ARB_COOLDOWN_MS=30000 ... PnL=$0 WR=0.0% Trades=0 DD=0.0% (228.8s)
[295/600] LATENCY_ARB_MOMENTUM_THRESHOLD=0.0012 LATENCY_ARB_MAX_ASK=0.7 LATENCY_ARB_MAX_POSITION_FRACTION=0.1 LATENCY_ARB_COOLDOWN_MS=30000 ... PnL=$0 WR=0.0% Trades=0 DD=0.0% (228.8s)
[101/600] LATENCY_ARB_MOMENTUM_THRESHOLD=0.0008 LATENCY_ARB_MAX_ASK=0.55 LATENCY_ARB_MAX_POSITION_FRACTION=0.1 LATENCY_ARB_COOLDOWN_MS=60000 ... PnL=$18 WR=100.0% Trades=2 DD=0.0% (228.8s)
[136/600] LATENCY_ARB_MOMENTUM_THRESHOLD=0.0008 LATENCY_ARB_MAX_ASK=0.7 LATENCY_ARB_MAX_POSITION_FRACTION=0.03 LATENCY_ARB_COOLDOWN_MS=30000 ... PnL=$0 WR=0.0% Trades=0 DD=0.0% (228.8s)
[144/600] LATENCY_ARB_MOMENTUM_THRESHOLD=0.0008 LATENCY_ARB_MAX_ASK=0.7 LATENCY_ARB_MAX_POSITION_FRACTION=0.075 LATENCY_ARB_COOLDOWN_MS=120000 ... PnL=$16 WR=100.0% Trades=4 DD=0.0% (228.8s)
[512/600] LATENCY_ARB_MOMENTUM_THRESHOLD=0.0018 LATENCY_ARB_MAX_ASK=0.7 LATENCY_ARB_MAX_POSITION_FRACTION=0.03 LATENCY_ARB_COOLDOWN_MS=60000 ... PnL=$0 WR=0.0% Trades=0 DD=0.0% (229.0s)
[145/600] LATENCY_ARB_MOMENTUM_THRESHOLD=0.0008 LATENCY_ARB_MAX_ASK=0.7 LATENCY_ARB_MAX_POSITION_FRACTION=0.1 LATENCY_ARB_COOLDOWN_MS=30000 ... PnL=$27 WR=100.0% Trades=5 DD=0.0% (229.0s)
[296/600] LATENCY_ARB_MOMENTUM_THRESHOLD=0.0012 LATENCY_ARB_MAX_ASK=0.7 LATENCY_ARB_MAX_POSITION_FRACTION=0.1 LATENCY_ARB_COOLDOWN_MS=60000 ... PnL=$0 WR=0.0% Trades=0 DD=0.0% (229.1s)
[110/600] LATENCY_ARB_MOMENTUM_THRESHOLD=0.0008 LATENCY_ARB_MAX_ASK=0.6 LATENCY_ARB_MAX_POSITION_FRACTION=0.05 LATENCY_ARB_COOLDOWN_MS=60000 ... PnL=$0 WR=0.0% Trades=0 DD=0.0% (229.1s)
[138/600] LATENCY_ARB_MOMENTUM_THRESHOLD=0.0008 LATENCY_ARB_MAX_ASK=0.7 LATENCY_ARB_MAX_POSITION_FRACTION=0.03 LATENCY_ARB_COOLDOWN_MS=120000 ... PnL=$0 WR=0.0% Trades=0 DD=0.0% (229.1s)
[287/600] LATENCY_ARB_MOMENTUM_THRESHOLD=0.0012 LATENCY_ARB_MAX_ASK=0.7 LATENCY_ARB_MAX_POSITION_FRACTION=0.03 LATENCY_ARB_COOLDOWN_MS=60000 ... PnL=$0 WR=0.0% Trades=0 DD=0.0% (229.2s)
[137/600] LATENCY_ARB_MOMENTUM_THRESHOLD=0.0008 LATENCY_ARB_MAX_ASK=0.7 LATENCY_ARB_MAX_POSITION_FRACTION=0.03 LATENCY_ARB_COOLDOWN_MS=60000 ... PnL=$0 WR=0.0% Trades=0 DD=0.0% (229.2s)
[102/600] LATENCY_ARB_MOMENTUM_THRESHOLD=0.0008 LATENCY_ARB_MAX_ASK=0.55 LATENCY_ARB_MAX_POSITION_FRACTION=0.1 LATENCY_ARB_COOLDOWN_MS=120000 ... PnL=$18 WR=100.0% Trades=2 DD=0.0% (229.4s)
[289/600] LATENCY_ARB_MOMENTUM_THRESHOLD=0.0012 LATENCY_ARB_MAX_ASK=0.7 LATENCY_ARB_MAX_POSITION_FRACTION=0.05 LATENCY_ARB_COOLDOWN_MS=30000 ... PnL=$0 WR=0.0% Trades=0 DD=0.0% (222.5s)
[288/600] LATENCY_ARB_MOMENTUM_THRESHOLD=0.0012 LATENCY_ARB_MAX_ASK=0.7 LATENCY_ARB_MAX_POSITION_FRACTION=0.03 LATENCY_ARB_COOLDOWN_MS=120000 ... PnL=$0 WR=0.0% Trades=0 DD=0.0% (222.6s)
[146/600] LATENCY_ARB_MOMENTUM_THRESHOLD=0.0008 LATENCY_ARB_MAX_ASK=0.7 LATENCY_ARB_MAX_POSITION_FRACTION=0.1 LATENCY_ARB_COOLDOWN_MS=60000 ... PnL=$27 WR=100.0% Trades=5 DD=0.0% (223.0s)
[297/600] LATENCY_ARB_MOMENTUM_THRESHOLD=0.0012 LATENCY_ARB_MAX_ASK=0.7 LATENCY_ARB_MAX_POSITION_FRACTION=0.1 LATENCY_ARB_COOLDOWN_MS=120000 ... PnL=$0 WR=0.0% Trades=0 DD=0.0% (223.0s)
[139/600] LATENCY_ARB_MOMENTUM_THRESHOLD=0.0008 LATENCY_ARB_MAX_ASK=0.7 LATENCY_ARB_MAX_POSITION_FRACTION=0.05 LATENCY_ARB_COOLDOWN_MS=30000 ... PnL=$0 WR=0.0% Trades=0 DD=0.0% (223.1s)
[298/600] LATENCY_ARB_MOMENTUM_THRESHOLD=0.0012 LATENCY_ARB_MAX_ASK=0.7 LATENCY_ARB_MAX_POSITION_FRACTION=0.125 LATENCY_ARB_COOLDOWN_MS=30000 ... PnL=$0 WR=0.0% Trades=0 DD=0.0% (222.8s)
[513/600] LATENCY_ARB_MOMENTUM_THRESHOLD=0.0018 LATENCY_ARB_MAX_ASK=0.7 LATENCY_ARB_MAX_POSITION_FRACTION=0.03 LATENCY_ARB_COOLDOWN_MS=120000 ... PnL=$0 WR=0.0% Trades=0 DD=0.0% (223.2s)
[111/600] LATENCY_ARB_MOMENTUM_THRESHOLD=0.0008 LATENCY_ARB_MAX_ASK=0.6 LATENCY_ARB_MAX_POSITION_FRACTION=0.05 LATENCY_ARB_COOLDOWN_MS=120000 ... PnL=$0 WR=0.0% Trades=0 DD=0.0% (223.2s)
[290/600] LATENCY_ARB_MOMENTUM_THRESHOLD=0.0012 LATENCY_ARB_MAX_ASK=0.7 LATENCY_ARB_MAX_POSITION_FRACTION=0.05 LATENCY_ARB_COOLDOWN_MS=60000 ... PnL=$0 WR=0.0% Trades=0 DD=0.0% (227.5s)
[514/600] LATENCY_ARB_MOMENTUM_THRESHOLD=0.0018 LATENCY_ARB_MAX_ASK=0.7 LATENCY_ARB_MAX_POSITION_FRACTION=0.05 LATENCY_ARB_COOLDOWN_MS=30000 ... PnL=$0 WR=0.0% Trades=0 DD=0.0% (227.0s)
[148/600] LATENCY_ARB_MOMENTUM_THRESHOLD=0.0008 LATENCY_ARB_MAX_ASK=0.7 LATENCY_ARB_MAX_POSITION_FRACTION=0.125 LATENCY_ARB_COOLDOWN_MS=30000 ... PnL=$32 WR=100.0% Trades=5 DD=0.0% (227.1s)
[140/600] LATENCY_ARB_MOMENTUM_THRESHOLD=0.0008 LATENCY_ARB_MAX_ASK=0.7 LATENCY_ARB_MAX_POSITION_FRACTION=0.05 LATENCY_ARB_COOLDOWN_MS=60000 ... PnL=$0 WR=0.0% Trades=0 DD=0.0% (227.1s)
[300/600] LATENCY_ARB_MOMENTUM_THRESHOLD=0.0012 LATENCY_ARB_MAX_ASK=0.7 LATENCY_ARB_MAX_POSITION_FRACTION=0.125 LATENCY_ARB_COOLDOWN_MS=120000 ... PnL=$0 WR=0.0% Trades=0 DD=0.0% (226.9s)
[299/600] LATENCY_ARB_MOMENTUM_THRESHOLD=0.0012 LATENCY_ARB_MAX_ASK=0.7 LATENCY_ARB_MAX_POSITION_FRACTION=0.125 LATENCY_ARB_COOLDOWN_MS=60000 ... PnL=$0 WR=0.0% Trades=0 DD=0.0% (227.1s)
[112/600] LATENCY_ARB_MOMENTUM_THRESHOLD=0.0008 LATENCY_ARB_MAX_ASK=0.6 LATENCY_ARB_MAX_POSITION_FRACTION=0.075 LATENCY_ARB_COOLDOWN_MS=30000 ... PnL=$17 WR=100.0% Trades=3 DD=0.0% (227.7s)
[147/600] LATENCY_ARB_MOMENTUM_THRESHOLD=0.0008 LATENCY_ARB_MAX_ASK=0.7 LATENCY_ARB_MAX_POSITION_FRACTION=0.1 LATENCY_ARB_COOLDOWN_MS=120000 ... PnL=$27 WR=100.0% Trades=5 DD=0.0% (227.6s)
[544/600] LATENCY_ARB_MOMENTUM_THRESHOLD=0.002 LATENCY_ARB_MAX_ASK=0.55 LATENCY_ARB_MAX_POSITION_FRACTION=0.05 LATENCY_ARB_COOLDOWN_MS=30000 ... PnL=$0 WR=0.0% Trades=0 DD=0.0% (220.6s)
[515/600] LATENCY_ARB_MOMENTUM_THRESHOLD=0.0018 LATENCY_ARB_MAX_ASK=0.7 LATENCY_ARB_MAX_POSITION_FRACTION=0.05 LATENCY_ARB_COOLDOWN_MS=60000 ... PnL=$0 WR=0.0% Trades=0 DD=0.0% (220.7s)
[563/600] LATENCY_ARB_MOMENTUM_THRESHOLD=0.002 LATENCY_ARB_MAX_ASK=0.6 LATENCY_ARB_MAX_POSITION_FRACTION=0.075 LATENCY_ARB_COOLDOWN_MS=60000 ... PnL=$0 WR=0.0% Trades=0 DD=0.0% (220.7s)
[150/600] LATENCY_ARB_MOMENTUM_THRESHOLD=0.0008 LATENCY_ARB_MAX_ASK=0.7 LATENCY_ARB_MAX_POSITION_FRACTION=0.125 LATENCY_ARB_COOLDOWN_MS=120000 ... PnL=$32 WR=100.0% Trades=5 DD=0.0% (220.7s)
[149/600] LATENCY_ARB_MOMENTUM_THRESHOLD=0.0008 LATENCY_ARB_MAX_ASK=0.7 LATENCY_ARB_MAX_POSITION_FRACTION=0.125 LATENCY_ARB_COOLDOWN_MS=60000 ... PnL=$32 WR=100.0% Trades=5 DD=0.0% (220.7s)
[591/600] LATENCY_ARB_MOMENTUM_THRESHOLD=0.002 LATENCY_ARB_MAX_ASK=0.7 LATENCY_ARB_MAX_POSITION_FRACTION=0.05 LATENCY_ARB_COOLDOWN_MS=120000 ... PnL=$0 WR=0.0% Trades=0 DD=0.0% (220.3s)
[582/600] LATENCY_ARB_MOMENTUM_THRESHOLD=0.002 LATENCY_ARB_MAX_ASK=0.65 LATENCY_ARB_MAX_POSITION_FRACTION=0.1 LATENCY_ARB_COOLDOWN_MS=120000 ... PnL=$0 WR=0.0% Trades=0 DD=0.0% (220.5s)
[526/600] LATENCY_ARB_MOMENTUM_THRESHOLD=0.002 LATENCY_ARB_MAX_ASK=0.5 LATENCY_ARB_MAX_POSITION_FRACTION=0.03 LATENCY_ARB_COOLDOWN_MS=30000 ... PnL=$0 WR=0.0% Trades=0 DD=0.0% (220.8s)
[583/600] LATENCY_ARB_MOMENTUM_THRESHOLD=0.002 LATENCY_ARB_MAX_ASK=0.65 LATENCY_ARB_MAX_POSITION_FRACTION=0.125 LATENCY_ARB_COOLDOWN_MS=30000 ... PnL=$0 WR=0.0% Trades=0 DD=0.0% (233.4s)
[572/600] LATENCY_ARB_MOMENTUM_THRESHOLD=0.002 LATENCY_ARB_MAX_ASK=0.65 LATENCY_ARB_MAX_POSITION_FRACTION=0.03 LATENCY_ARB_COOLDOWN_MS=60000 ... PnL=$0 WR=0.0% Trades=0 DD=0.0% (233.5s)
[535/600] LATENCY_ARB_MOMENTUM_THRESHOLD=0.002 LATENCY_ARB_MAX_ASK=0.5 LATENCY_ARB_MAX_POSITION_FRACTION=0.1 LATENCY_ARB_COOLDOWN_MS=30000 ... PnL=$0 WR=0.0% Trades=0 DD=0.0% (233.6s)
[564/600] LATENCY_ARB_MOMENTUM_THRESHOLD=0.002 LATENCY_ARB_MAX_ASK=0.6 LATENCY_ARB_MAX_POSITION_FRACTION=0.075 LATENCY_ARB_COOLDOWN_MS=120000 ... PnL=$0 WR=0.0% Trades=0 DD=0.0% (233.6s)
[516/600] LATENCY_ARB_MOMENTUM_THRESHOLD=0.0018 LATENCY_ARB_MAX_ASK=0.7 LATENCY_ARB_MAX_POSITION_FRACTION=0.05 LATENCY_ARB_COOLDOWN_MS=120000 ... PnL=$0 WR=0.0% Trades=0 DD=0.0% (233.6s)
[527/600] LATENCY_ARB_MOMENTUM_THRESHOLD=0.002 LATENCY_ARB_MAX_ASK=0.5 LATENCY_ARB_MAX_POSITION_FRACTION=0.03 LATENCY_ARB_COOLDOWN_MS=60000 ... PnL=$0 WR=0.0% Trades=0 DD=0.0% (233.7s)
[592/600] LATENCY_ARB_MOMENTUM_THRESHOLD=0.002 LATENCY_ARB_MAX_ASK=0.7 LATENCY_ARB_MAX_POSITION_FRACTION=0.075 LATENCY_ARB_COOLDOWN_MS=30000 ... PnL=$0 WR=0.0% Trades=0 DD=0.0% (233.8s)
[545/600] LATENCY_ARB_MOMENTUM_THRESHOLD=0.002 LATENCY_ARB_MAX_ASK=0.55 LATENCY_ARB_MAX_POSITION_FRACTION=0.05 LATENCY_ARB_COOLDOWN_MS=60000 ... PnL=$0 WR=0.0% Trades=0 DD=0.0% (234.1s)
[565/600] LATENCY_ARB_MOMENTUM_THRESHOLD=0.002 LATENCY_ARB_MAX_ASK=0.6 LATENCY_ARB_MAX_POSITION_FRACTION=0.1 LATENCY_ARB_COOLDOWN_MS=30000 ... PnL=$0 WR=0.0% Trades=0 DD=0.0% (236.0s)
[573/600] LATENCY_ARB_MOMENTUM_THRESHOLD=0.002 LATENCY_ARB_MAX_ASK=0.65 LATENCY_ARB_MAX_POSITION_FRACTION=0.03 LATENCY_ARB_COOLDOWN_MS=120000 ... PnL=$0 WR=0.0% Trades=0 DD=0.0% (236.1s)
[593/600] LATENCY_ARB_MOMENTUM_THRESHOLD=0.002 LATENCY_ARB_MAX_ASK=0.7 LATENCY_ARB_MAX_POSITION_FRACTION=0.075 LATENCY_ARB_COOLDOWN_MS=60000 ... PnL=$0 WR=0.0% Trades=0 DD=0.0% (235.8s)
[584/600] LATENCY_ARB_MOMENTUM_THRESHOLD=0.002 LATENCY_ARB_MAX_ASK=0.65 LATENCY_ARB_MAX_POSITION_FRACTION=0.125 LATENCY_ARB_COOLDOWN_MS=60000 ... PnL=$0 WR=0.0% Trades=0 DD=0.0% (236.2s)
[536/600] LATENCY_ARB_MOMENTUM_THRESHOLD=0.002 LATENCY_ARB_MAX_ASK=0.5 LATENCY_ARB_MAX_POSITION_FRACTION=0.1 LATENCY_ARB_COOLDOWN_MS=60000 ... PnL=$0 WR=0.0% Trades=0 DD=0.0% (236.1s)
[517/600] LATENCY_ARB_MOMENTUM_THRESHOLD=0.0018 LATENCY_ARB_MAX_ASK=0.7 LATENCY_ARB_MAX_POSITION_FRACTION=0.075 LATENCY_ARB_COOLDOWN_MS=30000 ... PnL=$0 WR=0.0% Trades=0 DD=0.0% (236.3s)
[546/600] LATENCY_ARB_MOMENTUM_THRESHOLD=0.002 LATENCY_ARB_MAX_ASK=0.55 LATENCY_ARB_MAX_POSITION_FRACTION=0.05 LATENCY_ARB_COOLDOWN_MS=120000 ... PnL=$0 WR=0.0% Trades=0 DD=0.0% (236.6s)
[528/600] LATENCY_ARB_MOMENTUM_THRESHOLD=0.002 LATENCY_ARB_MAX_ASK=0.5 LATENCY_ARB_MAX_POSITION_FRACTION=0.03 LATENCY_ARB_COOLDOWN_MS=120000 ... PnL=$0 WR=0.0% Trades=0 DD=0.0% (237.1s)
[518/600] LATENCY_ARB_MOMENTUM_THRESHOLD=0.0018 LATENCY_ARB_MAX_ASK=0.7 LATENCY_ARB_MAX_POSITION_FRACTION=0.075 LATENCY_ARB_COOLDOWN_MS=60000 ... PnL=$0 WR=0.0% Trades=0 DD=0.0% (236.5s)
[537/600] LATENCY_ARB_MOMENTUM_THRESHOLD=0.002 LATENCY_ARB_MAX_ASK=0.5 LATENCY_ARB_MAX_POSITION_FRACTION=0.1 LATENCY_ARB_COOLDOWN_MS=120000 ... PnL=$0 WR=0.0% Trades=0 DD=0.0% (236.7s)
[594/600] LATENCY_ARB_MOMENTUM_THRESHOLD=0.002 LATENCY_ARB_MAX_ASK=0.7 LATENCY_ARB_MAX_POSITION_FRACTION=0.075 LATENCY_ARB_COOLDOWN_MS=120000 ... PnL=$0 WR=0.0% Trades=0 DD=0.0% (236.8s)
[585/600] LATENCY_ARB_MOMENTUM_THRESHOLD=0.002 LATENCY_ARB_MAX_ASK=0.65 LATENCY_ARB_MAX_POSITION_FRACTION=0.125 LATENCY_ARB_COOLDOWN_MS=120000 ... PnL=$0 WR=0.0% Trades=0 DD=0.0% (236.8s)
[566/600] LATENCY_ARB_MOMENTUM_THRESHOLD=0.002 LATENCY_ARB_MAX_ASK=0.6 LATENCY_ARB_MAX_POSITION_FRACTION=0.1 LATENCY_ARB_COOLDOWN_MS=60000 ... PnL=$0 WR=0.0% Trades=0 DD=0.0% (236.9s)
[574/600] LATENCY_ARB_MOMENTUM_THRESHOLD=0.002 LATENCY_ARB_MAX_ASK=0.65 LATENCY_ARB_MAX_POSITION_FRACTION=0.05 LATENCY_ARB_COOLDOWN_MS=30000 ... PnL=$0 WR=0.0% Trades=0 DD=0.0% (237.0s)
[547/600] LATENCY_ARB_MOMENTUM_THRESHOLD=0.002 LATENCY_ARB_MAX_ASK=0.55 LATENCY_ARB_MAX_POSITION_FRACTION=0.075 LATENCY_ARB_COOLDOWN_MS=30000 ... PnL=$0 WR=0.0% Trades=0 DD=0.0% (237.9s)
[529/600] LATENCY_ARB_MOMENTUM_THRESHOLD=0.002 LATENCY_ARB_MAX_ASK=0.5 LATENCY_ARB_MAX_POSITION_FRACTION=0.05 LATENCY_ARB_COOLDOWN_MS=30000 ... PnL=$0 WR=0.0% Trades=0 DD=0.0% (237.6s)
[519/600] LATENCY_ARB_MOMENTUM_THRESHOLD=0.0018 LATENCY_ARB_MAX_ASK=0.7 LATENCY_ARB_MAX_POSITION_FRACTION=0.075 LATENCY_ARB_COOLDOWN_MS=120000 ... PnL=$0 WR=0.0% Trades=0 DD=0.0% (226.2s)
[567/600] LATENCY_ARB_MOMENTUM_THRESHOLD=0.002 LATENCY_ARB_MAX_ASK=0.6 LATENCY_ARB_MAX_POSITION_FRACTION=0.1 LATENCY_ARB_COOLDOWN_MS=120000 ... PnL=$0 WR=0.0% Trades=0 DD=0.0% (226.1s)
[575/600] LATENCY_ARB_MOMENTUM_THRESHOLD=0.002 LATENCY_ARB_MAX_ASK=0.65 LATENCY_ARB_MAX_POSITION_FRACTION=0.05 LATENCY_ARB_COOLDOWN_MS=60000 ... PnL=$0 WR=0.0% Trades=0 DD=0.0% (226.0s)
[595/600] LATENCY_ARB_MOMENTUM_THRESHOLD=0.002 LATENCY_ARB_MAX_ASK=0.7 LATENCY_ARB_MAX_POSITION_FRACTION=0.1 LATENCY_ARB_COOLDOWN_MS=30000 ... PnL=$0 WR=0.0% Trades=0 DD=0.0% (226.3s)
[586/600] LATENCY_ARB_MOMENTUM_THRESHOLD=0.002 LATENCY_ARB_MAX_ASK=0.7 LATENCY_ARB_MAX_POSITION_FRACTION=0.03 LATENCY_ARB_COOLDOWN_MS=30000 ... PnL=$0 WR=0.0% Trades=0 DD=0.0% (226.9s)
[538/600] LATENCY_ARB_MOMENTUM_THRESHOLD=0.002 LATENCY_ARB_MAX_ASK=0.5 LATENCY_ARB_MAX_POSITION_FRACTION=0.125 LATENCY_ARB_COOLDOWN_MS=30000 ... PnL=$0 WR=0.0% Trades=0 DD=0.0% (227.4s)
[530/600] LATENCY_ARB_MOMENTUM_THRESHOLD=0.002 LATENCY_ARB_MAX_ASK=0.5 LATENCY_ARB_MAX_POSITION_FRACTION=0.05 LATENCY_ARB_COOLDOWN_MS=60000 ... PnL=$0 WR=0.0% Trades=0 DD=0.0% (225.8s)
[548/600] LATENCY_ARB_MOMENTUM_THRESHOLD=0.002 LATENCY_ARB_MAX_ASK=0.55 LATENCY_ARB_MAX_POSITION_FRACTION=0.075 LATENCY_ARB_COOLDOWN_MS=60000 ... PnL=$0 WR=0.0% Trades=0 DD=0.0% (228.5s)
[587/600] LATENCY_ARB_MOMENTUM_THRESHOLD=0.002 LATENCY_ARB_MAX_ASK=0.7 LATENCY_ARB_MAX_POSITION_FRACTION=0.03 LATENCY_ARB_COOLDOWN_MS=60000 ... PnL=$0 WR=0.0% Trades=0 DD=0.0% (224.3s)
[596/600] LATENCY_ARB_MOMENTUM_THRESHOLD=0.002 LATENCY_ARB_MAX_ASK=0.7 LATENCY_ARB_MAX_POSITION_FRACTION=0.1 LATENCY_ARB_COOLDOWN_MS=60000 ... PnL=$0 WR=0.0% Trades=0 DD=0.0% (225.0s)
[576/600] LATENCY_ARB_MOMENTUM_THRESHOLD=0.002 LATENCY_ARB_MAX_ASK=0.65 LATENCY_ARB_MAX_POSITION_FRACTION=0.05 LATENCY_ARB_COOLDOWN_MS=120000 ... PnL=$0 WR=0.0% Trades=0 DD=0.0% (225.1s)
[520/600] LATENCY_ARB_MOMENTUM_THRESHOLD=0.0018 LATENCY_ARB_MAX_ASK=0.7 LATENCY_ARB_MAX_POSITION_FRACTION=0.1 LATENCY_ARB_COOLDOWN_MS=30000 ... PnL=$0 WR=0.0% Trades=0 DD=0.0% (225.2s)
[568/600] LATENCY_ARB_MOMENTUM_THRESHOLD=0.002 LATENCY_ARB_MAX_ASK=0.6 LATENCY_ARB_MAX_POSITION_FRACTION=0.125 LATENCY_ARB_COOLDOWN_MS=30000 ... PnL=$0 WR=0.0% Trades=0 DD=0.0% (225.2s)
[539/600] LATENCY_ARB_MOMENTUM_THRESHOLD=0.002 LATENCY_ARB_MAX_ASK=0.5 LATENCY_ARB_MAX_POSITION_FRACTION=0.125 LATENCY_ARB_COOLDOWN_MS=60000 ... PnL=$0 WR=0.0% Trades=0 DD=0.0% (224.0s)
[531/600] LATENCY_ARB_MOMENTUM_THRESHOLD=0.002 LATENCY_ARB_MAX_ASK=0.5 LATENCY_ARB_MAX_POSITION_FRACTION=0.05 LATENCY_ARB_COOLDOWN_MS=120000 ... PnL=$0 WR=0.0% Trades=0 DD=0.0% (223.9s)
[549/600] LATENCY_ARB_MOMENTUM_THRESHOLD=0.002 LATENCY_ARB_MAX_ASK=0.55 LATENCY_ARB_MAX_POSITION_FRACTION=0.075 LATENCY_ARB_COOLDOWN_MS=120000 ... PnL=$0 WR=0.0% Trades=0 DD=0.0% (223.0s)
[577/600] LATENCY_ARB_MOMENTUM_THRESHOLD=0.002 LATENCY_ARB_MAX_ASK=0.65 LATENCY_ARB_MAX_POSITION_FRACTION=0.075 LATENCY_ARB_COOLDOWN_MS=30000 ... PnL=$0 WR=0.0% Trades=0 DD=0.0% (224.5s)
[569/600] LATENCY_ARB_MOMENTUM_THRESHOLD=0.002 LATENCY_ARB_MAX_ASK=0.6 LATENCY_ARB_MAX_POSITION_FRACTION=0.125 LATENCY_ARB_COOLDOWN_MS=60000 ... PnL=$0 WR=0.0% Trades=0 DD=0.0% (224.5s)
[597/600] LATENCY_ARB_MOMENTUM_THRESHOLD=0.002 LATENCY_ARB_MAX_ASK=0.7 LATENCY_ARB_MAX_POSITION_FRACTION=0.1 LATENCY_ARB_COOLDOWN_MS=120000 ... PnL=$0 WR=0.0% Trades=0 DD=0.0% (224.6s)
[588/600] LATENCY_ARB_MOMENTUM_THRESHOLD=0.002 LATENCY_ARB_MAX_ASK=0.7 LATENCY_ARB_MAX_POSITION_FRACTION=0.03 LATENCY_ARB_COOLDOWN_MS=120000 ... PnL=$0 WR=0.0% Trades=0 DD=0.0% (224.6s)
[521/600] LATENCY_ARB_MOMENTUM_THRESHOLD=0.0018 LATENCY_ARB_MAX_ASK=0.7 LATENCY_ARB_MAX_POSITION_FRACTION=0.1 LATENCY_ARB_COOLDOWN_MS=60000 ... PnL=$0 WR=0.0% Trades=0 DD=0.0% (224.6s)
[532/600] LATENCY_ARB_MOMENTUM_THRESHOLD=0.002 LATENCY_ARB_MAX_ASK=0.5 LATENCY_ARB_MAX_POSITION_FRACTION=0.075 LATENCY_ARB_COOLDOWN_MS=30000 ... PnL=$0 WR=0.0% Trades=0 DD=0.0% (224.1s)
[540/600] LATENCY_ARB_MOMENTUM_THRESHOLD=0.002 LATENCY_ARB_MAX_ASK=0.5 LATENCY_ARB_MAX_POSITION_FRACTION=0.125 LATENCY_ARB_COOLDOWN_MS=120000 ... PnL=$0 WR=0.0% Trades=0 DD=0.0% (224.9s)
[550/600] LATENCY_ARB_MOMENTUM_THRESHOLD=0.002 LATENCY_ARB_MAX_ASK=0.55 LATENCY_ARB_MAX_POSITION_FRACTION=0.1 LATENCY_ARB_COOLDOWN_MS=30000 ... PnL=$0 WR=0.0% Trades=0 DD=0.0% (223.0s)
[589/600] LATENCY_ARB_MOMENTUM_THRESHOLD=0.002 LATENCY_ARB_MAX_ASK=0.7 LATENCY_ARB_MAX_POSITION_FRACTION=0.05 LATENCY_ARB_COOLDOWN_MS=30000 ... PnL=$0 WR=0.0% Trades=0 DD=0.0% (232.0s)
[522/600] LATENCY_ARB_MOMENTUM_THRESHOLD=0.0018 LATENCY_ARB_MAX_ASK=0.7 LATENCY_ARB_MAX_POSITION_FRACTION=0.1 LATENCY_ARB_COOLDOWN_MS=120000 ... PnL=$0 WR=0.0% Trades=0 DD=0.0% (232.0s)
[570/600] LATENCY_ARB_MOMENTUM_THRESHOLD=0.002 LATENCY_ARB_MAX_ASK=0.6 LATENCY_ARB_MAX_POSITION_FRACTION=0.125 LATENCY_ARB_COOLDOWN_MS=120000 ... PnL=$0 WR=0.0% Trades=0 DD=0.0% (232.1s)
[533/600] LATENCY_ARB_MOMENTUM_THRESHOLD=0.002 LATENCY_ARB_MAX_ASK=0.5 LATENCY_ARB_MAX_POSITION_FRACTION=0.075 LATENCY_ARB_COOLDOWN_MS=60000 ... PnL=$0 WR=0.0% Trades=0 DD=0.0% (232.1s)
[578/600] LATENCY_ARB_MOMENTUM_THRESHOLD=0.002 LATENCY_ARB_MAX_ASK=0.65 LATENCY_ARB_MAX_POSITION_FRACTION=0.075 LATENCY_ARB_COOLDOWN_MS=60000 ... PnL=$0 WR=0.0% Trades=0 DD=0.0% (232.3s)
[598/600] LATENCY_ARB_MOMENTUM_THRESHOLD=0.002 LATENCY_ARB_MAX_ASK=0.7 LATENCY_ARB_MAX_POSITION_FRACTION=0.125 LATENCY_ARB_COOLDOWN_MS=30000 ... PnL=$0 WR=0.0% Trades=0 DD=0.0% (232.3s)
[541/600] LATENCY_ARB_MOMENTUM_THRESHOLD=0.002 LATENCY_ARB_MAX_ASK=0.55 LATENCY_ARB_MAX_POSITION_FRACTION=0.03 LATENCY_ARB_COOLDOWN_MS=30000 ... PnL=$0 WR=0.0% Trades=0 DD=0.0% (231.9s)
[551/600] LATENCY_ARB_MOMENTUM_THRESHOLD=0.002 LATENCY_ARB_MAX_ASK=0.55 LATENCY_ARB_MAX_POSITION_FRACTION=0.1 LATENCY_ARB_COOLDOWN_MS=60000 ... PnL=$0 WR=0.0% Trades=0 DD=0.0% (232.1s)
[552/600] LATENCY_ARB_MOMENTUM_THRESHOLD=0.002 LATENCY_ARB_MAX_ASK=0.55 LATENCY_ARB_MAX_POSITION_FRACTION=0.1 LATENCY_ARB_COOLDOWN_MS=120000 ... PnL=$0 WR=0.0% Trades=0 DD=0.0% (277.0s)
[579/600] LATENCY_ARB_MOMENTUM_THRESHOLD=0.002 LATENCY_ARB_MAX_ASK=0.65 LATENCY_ARB_MAX_POSITION_FRACTION=0.075 LATENCY_ARB_COOLDOWN_MS=120000 ... PnL=$0 WR=0.0% Trades=0 DD=0.0% (277.5s)
[599/600] LATENCY_ARB_MOMENTUM_THRESHOLD=0.002 LATENCY_ARB_MAX_ASK=0.7 LATENCY_ARB_MAX_POSITION_FRACTION=0.125 LATENCY_ARB_COOLDOWN_MS=60000 ... PnL=$0 WR=0.0% Trades=0 DD=0.0% (277.5s)
[590/600] LATENCY_ARB_MOMENTUM_THRESHOLD=0.002 LATENCY_ARB_MAX_ASK=0.7 LATENCY_ARB_MAX_POSITION_FRACTION=0.05 LATENCY_ARB_COOLDOWN_MS=60000 ... PnL=$0 WR=0.0% Trades=0 DD=0.0% (277.8s)
[523/600] LATENCY_ARB_MOMENTUM_THRESHOLD=0.0018 LATENCY_ARB_MAX_ASK=0.7 LATENCY_ARB_MAX_POSITION_FRACTION=0.125 LATENCY_ARB_COOLDOWN_MS=30000 ... PnL=$0 WR=0.0% Trades=0 DD=0.0% (277.8s)
[571/600] LATENCY_ARB_MOMENTUM_THRESHOLD=0.002 LATENCY_ARB_MAX_ASK=0.65 LATENCY_ARB_MAX_POSITION_FRACTION=0.03 LATENCY_ARB_COOLDOWN_MS=30000 ... PnL=$0 WR=0.0% Trades=0 DD=0.0% (277.8s)
[542/600] LATENCY_ARB_MOMENTUM_THRESHOLD=0.002 LATENCY_ARB_MAX_ASK=0.55 LATENCY_ARB_MAX_POSITION_FRACTION=0.03 LATENCY_ARB_COOLDOWN_MS=60000 ... PnL=$0 WR=0.0% Trades=0 DD=0.0% (277.5s)
[534/600] LATENCY_ARB_MOMENTUM_THRESHOLD=0.002 LATENCY_ARB_MAX_ASK=0.5 LATENCY_ARB_MAX_POSITION_FRACTION=0.075 LATENCY_ARB_COOLDOWN_MS=120000 ... PnL=$0 WR=0.0% Trades=0 DD=0.0% (277.7s)
[580/600] LATENCY_ARB_MOMENTUM_THRESHOLD=0.002 LATENCY_ARB_MAX_ASK=0.65 LATENCY_ARB_MAX_POSITION_FRACTION=0.1 LATENCY_ARB_COOLDOWN_MS=30000 ... PnL=$0 WR=0.0% Trades=0 DD=0.0% (231.6s)
[558/600] LATENCY_ARB_MOMENTUM_THRESHOLD=0.002 LATENCY_ARB_MAX_ASK=0.6 LATENCY_ARB_MAX_POSITION_FRACTION=0.03 LATENCY_ARB_COOLDOWN_MS=120000 ... PnL=$0 WR=0.0% Trades=0 DD=0.0% (231.6s)
[543/600] LATENCY_ARB_MOMENTUM_THRESHOLD=0.002 LATENCY_ARB_MAX_ASK=0.55 LATENCY_ARB_MAX_POSITION_FRACTION=0.03 LATENCY_ARB_COOLDOWN_MS=120000 ... PnL=$0 WR=0.0% Trades=0 DD=0.0% (231.5s)
[600/600] LATENCY_ARB_MOMENTUM_THRESHOLD=0.002 LATENCY_ARB_MAX_ASK=0.7 LATENCY_ARB_MAX_POSITION_FRACTION=0.125 LATENCY_ARB_COOLDOWN_MS=120000 ... PnL=$0 WR=0.0% Trades=0 DD=0.0% (231.6s)
[581/600] LATENCY_ARB_MOMENTUM_THRESHOLD=0.002 LATENCY_ARB_MAX_ASK=0.65 LATENCY_ARB_MAX_POSITION_FRACTION=0.1 LATENCY_ARB_COOLDOWN_MS=60000 ... PnL=$0 WR=0.0% Trades=0 DD=0.0% (231.6s)
[524/600] LATENCY_ARB_MOMENTUM_THRESHOLD=0.0018 LATENCY_ARB_MAX_ASK=0.7 LATENCY_ARB_MAX_POSITION_FRACTION=0.125 LATENCY_ARB_COOLDOWN_MS=60000 ... PnL=$0 WR=0.0% Trades=0 DD=0.0% (231.6s)
[560/600] LATENCY_ARB_MOMENTUM_THRESHOLD=0.002 LATENCY_ARB_MAX_ASK=0.6 LATENCY_ARB_MAX_POSITION_FRACTION=0.05 LATENCY_ARB_COOLDOWN_MS=60000 ... PnL=$0 WR=0.0% Trades=0 DD=0.0% (231.6s)
[553/600] LATENCY_ARB_MOMENTUM_THRESHOLD=0.002 LATENCY_ARB_MAX_ASK=0.55 LATENCY_ARB_MAX_POSITION_FRACTION=0.125 LATENCY_ARB_COOLDOWN_MS=30000 ... PnL=$0 WR=0.0% Trades=0 DD=0.0% (231.8s)
[525/600] LATENCY_ARB_MOMENTUM_THRESHOLD=0.0018 LATENCY_ARB_MAX_ASK=0.7 LATENCY_ARB_MAX_POSITION_FRACTION=0.125 LATENCY_ARB_COOLDOWN_MS=120000 ... PnL=$0 WR=0.0% Trades=0 DD=0.0% (236.8s)
[557/600] LATENCY_ARB_MOMENTUM_THRESHOLD=0.002 LATENCY_ARB_MAX_ASK=0.6 LATENCY_ARB_MAX_POSITION_FRACTION=0.03 LATENCY_ARB_COOLDOWN_MS=60000 ... PnL=$0 WR=0.0% Trades=0 DD=0.0% (236.7s)
[559/600] LATENCY_ARB_MOMENTUM_THRESHOLD=0.002 LATENCY_ARB_MAX_ASK=0.6 LATENCY_ARB_MAX_POSITION_FRACTION=0.05 LATENCY_ARB_COOLDOWN_MS=30000 ... PnL=$0 WR=0.0% Trades=0 DD=0.0% (236.8s)
[556/600] LATENCY_ARB_MOMENTUM_THRESHOLD=0.002 LATENCY_ARB_MAX_ASK=0.6 LATENCY_ARB_MAX_POSITION_FRACTION=0.03 LATENCY_ARB_COOLDOWN_MS=30000 ... PnL=$0 WR=0.0% Trades=0 DD=0.0% (236.9s)
[562/600] LATENCY_ARB_MOMENTUM_THRESHOLD=0.002 LATENCY_ARB_MAX_ASK=0.6 LATENCY_ARB_MAX_POSITION_FRACTION=0.075 LATENCY_ARB_COOLDOWN_MS=30000 ... PnL=$0 WR=0.0% Trades=0 DD=0.0% (236.8s)
[554/600] LATENCY_ARB_MOMENTUM_THRESHOLD=0.002 LATENCY_ARB_MAX_ASK=0.55 LATENCY_ARB_MAX_POSITION_FRACTION=0.125 LATENCY_ARB_COOLDOWN_MS=60000 ... PnL=$0 WR=0.0% Trades=0 DD=0.0% (236.9s)
[561/600] LATENCY_ARB_MOMENTUM_THRESHOLD=0.002 LATENCY_ARB_MAX_ASK=0.6 LATENCY_ARB_MAX_POSITION_FRACTION=0.05 LATENCY_ARB_COOLDOWN_MS=120000 ... PnL=$0 WR=0.0% Trades=0 DD=0.0% (236.9s)
[555/600] LATENCY_ARB_MOMENTUM_THRESHOLD=0.002 LATENCY_ARB_MAX_ASK=0.55 LATENCY_ARB_MAX_POSITION_FRACTION=0.125 LATENCY_ARB_COOLDOWN_MS=120000 ... PnL=$0 WR=0.0% Trades=0 DD=0.0% (236.9s)

Sweep complete: 600 runs in 18058.1s
Results: data/sweeps/run-014-latency-001/sweep.csv

Top 5 by PnL:
  1. LATENCY_ARB_MOMENTUM_THRESHOLD=0.0006 LATENCY_ARB_MAX_ASK=0.6 LATENCY_ARB_MAX_POSITION_FRACTION=0.125 LATENCY_ARB_COOLDOWN_MS=30000 -> PnL=$34 WR=83.3% DD=11.6%
  2. LATENCY_ARB_MOMENTUM_THRESHOLD=0.0006 LATENCY_ARB_MAX_ASK=0.6 LATENCY_ARB_MAX_POSITION_FRACTION=0.125 LATENCY_ARB_COOLDOWN_MS=60000 -> PnL=$34 WR=83.3% DD=11.6%
  3. LATENCY_ARB_MOMENTUM_THRESHOLD=0.0006 LATENCY_ARB_MAX_ASK=0.6 LATENCY_ARB_MAX_POSITION_FRACTION=0.125 LATENCY_ARB_COOLDOWN_MS=120000 -> PnL=$34 WR=83.3% DD=11.6%
  4. LATENCY_ARB_MOMENTUM_THRESHOLD=0.0008 LATENCY_ARB_MAX_ASK=0.7 LATENCY_ARB_MAX_POSITION_FRACTION=0.125 LATENCY_ARB_COOLDOWN_MS=30000 -> PnL=$32 WR=100.0% DD=0.0%
  5. LATENCY_ARB_MOMENTUM_THRESHOLD=0.0008 LATENCY_ARB_MAX_ASK=0.7 LATENCY_ARB_MAX_POSITION_FRACTION=0.125 LATENCY_ARB_COOLDOWN_MS=60000 -> PnL=$32 WR=100.0% DD=0.0%
