LATENCY_ARB_MOMENTUM_THRESHOLD,LATENCY_ARB_MAX_ASK,MAX_POSITION_FRACTION,SPREAD_CAPTURE_THRESHOLD,pnl,win_rate,trades,wins,losses,max_dd,hwm,final_balance,signals,fill_rate,partial_fill_rate,no_fill_count,spread_legging_count,residual_position_count,avg_fill_latency_ms,avg_slippage,raw_event_batches,legacy_snapshot_batches,total_fees,gross_pnl,pnl_net,elapsed_s
0.0008,0.5,0.03,0.965,1525.226624751761,0.7482014388489209,139,104,35,0.14873093017512315,1773.7766387517609,1725.226624751761,625,0.6123348017621145,0.04316546762589928,88,0,0,1000.1798561151079,0.0062635134466830856,0,3002577,38.43047524824,1563.657100000001,1525.226624751761,14.156936833
0.0008,0.5,0.03,0.97,1525.226624751761,0.7482014388489209,139,104,35,0.14873093017512315,1773.7766387517609,1725.226624751761,625,0.6123348017621145,0.04316546762589928,88,0,0,1000.1798561151079,0.0062635134466830856,0,3002577,38.43047524824,1563.657100000001,1525.226624751761,13.0597925
0.0008,0.5,0.03,0.975,1525.226624751761,0.7482014388489209,139,104,35,0.14873093017512315,1773.7766387517609,1725.226624751761,625,0.6123348017621145,0.04316546762589928,88,0,0,1000.1798561151079,0.0062635134466830856,0,3002577,38.43047524824,1563.657100000001,1525.226624751761,12.881597375
0.0008,0.5,0.03,0.98,1525.226624751761,0.7482014388489209,139,104,35,0.14873093017512315,1773.7766387517609,1725.226624751761,625,0.6123348017621145,0.04316546762589928,88,0,0,1000.1798561151079,0.0062635134466830856,0,3002577,38.43047524824,1563.657100000001,1525.226624751761,12.056127125
0.0008,0.5,0.03,0.985,1483.147392751761,0.7428571428571429,140,104,36,0.14873093017512315,1773.7766387517609,1683.147392751761,629,0.6060606060606061,0.04285714285714286,91,1,1,1000.1785714285714,0.006192383789721408,0,3002577,38.909707248240004,1522.057100000001,1483.147392751761,12.535593709
0.0008,0.5,0.05,0.965,4443.36210885048,0.72,150,108,42,0.22586742818894104,4709.63287796048,4643.36210885048,625,0.5535055350553506,0.16,121,8,8,1000.1066666666667,0.004607962912025779,0,3002577,105.90899114951998,4549.2711,4443.36210885048,12.547871709
0.0008,0.5,0.05,0.97,4443.36210885048,0.72,150,108,42,0.22586742818894104,4709.63287796048,4643.36210885048,625,0.5535055350553506,0.16,121,8,8,1000.1066666666667,0.004607962912025779,0,3002577,105.90899114951998,4549.2711,4443.36210885048,12.403657416
0.0008,0.5,0.05,0.975,4443.36210885048,0.72,150,108,42,0.22586742818894104,4709.63287796048,4643.36210885048,625,0.5535055350553506,0.16,121,8,8,1000.1066666666667,0.004607962912025779,0,3002577,105.90899114951998,4549.2711,4443.36210885048,12.667468458
0.0008,0.5,0.05,0.98,4443.36210885048,0.72,150,108,42,0.22586742818894104,4709.63287796048,4643.36210885048,625,0.5535055350553506,0.16,121,8,8,1000.1066666666667,0.004607962912025779,0,3002577,105.90899114951998,4549.2711,4443.36210885048,12.477000542
0.0008,0.5,0.05,0.985,4252.387132850479,0.7152317880794702,151,108,43,0.22586742818894104,4709.63287796048,4452.387132850479,629,0.5490909090909091,0.15894039735099338,124,9,9,1000.1059602649007,0.004521826760667369,0,3002577,108.08396714951998,4360.471099999999,4252.387132850479,12.693517292
0.0008,0.5,0.075,0.965,9249.662089342559,0.7152317880794702,151,108,43,0.31488908850682074,9515.93285845256,9449.662089342559,625,0.5551470588235294,0.36423841059602646,121,8,8,1000.1456953642385,0.0044850977059654185,0,3002577,207.99271065743991,9457.654799999998,9249.662089342559,12.646459958
0.0008,0.5,0.075,0.97,9249.662089342559,0.7152317880794702,151,108,43,0.31488908850682074,9515.93285845256,9449.662089342559,625,0.5551470588235294,0.36423841059602646,121,8,8,1000.1456953642385,0.0044850977059654185,0,3002577,207.99271065743991,9457.654799999998,9249.662089342559,12.684867708
0.0008,0.5,0.075,0.975,9249.662089342559,0.7152317880794702,151,108,43,0.31488908850682074,9515.93285845256,9449.662089342559,625,0.5551470588235294,0.36423841059602646,121,8,8,1000.1456953642385,0.0044850977059654185,0,3002577,207.99271065743991,9457.654799999998,9249.662089342559,12.772020916
0.0008,0.5,0.075,0.98,9249.662089342559,0.7152317880794702,151,108,43,0.31488908850682074,9515.93285845256,9449.662089342559,625,0.5551470588235294,0.36423841059602646,121,8,8,1000.1456953642385,0.0044850977059654185,0,3002577,207.99271065743991,9457.654799999998,9249.662089342559,12.791437667
0.0008,0.5,0.075,0.985,8968.74275494256,0.7105263157894737,152,108,44,0.31488908850682074,9515.93285845256,9168.74275494256,629,0.5507246376811594,0.3684210526315789,124,9,9,1000.1447368421053,0.004421729144771035,0,3002577,211.1920450574399,9179.934799999999,8968.74275494256,12.736285417
0.0008,0.5,0.1,0.965,12024.56849430664,0.7152317880794702,151,108,43,0.31532074038768526,12290.839263416641,12224.56849430664,625,0.5551470588235294,0.4768211920529801,121,8,8,1000.1456953642385,0.004849698305727314,0,3002577,277.8376056933599,12302.4061,12024.56849430664,12.636931667
0.0008,0.5,0.1,0.97,12024.56849430664,0.7152317880794702,151,108,43,0.31532074038768526,12290.839263416641,12224.56849430664,625,0.5551470588235294,0.4768211920529801,121,8,8,1000.1456953642385,0.004849698305727314,0,3002577,277.8376056933599,12302.4061,12024.56849430664,12.5071585
0.0008,0.5,0.1,0.975,12024.56849430664,0.7152317880794702,151,108,43,0.31532074038768526,12290.839263416641,12224.56849430664,625,0.5551470588235294,0.4768211920529801,121,8,8,1000.1456953642385,0.004849698305727314,0,3002577,277.8376056933599,12302.4061,12024.56849430664,12.67973975
0.0008,0.5,0.1,0.98,12024.56849430664,0.7152317880794702,151,108,43,0.31532074038768526,12290.839263416641,12224.56849430664,625,0.5551470588235294,0.4768211920529801,121,8,8,1000.1456953642385,0.004849698305727314,0,3002577,277.8376056933599,12302.4061,12024.56849430664,12.699180458
0.0008,0.5,0.1,0.985,11743.649159906641,0.7105263157894737,152,108,44,0.31532074038768526,12290.839263416641,11943.649159906641,629,0.5507246376811594,0.48026315789473684,124,9,9,1000.1447368421053,0.004798365141306894,0,3002577,281.0369400933599,12024.6861,11743.649159906641,12.84477
0.0008,0.5,0.125,0.965,13509.679363974083,0.7152317880794702,151,108,43,0.323334180478331,13775.950133084083,13709.679363974083,625,0.5551470588235294,0.5496688741721855,121,8,8,1000.1456953642385,0.0053155320092657665,0,3002577,318.57843602592,13828.257800000003,13509.679363974083,12.73412125
0.0008,0.5,0.125,0.97,13509.679363974083,0.7152317880794702,151,108,43,0.323334180478331,13775.950133084083,13709.679363974083,625,0.5551470588235294,0.5496688741721855,121,8,8,1000.1456953642385,0.0053155320092657665,0,3002577,318.57843602592,13828.257800000003,13509.679363974083,12.759451959
0.0008,0.5,0.125,0.975,13509.679363974083,0.7152317880794702,151,108,43,0.323334180478331,13775.950133084083,13709.679363974083,625,0.5551470588235294,0.5496688741721855,121,8,8,1000.1456953642385,0.0053155320092657665,0,3002577,318.57843602592,13828.257800000003,13509.679363974083,12.605113916
0.0008,0.5,0.125,0.98,13509.679363974083,0.7152317880794702,151,108,43,0.323334180478331,13775.950133084083,13709.679363974083,625,0.5551470588235294,0.5496688741721855,121,8,8,1000.1456953642385,0.0053155320092657665,0,3002577,318.57843602592,13828.257800000003,13509.679363974083,12.804871167
0.0008,0.5,0.125,0.985,13228.760029574083,0.7105263157894737,152,108,44,0.323334180478331,13775.950133084083,13428.760029574083,629,0.5507246376811594,0.5526315789473685,124,9,9,1000.1447368421053,0.005266514493288631,0,3002577,321.77777042592,13550.537800000004,13228.760029574083,12.660415042
0.0008,0.55,0.03,0.965,9336.77034693544,0.7741935483870968,279,216,63,0.1476534793599997,9665.93622557856,9536.77034693544,839,0.665871121718377,0.0967741935483871,140,1,1,1000.1254480286739,0.004751300728920706,0,3002577,211.92375306456003,9548.6941,9336.77034693544,13.069966917
0.0008,0.55,0.03,0.97,9336.77034693544,0.7741935483870968,279,216,63,0.1476534793599997,9665.93622557856,9536.77034693544,839,0.665871121718377,0.0967741935483871,140,1,1,1000.1254480286739,0.004751300728920706,0,3002577,211.92375306456003,9548.6941,9336.77034693544,12.772343
0.0008,0.55,0.03,0.975,9336.77034693544,0.7741935483870968,279,216,63,0.1476534793599997,9665.93622557856,9536.77034693544,839,0.665871121718377,0.0967741935483871,140,1,1,1000.1254480286739,0.004751300728920706,0,3002577,211.92375306456003,9548.6941,9336.77034693544,12.881723625
0.0008,0.55,0.03,0.98,9336.77034693544,0.7741935483870968,279,216,63,0.1476534793599997,9665.93622557856,9536.77034693544,839,0.665871121718377,0.0967741935483871,140,1,1,1000.1254480286739,0.004751300728920706,0,3002577,211.92375306456003,9548.6941,9336.77034693544,12.689310542
0.0008,0.55,0.03,0.985,9101.28849093544,0.7714285714285715,280,216,64,0.1476534793599997,9665.93622557856,9301.28849093544,843,0.6619385342789598,0.09642857142857143,143,2,2,1000.125,0.004692993906576322,0,3002577,214.60560906456004,9315.8941,9101.28849093544,12.518712
0.0008,0.55,0.05,0.965,23206.148552507675,0.7612456747404844,289,220,69,0.2246803487199999,23535.314431150797,23406.148552507675,839,0.6282608695652174,0.2698961937716263,171,8,8,1000.0934256055364,0.005025016689369586,0,3002577,517.16484749232,23723.313399999995,23206.148552507675,12.625769958
0.0008,0.55,0.05,0.97,23206.148552507675,0.7612456747404844,289,220,69,0.2246803487199999,23535.314431150797,23406.148552507675,839,0.6282608695652174,0.2698961937716263,171,8,8,1000.0934256055364,0.005025016689369586,0,3002577,517.16484749232,23723.313399999995,23206.148552507675,12.804546291
0.0008,0.55,0.05,0.975,23206.148552507675,0.7612456747404844,289,220,69,0.2246803487199999,23535.314431150797,23406.148552507675,839,0.6282608695652174,0.2698961937716263,171,8,8,1000.0934256055364,0.005025016689369586,0,3002577,517.16484749232,23723.313399999995,23206.148552507675,12.885574833
0.0008,0.55,0.05,0.98,23206.148552507675,0.7612456747404844,289,220,69,0.2246803487199999,23535.314431150797,23406.148552507675,839,0.6282608695652174,0.2698961937716263,171,8,8,1000.0934256055364,0.005025016689369586,0,3002577,517.16484749232,23723.313399999995,23206.148552507675,12.76025075
0.0008,0.55,0.05,0.985,22925.229218107674,0.7586206896551724,290,220,70,0.2246803487199999,23535.314431150797,23125.229218107674,843,0.625,0.27241379310344827,174,9,9,1000.0931034482759,0.004994593905036859,0,3002577,520.36418189232,23445.593399999994,22925.229218107674,12.954834958
0.0008,0.55,0.075,0.965,29742.011481462803,0.7586206896551724,290,220,70,0.32080849728000005,30071.177360105925,29942.011481462803,839,0.6290672451193059,0.42758620689655175,171,8,8,1000.1103448275862,0.005427228547003163,0,3002577,695.1898185371998,30437.201300000004,29742.011481462803,12.79603325
0.0008,0.55,0.075,0.97,29742.011481462803,0.7586206896551724,290,220,70,0.32080849728000005,30071.177360105925,29942.011481462803,839,0.6290672451193059,0.42758620689655175,171,8,8,1000.1103448275862,0.005427228547003163,0,3002577,695.1898185371998,30437.201300000004,29742.011481462803,12.847404083
0.0008,0.55,0.075,0.975,29742.011481462803,0.7586206896551724,290,220,70,0.32080849728000005,30071.177360105925,29942.011481462803,839,0.6290672451193059,0.42758620689655175,171,8,8,1000.1103448275862,0.005427228547003163,0,3002577,695.1898185371998,30437.201300000004,29742.011481462803,12.737925582999999
0.0008,0.55,0.075,0.98,29742.011481462803,0.7586206896551724,290,220,70,0.32080849728000005,30071.177360105925,29942.011481462803,839,0.6290672451193059,0.42758620689655175,171,8,8,1000.1103448275862,0.005427228547003163,0,3002577,695.1898185371998,30437.201300000004,29742.011481462803,12.780452125
0.0008,0.55,0.075,0.985,29461.0921470628,0.7560137457044673,291,220,71,0.32080849728000005,30071.177360105925,29661.0921470628,843,0.6258064516129033,0.42955326460481097,174,9,9,1000.1099656357388,0.0054027562060662655,0,3002577,698.3891529371998,30159.481300000003,29461.0921470628,12.808782458
0.0008,0.55,0.1,0.965,32389.546438312012,0.7612456747404844,289,220,69,0.34912323188,32718.712316955134,32589.546438312012,839,0.6282608695652174,0.5432525951557093,171,8,8,1000.1141868512111,0.005505571678912411,0,3002577,786.0229616880002,33175.569400000015,32389.546438312012,12.843695708
0.0008,0.55,0.1,0.97,32389.546438312012,0.7612456747404844,289,220,69,0.34912323188,32718.712316955134,32589.546438312012,839,0.6282608695652174,0.5432525951557093,171,8,8,1000.1141868512111,0.005505571678912411,0,3002577,786.0229616880002,33175.569400000015,32389.546438312012,12.740804458
0.0008,0.55,0.1,0.975,32389.546438312012,0.7612456747404844,289,220,69,0.34912323188,32718.712316955134,32589.546438312012,839,0.6282608695652174,0.5432525951557093,171,8,8,1000.1141868512111,0.005505571678912411,0,3002577,786.0229616880002,33175.569400000015,32389.546438312012,12.962625208
0.0008,0.55,0.1,0.98,32389.546438312012,0.7612456747404844,289,220,69,0.34912323188,32718.712316955134,32589.546438312012,839,0.6282608695652174,0.5432525951557093,171,8,8,1000.1141868512111,0.005505571678912411,0,3002577,786.0229616880002,33175.569400000015,32389.546438312012,12.799603416
0.0008,0.55,0.1,0.985,32108.62710391201,0.7586206896551724,290,220,70,0.34912323188,32718.712316955134,32308.62710391201,843,0.625,0.5448275862068965,174,9,9,1000.1137931034483,0.005483679500412213,0,3002577,789.2222960880002,32897.849400000014,32108.62710391201,12.785357917
0.0008,0.55,0.125,0.965,-107.36677525600001,0.125,8,1,7,0.53683387628,200,92.63322474399999,840,0.6666666666666666,0.125,4,0,0,1000.25,0.03268817204301077,0,3002577,2.5967752560000004,-104.77000000000001,-107.36677525600001,12.835358
0.0008,0.55,0.125,0.97,-107.36677525600001,0.125,8,1,7,0.53683387628,200,92.63322474399999,840,0.6666666666666666,0.125,4,0,0,1000.25,0.03268817204301077,0,3002577,2.5967752560000004,-104.77000000000001,-107.36677525600001,14.139047792
0.0008,0.55,0.125,0.975,-107.36677525600001,0.125,8,1,7,0.53683387628,200,92.63322474399999,840,0.6666666666666666,0.125,4,0,0,1000.25,0.03268817204301077,0,3002577,2.5967752560000004,-104.77000000000001,-107.36677525600001,13.047323
0.0008,0.55,0.125,0.98,-107.36677525600001,0.125,8,1,7,0.53683387628,200,92.63322474399999,840,0.6666666666666666,0.125,4,0,0,1000.25,0.03268817204301077,0,3002577,2.5967752560000004,-104.77000000000001,-107.36677525600001,14.00050275
0.0008,0.55,0.125,0.985,-107.36677525600001,0.125,8,1,7,0.53683387628,200,92.63322474399999,844,0.6666666666666666,0.125,4,0,0,1000.25,0.03268817204301077,0,3002577,2.5967752560000004,-104.77000000000001,-107.36677525600001,13.004590042
0.0008,0.6,0.03,0.965,14189.93568284184,0.771505376344086,372,287,85,0.1257608934127857,14710.33948403792,14389.93568284184,946,0.6678635547576302,0.12634408602150538,185,8,8,1000.0860215053764,0.010330874083111539,0,3002577,349.24301715816017,14539.1787,14189.93568284184,13.236141375
0.0008,0.6,0.03,0.97,14189.93568284184,0.771505376344086,372,287,85,0.1257608934127857,14710.33948403792,14389.93568284184,946,0.6678635547576302,0.12634408602150538,185,8,8,1000.0860215053764,0.010330874083111539,0,3002577,349.24301715816017,14539.1787,14189.93568284184,14.490005959
0.0008,0.6,0.03,0.975,14189.93568284184,0.771505376344086,372,287,85,0.1257608934127857,14710.33948403792,14389.93568284184,946,0.6678635547576302,0.12634408602150538,185,8,8,1000.0860215053764,0.010330874083111539,0,3002577,349.24301715816017,14539.1787,14189.93568284184,13.252855542
0.0008,0.6,0.03,0.98,14189.93568284184,0.771505376344086,372,287,85,0.1257608934127857,14710.33948403792,14389.93568284184,946,0.6678635547576302,0.12634408602150538,185,8,8,1000.0860215053764,0.010330874083111539,0,3002577,349.24301715816017,14539.1787,14189.93568284184,13.056161666
0.0008,0.6,0.03,0.985,13909.01634844184,0.7694369973190348,373,287,86,0.1257608934127857,14710.33948403792,14109.01634844184,951,0.6637010676156584,0.128686327077748,189,9,9,1000.0857908847184,0.010236504281498252,0,3002577,352.44235155816017,14261.458700000001,13909.01634844184,12.186803416
0.0008,0.6,0.05,0.965,31164.154682383043,0.7700534759358288,374,288,86,0.18665488364148486,31684.558483579123,31364.154682383043,946,0.669051878354204,0.35561497326203206,185,8,8,1000.0855614973262,0.009127592047989222,0,3002577,781.6869176169596,31945.841600000003,31164.154682383043,12.703183083
0.0008,0.6,0.05,0.97,31164.154682383043,0.7700534759358288,374,288,86,0.18665488364148486,31684.558483579123,31364.154682383043,946,0.669051878354204,0.35561497326203206,185,8,8,1000.0855614973262,0.009127592047989222,0,3002577,781.6869176169596,31945.841600000003,31164.154682383043,12.703645333
0.0008,0.6,0.05,0.975,31164.154682383043,0.7700534759358288,374,288,86,0.18665488364148486,31684.558483579123,31364.154682383043,946,0.669051878354204,0.35561497326203206,185,8,8,1000.0855614973262,0.009127592047989222,0,3002577,781.6869176169596,31945.841600000003,31164.154682383043,14.238015875
0.0008,0.6,0.05,0.98,31164.154682383043,0.7700534759358288,374,288,86,0.18665488364148486,31684.558483579123,31364.154682383043,946,0.669051878354204,0.35561497326203206,185,8,8,1000.0855614973262,0.009127592047989222,0,3002577,781.6869176169596,31945.841600000003,31164.154682383043,13.227809167
0.0008,0.6,0.05,0.985,30883.23534798304,0.768,375,288,87,0.18665488364148486,31684.558483579123,31083.23534798304,951,0.6648936170212766,0.35733333333333334,189,9,9,1000.0853333333333,0.009090189685987363,0,3002577,784.8862520169596,31668.121600000002,30883.23534798304,12.938479375
0.0008,0.6,0.075,0.965,36738.0759424526,0.7700534759358288,374,288,86,0.26741400587879977,37258.47974364868,36938.0759424526,946,0.669051878354204,0.5294117647058824,185,8,8,1000.1016042780749,0.009154423756196642,0,3002577,975.6603575474398,37713.73630000003,36738.0759424526,12.207333459
0.0008,0.6,0.075,0.97,36738.0759424526,0.7700534759358288,374,288,86,0.26741400587879977,37258.47974364868,36938.0759424526,946,0.669051878354204,0.5294117647058824,185,8,8,1000.1016042780749,0.009154423756196642,0,3002577,975.6603575474398,37713.73630000003,36738.0759424526,12.711326958
0.0008,0.6,0.075,0.975,36738.0759424526,0.7700534759358288,374,288,86,0.26741400587879977,37258.47974364868,36938.0759424526,946,0.669051878354204,0.5294117647058824,185,8,8,1000.1016042780749,0.009154423756196642,0,3002577,975.6603575474398,37713.73630000003,36738.0759424526,12.701697708
0.0008,0.6,0.075,0.98,36738.0759424526,0.7700534759358288,374,288,86,0.26741400587879977,37258.47974364868,36938.0759424526,946,0.669051878354204,0.5294117647058824,185,8,8,1000.1016042780749,0.009154423756196642,0,3002577,975.6603575474398,37713.73630000003,36738.0759424526,12.272736
0.0008,0.6,0.075,0.985,36457.156608052595,0.768,375,288,87,0.26741400587879977,37258.47974364868,36657.156608052595,951,0.6648936170212766,0.5306666666666666,189,9,9,1000.1013333333333,0.009124452041012377,0,3002577,978.8596919474398,37436.01630000003,36457.156608052595,12.692522125
0.0008,0.6,0.1,0.965,38817.53513554453,0.7694369973190348,373,287,86,0.3539378032071484,39337.93893674061,39017.53513554453,946,0.6684587813620072,0.6273458445040214,185,8,8,1000.0991957104558,0.009684704222263283,0,3002577,1050.9998644555194,39868.53500000005,38817.53513554453,12.779823
0.0008,0.6,0.1,0.97,38817.53513554453,0.7694369973190348,373,287,86,0.3539378032071484,39337.93893674061,39017.53513554453,946,0.6684587813620072,0.6273458445040214,185,8,8,1000.0991957104558,0.009684704222263283,0,3002577,1050.9998644555194,39868.53500000005,38817.53513554453,12.61699575
0.0008,0.6,0.1,0.975,38817.53513554453,0.7694369973190348,373,287,86,0.3539378032071484,39337.93893674061,39017.53513554453,946,0.6684587813620072,0.6273458445040214,185,8,8,1000.0991957104558,0.009684704222263283,0,3002577,1050.9998644555194,39868.53500000005,38817.53513554453,13.010080709
0.0008,0.6,0.1,0.98,38817.53513554453,0.7694369973190348,373,287,86,0.3539378032071484,39337.93893674061,39017.53513554453,946,0.6684587813620072,0.6273458445040214,185,8,8,1000.0991957104558,0.009684704222263283,0,3002577,1050.9998644555194,39868.53500000005,38817.53513554453,12.806630541
0.0008,0.6,0.1,0.985,38536.61580114453,0.767379679144385,374,287,87,0.3539378032071484,39337.93893674061,38736.61580114453,951,0.6642984014209592,0.6283422459893048,189,9,9,1000.0989304812834,0.009655296184733124,0,3002577,1054.1991988555194,39590.815000000046,38536.61580114453,13.924060208
0.0008,0.6,0.125,0.965,40226.606357605255,0.771505376344086,372,287,85,0.3476018132079422,40747.010158801335,40426.606357605255,946,0.6690647482014388,0.6747311827956989,184,8,8,1000.1021505376344,0.010457665383817044,0,3002577,1105.9665423947993,41332.57290000006,40226.606357605255,13.5799835
0.0008,0.6,0.125,0.97,40226.606357605255,0.771505376344086,372,287,85,0.3476018132079422,40747.010158801335,40426.606357605255,946,0.6690647482014388,0.6747311827956989,184,8,8,1000.1021505376344,0.010457665383817044,0,3002577,1105.9665423947993,41332.57290000006,40226.606357605255,13.166501125
0.0008,0.6,0.125,0.975,40226.606357605255,0.771505376344086,372,287,85,0.3476018132079422,40747.010158801335,40426.606357605255,946,0.6690647482014388,0.6747311827956989,184,8,8,1000.1021505376344,0.010457665383817044,0,3002577,1105.9665423947993,41332.57290000006,40226.606357605255,12.174612083
0.0008,0.6,0.125,0.98,40226.606357605255,0.771505376344086,372,287,85,0.3476018132079422,40747.010158801335,40426.606357605255,946,0.6690647482014388,0.6747311827956989,184,8,8,1000.1021505376344,0.010457665383817044,0,3002577,1105.9665423947993,41332.57290000006,40226.606357605255,12.791120124999999
0.0008,0.6,0.125,0.985,39945.68702320525,0.7694369973190348,373,287,86,0.3476018132079422,40747.010158801335,40145.68702320525,951,0.6648841354723708,0.675603217158177,188,9,9,1000.1018766756032,0.010427535670768139,0,3002577,1109.1658767947993,41054.852900000056,39945.68702320525,12.801531166
0.0008,0.65,0.03,0.965,14943.935694532,0.7787810383747178,443,345,98,0.13720930276276583,15326.60774092664,15143.935694532,1051,0.678407350689127,0.13544018058690746,210,8,8,1000.1151241534989,0.012360955555443568,0,3002577,382.35190546800004,15326.2876,14943.935694532,12.781088834
0.0008,0.65,0.03,0.97,14943.935694532,0.7787810383747178,443,345,98,0.13720930276276583,15326.60774092664,15143.935694532,1051,0.678407350689127,0.13544018058690746,210,8,8,1000.1151241534989,0.012360955555443568,0,3002577,382.35190546800004,15326.2876,14943.935694532,13.122995459
0.0008,0.65,0.03,0.975,14943.935694532,0.7787810383747178,443,345,98,0.13720930276276583,15326.60774092664,15143.935694532,1051,0.678407350689127,0.13544018058690746,210,8,8,1000.1151241534989,0.012360955555443568,0,3002577,382.35190546800004,15326.2876,14943.935694532,12.915215833
0.0008,0.65,0.03,0.98,14943.935694532,0.7787810383747178,443,345,98,0.13720930276276583,15326.60774092664,15143.935694532,1051,0.678407350689127,0.13544018058690746,210,8,8,1000.1151241534989,0.012360955555443568,0,3002577,382.35190546800004,15326.2876,14943.935694532,12.898201333
0.0008,0.65,0.03,0.985,14663.016360132,0.777027027027027,444,345,99,0.13720930276276583,15312.83375619776,14863.016360132,1055,0.6757990867579908,0.1373873873873874,213,9,9,1000.1148648648649,0.012256830203326746,0,3002577,385.55123986800004,15048.5676,14663.016360132,12.877978791
0.0008,0.65,0.05,0.965,32067.423049421217,0.7767857142857143,448,348,100,0.19070199112559796,32450.095095815854,32267.423049421217,1051,0.6850152905198776,0.3549107142857143,206,8,8,1000.1138392857143,0.012655018441060152,0,3002577,844.1814505788,32911.604500000016,32067.423049421217,12.747372584
0.0008,0.65,0.05,0.97,32067.423049421217,0.7767857142857143,448,348,100,0.19070199112559796,32450.095095815854,32267.423049421217,1051,0.6850152905198776,0.3549107142857143,206,8,8,1000.1138392857143,0.012655018441060152,0,3002577,844.1814505788,32911.604500000016,32067.423049421217,12.720233459
0.0008,0.65,0.05,0.975,32067.423049421217,0.7767857142857143,448,348,100,0.19070199112559796,32450.095095815854,32267.423049421217,1051,0.6850152905198776,0.3549107142857143,206,8,8,1000.1138392857143,0.012655018441060152,0,3002577,844.1814505788,32911.604500000016,32067.423049421217,12.778643667
0.0008,0.65,0.05,0.98,32067.423049421217,0.7767857142857143,448,348,100,0.19070199112559796,32450.095095815854,32267.423049421217,1051,0.6850152905198776,0.3549107142857143,206,8,8,1000.1138392857143,0.012655018441060152,0,3002577,844.1814505788,32911.604500000016,32067.423049421217,13.086425292
0.0008,0.65,0.05,0.985,31786.503715021216,0.7750556792873051,449,348,101,0.19070199112559796,32436.32111108697,31986.503715021216,1055,0.682370820668693,0.35634743875278396,209,9,9,1000.1135857461024,0.012606495637079908,0,3002577,847.3807849788,32633.884500000015,31786.503715021216,12.849275375
0.0008,0.65,0.075,0.965,37899.35376860883,0.7767857142857143,448,348,100,0.27856096166667915,38282.02581500347,38099.35376860883,1051,0.6850152905198776,0.5334821428571429,206,8,8,1000.1272321428571,0.013547514851997013,0,3002577,1064.9456313911996,38964.29940000003,37899.35376860883,12.946815125
0.0008,0.65,0.075,0.97,37899.35376860883,0.7767857142857143,448,348,100,0.27856096166667915,38282.02581500347,38099.35376860883,1051,0.6850152905198776,0.5334821428571429,206,8,8,1000.1272321428571,0.013547514851997013,0,3002577,1064.9456313911996,38964.29940000003,37899.35376860883,13.224760958
0.0008,0.65,0.075,0.975,37899.35376860883,0.7767857142857143,448,348,100,0.27856096166667915,38282.02581500347,38099.35376860883,1051,0.6850152905198776,0.5334821428571429,206,8,8,1000.1272321428571,0.013547514851997013,0,3002577,1064.9456313911996,38964.29940000003,37899.35376860883,13.00357325
0.0008,0.65,0.075,0.98,37899.35376860883,0.7767857142857143,448,348,100,0.27856096166667915,38282.02581500347,38099.35376860883,1051,0.6850152905198776,0.5334821428571429,206,8,8,1000.1272321428571,0.013547514851997013,0,3002577,1064.9456313911996,38964.29940000003,37899.35376860883,13.022936708
0.0008,0.65,0.075,0.985,37618.43443420883,0.7750556792873051,449,348,101,0.27856096166667915,38268.251830274596,37818.43443420883,1055,0.682370820668693,0.534521158129176,209,9,9,1000.1269487750557,0.013506299595239921,0,3002577,1068.1449657911996,38686.57940000003,37618.43443420883,12.954768583
0.0008,0.65,0.1,0.965,39705.86713102236,0.7765237020316027,443,344,99,0.39221749768566294,40088.539177417,39905.86713102236,1051,0.6794478527607362,0.600451467268623,209,8,8,1000.1264108352144,0.014073818685908776,0,3002577,1132.7097689776795,40838.57690000004,39705.86713102236,12.938548792
0.0008,0.65,0.1,0.97,39705.86713102236,0.7765237020316027,443,344,99,0.39221749768566294,40088.539177417,39905.86713102236,1051,0.6794478527607362,0.600451467268623,209,8,8,1000.1264108352144,0.014073818685908776,0,3002577,1132.7097689776795,40838.57690000004,39705.86713102236,13.034953459
0.0008,0.65,0.1,0.975,39705.86713102236,0.7765237020316027,443,344,99,0.39221749768566294,40088.539177417,39905.86713102236,1051,0.6794478527607362,0.600451467268623,209,8,8,1000.1264108352144,0.014073818685908776,0,3002577,1132.7097689776795,40838.57690000004,39705.86713102236,12.821500959
0.0008,0.65,0.1,0.98,39705.86713102236,0.7765237020316027,443,344,99,0.39221749768566294,40088.539177417,39905.86713102236,1051,0.6794478527607362,0.600451467268623,209,8,8,1000.1264108352144,0.014073818685908776,0,3002577,1132.7097689776795,40838.57690000004,39705.86713102236,14.120956125
0.0008,0.65,0.1,0.985,39424.94779662236,0.7747747747747747,444,344,100,0.39221749768566294,40074.76519268812,39624.94779662236,1055,0.676829268292683,0.6013513513513513,212,9,9,1000.1261261261261,0.014033569567659259,0,3002577,1135.9091033776795,40560.856900000035,39424.94779662236,13.430425666
0.0008,0.65,0.125,0.965,40523.77964296068,0.7765237020316027,443,344,99,0.36528751478388477,40906.45168935532,40723.77964296068,1052,0.6846986089644513,0.636568848758465,204,8,8,1000.1286681715576,0.014599208894088403,0,3002577,1173.7011570393593,41697.48080000004,40523.77964296068,12.942242708
0.0008,0.65,0.125,0.97,40523.77964296068,0.7765237020316027,443,344,99,0.36528751478388477,40906.45168935532,40723.77964296068,1052,0.6846986089644513,0.636568848758465,204,8,8,1000.1286681715576,0.014599208894088403,0,3002577,1173.7011570393593,41697.48080000004,40523.77964296068,12.264024667
0.0008,0.65,0.125,0.975,40523.77964296068,0.7765237020316027,443,344,99,0.36528751478388477,40906.45168935532,40723.77964296068,1052,0.6846986089644513,0.636568848758465,204,8,8,1000.1286681715576,0.014599208894088403,0,3002577,1173.7011570393593,41697.48080000004,40523.77964296068,12.757337042
0.0008,0.65,0.125,0.98,40523.77964296068,0.7765237020316027,443,344,99,0.36528751478388477,40906.45168935532,40723.77964296068,1052,0.6846986089644513,0.636568848758465,204,8,8,1000.1286681715576,0.014599208894088403,0,3002577,1173.7011570393593,41697.48080000004,40523.77964296068,12.756489167
0.0008,0.65,0.125,0.985,40242.86030856068,0.7747747747747747,444,344,100,0.36528751478388477,40892.67770462645,40442.86030856068,1056,0.6820276497695853,0.6373873873873874,207,9,9,1000.1283783783783,0.014558889540192275,0,3002577,1176.9004914393593,41419.76080000004,40242.86030856068,12.938627833
0.0008,0.7,0.03,0.965,13833.824298670954,0.7700934579439253,535,412,123,0.23472053753470024,14284.590083824316,14033.824298670954,1176,0.7020997375328084,0.12897196261682242,227,8,8,1000.1626168224299,0.0192689490839653,0,3002577,396.4112013290399,14230.235499999993,13833.824298670954,13.014677958
0.0008,0.7,0.03,0.97,13833.824298670954,0.7700934579439253,535,412,123,0.23472053753470024,14284.590083824316,14033.824298670954,1176,0.7020997375328084,0.12897196261682242,227,8,8,1000.1626168224299,0.0192689490839653,0,3002577,396.4112013290399,14230.235499999993,13833.824298670954,12.958089
0.0008,0.7,0.03,0.975,13833.824298670954,0.7700934579439253,535,412,123,0.23472053753470024,14284.590083824316,14033.824298670954,1176,0.7020997375328084,0.12897196261682242,227,8,8,1000.1626168224299,0.0192689490839653,0,3002577,396.4112013290399,14230.235499999993,13833.824298670954,12.937896666
0.0008,0.7,0.03,0.98,13833.824298670954,0.7700934579439253,535,412,123,0.23472053753470024,14284.590083824316,14033.824298670954,1176,0.7020997375328084,0.12897196261682242,227,8,8,1000.1626168224299,0.0192689490839653,0,3002577,396.4112013290399,14230.235499999993,13833.824298670954,13.110645041
0.0008,0.7,0.03,0.985,13552.904964270954,0.7686567164179104,536,412,124,0.23472053753470024,14284.590083824316,13752.904964270954,1180,0.6997389033942559,0.13059701492537312,230,9,9,1000.1623134328358,0.01910965807459202,0,3002577,399.6105357290399,13952.515499999994,13552.904964270954,12.872351
0.0008,0.7,0.05,0.965,31130.09047428193,0.7676579925650557,538,413,125,0.2526317272791571,31580.856259435284,31330.09047428193,1176,0.7078947368421052,0.3104089219330855,222,8,8,1000.1635687732341,0.021007300202896633,0,3002577,872.8241257180802,32002.91460000001,31130.09047428193,12.933669375000001
0.0008,0.7,0.05,0.97,31130.09047428193,0.7676579925650557,538,413,125,0.2526317272791571,31580.856259435284,31330.09047428193,1176,0.7078947368421052,0.3104089219330855,222,8,8,1000.1635687732341,0.021007300202896633,0,3002577,872.8241257180802,32002.91460000001,31130.09047428193,12.807194917
0.0008,0.7,0.05,0.975,31130.09047428193,0.7676579925650557,538,413,125,0.2526317272791571,31580.856259435284,31330.09047428193,1176,0.7078947368421052,0.3104089219330855,222,8,8,1000.1635687732341,0.021007300202896633,0,3002577,872.8241257180802,32002.91460000001,31130.09047428193,12.903791
0.0008,0.7,0.05,0.98,31130.09047428193,0.7676579925650557,538,413,125,0.2526317272791571,31580.856259435284,31330.09047428193,1176,0.7078947368421052,0.3104089219330855,222,8,8,1000.1635687732341,0.021007300202896633,0,3002577,872.8241257180802,32002.91460000001,31130.09047428193,12.822962583
0.0008,0.7,0.05,0.985,30849.171139881928,0.7662337662337663,539,413,126,0.2526317272791571,31580.856259435284,31049.171139881928,1180,0.7054973821989529,0.3116883116883117,225,9,9,1000.1632653061224,0.020928249542752925,0,3002577,876.0234601180802,31725.19460000001,30849.171139881928,13.089995292
0.0008,0.7,0.075,0.965,37080.1828810021,0.7666666666666667,540,414,126,0.31803449423439945,37530.94866615546,37280.1828810021,1176,0.709592641261498,0.46111111111111114,221,8,8,1000.174074074074,0.021277069599479913,0,3002577,1110.41911899792,38190.60200000002,37080.1828810021,12.966150292
0.0008,0.7,0.075,0.97,37080.1828810021,0.7666666666666667,540,414,126,0.31803449423439945,37530.94866615546,37280.1828810021,1176,0.709592641261498,0.46111111111111114,221,8,8,1000.174074074074,0.021277069599479913,0,3002577,1110.41911899792,38190.60200000002,37080.1828810021,12.98218575
0.0008,0.7,0.075,0.975,37080.1828810021,0.7666666666666667,540,414,126,0.31803449423439945,37530.94866615546,37280.1828810021,1176,0.709592641261498,0.46111111111111114,221,8,8,1000.174074074074,0.021277069599479913,0,3002577,1110.41911899792,38190.60200000002,37080.1828810021,13.206767416
0.0008,0.7,0.075,0.98,37080.1828810021,0.7666666666666667,540,414,126,0.31803449423439945,37530.94866615546,37280.1828810021,1176,0.709592641261498,0.46111111111111114,221,8,8,1000.174074074074,0.021277069599479913,0,3002577,1110.41911899792,38190.60200000002,37080.1828810021,13.094584167
0.0008,0.7,0.075,0.985,36799.2635466021,0.7652495378927912,541,414,127,0.31803449423439945,37530.94866615546,36999.2635466021,1180,0.7071895424836602,0.46210720887245843,224,9,9,1000.1737523105361,0.02121409654748969,0,3002577,1113.61845339792,37912.88200000002,36799.2635466021,13.051898
0.0008,0.7,0.1,0.965,39661.073859390985,0.7695167286245354,538,414,124,0.3403433553943999,40111.83964454434,39861.073859390985,1176,0.7069645203679369,0.5594795539033457,223,8,8,1000.1728624535316,0.021390573471319684,0,3002577,1228.2160406090397,40889.289900000025,39661.073859390985,12.998460792
0.0008,0.7,0.1,0.97,39661.073859390985,0.7695167286245354,538,414,124,0.3403433553943999,40111.83964454434,39861.073859390985,1176,0.7069645203679369,0.5594795539033457,223,8,8,1000.1728624535316,0.021390573471319684,0,3002577,1228.2160406090397,40889.289900000025,39661.073859390985,12.948652208
0.0008,0.7,0.1,0.975,39661.073859390985,0.7695167286245354,538,414,124,0.3403433553943999,40111.83964454434,39861.073859390985,1176,0.7069645203679369,0.5594795539033457,223,8,8,1000.1728624535316,0.021390573471319684,0,3002577,1228.2160406090397,40889.289900000025,39661.073859390985,13.237034292
0.0008,0.7,0.1,0.98,39661.073859390985,0.7695167286245354,538,414,124,0.3403433553943999,40111.83964454434,39861.073859390985,1176,0.7069645203679369,0.5594795539033457,223,8,8,1000.1728624535316,0.021390573471319684,0,3002577,1228.2160406090397,40889.289900000025,39661.073859390985,12.985205166
0.0008,0.7,0.1,0.985,39380.15452499098,0.7680890538033395,539,414,125,0.3403433553943999,40111.83964454434,39580.15452499098,1180,0.7045751633986929,0.5602968460111317,226,9,9,1000.1725417439703,0.021333293721664263,0,3002577,1231.4153750090397,40611.569900000024,39380.15452499098,13.388065875
0.0008,0.7,0.125,0.965,41007.48078680074,0.7695167286245354,538,414,124,0.4119562684744,41458.2465719541,41207.48078680074,1176,0.7069645203679369,0.5929368029739777,223,8,8,1000.1728624535316,0.021603376816184107,0,3002577,1281.0225131992788,42288.50330000002,41007.48078680074,13.010120166
0.0008,0.7,0.125,0.97,41007.48078680074,0.7695167286245354,538,414,124,0.4119562684744,41458.2465719541,41207.48078680074,1176,0.7069645203679369,0.5929368029739777,223,8,8,1000.1728624535316,0.021603376816184107,0,3002577,1281.0225131992788,42288.50330000002,41007.48078680074,12.950522459
0.0008,0.7,0.125,0.975,41007.48078680074,0.7695167286245354,538,414,124,0.4119562684744,41458.2465719541,41207.48078680074,1176,0.7069645203679369,0.5929368029739777,223,8,8,1000.1728624535316,0.021603376816184107,0,3002577,1281.0225131992788,42288.50330000002,41007.48078680074,12.902158416
0.0008,0.7,0.125,0.98,41007.48078680074,0.7695167286245354,538,414,124,0.4119562684744,41458.2465719541,41207.48078680074,1176,0.7069645203679369,0.5929368029739777,223,8,8,1000.1728624535316,0.021603376816184107,0,3002577,1281.0225131992788,42288.50330000002,41007.48078680074,13.077837291
0.0008,0.7,0.125,0.985,40726.56145240074,0.7680890538033395,539,414,125,0.4119562684744,41458.2465719541,40926.56145240074,1180,0.7045751633986929,0.5936920222634509,226,9,9,1000.1725417439703,0.021547865868772432,0,3002577,1284.2218475992788,42010.78330000002,40726.56145240074,13.17159925
0.001,0.5,0.03,0.965,511.24203502136015,0.7191011235955056,89,64,25,0.1554440385855896,730.9368520213601,711.2420350213602,522,0.6592592592592592,0.033707865168539325,46,0,0,1000.1573033707865,0.006156611616672286,0,3002577,14.752064978640002,525.9941000000001,511.24203502136015,12.77072075
0.001,0.5,0.03,0.97,511.24203502136015,0.7191011235955056,89,64,25,0.1554440385855896,730.9368520213601,711.2420350213602,522,0.6592592592592592,0.033707865168539325,46,0,0,1000.1573033707865,0.006156611616672286,0,3002577,14.752064978640002,525.9941000000001,511.24203502136015,12.58561725
0.001,0.5,0.03,0.975,511.24203502136015,0.7191011235955056,89,64,25,0.1554440385855896,730.9368520213601,711.2420350213602,522,0.6592592592592592,0.033707865168539325,46,0,0,1000.1573033707865,0.006156611616672286,0,3002577,14.752064978640002,525.9941000000001,511.24203502136015,12.70240975
0.001,0.5,0.03,0.98,511.24203502136015,0.7191011235955056,89,64,25,0.1554440385855896,730.9368520213601,711.2420350213602,522,0.6592592592592592,0.033707865168539325,46,0,0,1000.1573033707865,0.006156611616672286,0,3002577,14.752064978640002,525.9941000000001,511.24203502136015,12.629261708
0.001,0.5,0.03,0.985,511.24203502136015,0.7191011235955056,89,64,25,0.1554440385855896,730.9368520213601,711.2420350213602,526,0.6496350364963503,0.033707865168539325,48,0,0,1000.1573033707865,0.006156611616672286,0,3002577,14.752064978640002,525.9941000000001,511.24203502136015,12.597509
0.001,0.5,0.05,0.965,1126.5533372520001,0.6868686868686869,99,68,31,0.2498664844681166,1389.759959252,1326.5533372520001,522,0.592814371257485,0.08080808080808081,68,8,8,1000.060606060606,0.004786474516623087,0,3002577,32.200262748000014,1158.7536000000002,1126.5533372520001,12.734093292
0.001,0.5,0.05,0.97,1126.5533372520001,0.6868686868686869,99,68,31,0.2498664844681166,1389.759959252,1326.5533372520001,522,0.592814371257485,0.08080808080808081,68,8,8,1000.060606060606,0.004786474516623087,0,3002577,32.200262748000014,1158.7536000000002,1126.5533372520001,12.633989708
0.001,0.5,0.05,0.975,1126.5533372520001,0.6868686868686869,99,68,31,0.2498664844681166,1389.759959252,1326.5533372520001,522,0.592814371257485,0.08080808080808081,68,8,8,1000.060606060606,0.004786474516623087,0,3002577,32.200262748000014,1158.7536000000002,1126.5533372520001,12.5607085
0.001,0.5,0.05,0.98,1126.5533372520001,0.6868686868686869,99,68,31,0.2498664844681166,1389.759959252,1326.5533372520001,522,0.592814371257485,0.08080808080808081,68,8,8,1000.060606060606,0.004786474516623087,0,3002577,32.200262748000014,1158.7536000000002,1126.5533372520001,12.593286667
0.001,0.5,0.05,0.985,1072.335865252,0.68,100,68,32,0.2498664844681166,1389.759959252,1272.335865252,526,0.5847953216374269,0.08,71,9,9,1000.06,0.004704785533612344,0,3002577,32.817734748000014,1105.1536,1072.335865252,12.700838208
0.001,0.5,0.075,0.965,2526.1691013471204,0.6868686868686869,99,68,31,0.3748264969828976,2792.4398704571204,2726.1691013471204,522,0.553072625698324,0.18181818181818182,80,8,8,1000.0909090909091,0.0043162528779764125,0,3002577,64.47059865288,2590.6397000000006,2526.1691013471204,12.65568625
0.001,0.5,0.075,0.97,2526.1691013471204,0.6868686868686869,99,68,31,0.3748264969828976,2792.4398704571204,2726.1691013471204,522,0.553072625698324,0.18181818181818182,80,8,8,1000.0909090909091,0.0043162528779764125,0,3002577,64.47059865288,2590.6397000000006,2526.1691013471204,12.72320875
0.001,0.5,0.075,0.975,2526.1691013471204,0.6868686868686869,99,68,31,0.3748264969828976,2792.4398704571204,2726.1691013471204,522,0.553072625698324,0.18181818181818182,80,8,8,1000.0909090909091,0.0043162528779764125,0,3002577,64.47059865288,2590.6397000000006,2526.1691013471204,12.649903917
0.001,0.5,0.075,0.98,2526.1691013471204,0.6868686868686869,99,68,31,0.3748264969828976,2792.4398704571204,2726.1691013471204,522,0.553072625698324,0.18181818181818182,80,8,8,1000.0909090909091,0.0043162528779764125,0,3002577,64.47059865288,2590.6397000000006,2526.1691013471204,12.657238334
0.001,0.5,0.075,0.985,2357.8521733471202,0.68,100,68,32,0.3748264969828976,2792.4398704571204,2557.8521733471202,526,0.546448087431694,0.18,83,9,9,1000.09,0.004202108250299735,0,3002577,66.38752665288,2424.2397,2357.8521733471202,12.627740082999999
0.001,0.5,0.1,0.965,4784.615038156481,0.696969696969697,99,69,30,0.3435568910675585,5050.885807266482,4984.615038156481,522,0.559322033898305,0.3434343434343434,78,8,8,1000.0909090909091,0.004525693732197804,0,3002577,118.51636184351997,4903.131400000001,4784.615038156481,12.818478917
0.001,0.5,0.1,0.97,4784.615038156481,0.696969696969697,99,69,30,0.3435568910675585,5050.885807266482,4984.615038156481,522,0.559322033898305,0.3434343434343434,78,8,8,1000.0909090909091,0.004525693732197804,0,3002577,118.51636184351997,4903.131400000001,4784.615038156481,12.512269333999999
0.001,0.5,0.1,0.975,4784.615038156481,0.696969696969697,99,69,30,0.3435568910675585,5050.885807266482,4984.615038156481,522,0.559322033898305,0.3434343434343434,78,8,8,1000.0909090909091,0.004525693732197804,0,3002577,118.51636184351997,4903.131400000001,4784.615038156481,12.541756792
0.001,0.5,0.1,0.98,4784.615038156481,0.696969696969697,99,69,30,0.3435568910675585,5050.885807266482,4984.615038156481,522,0.559322033898305,0.3434343434343434,78,8,8,1000.0909090909091,0.004525693732197804,0,3002577,118.51636184351997,4903.131400000001,4784.615038156481,12.759917792
0.001,0.5,0.1,0.985,4503.695703756482,0.69,100,69,31,0.3435568910675585,5050.885807266482,4703.695703756482,526,0.5524861878453039,0.35,81,9,9,1000.09,0.004416196283444022,0,3002577,121.71569624351997,4625.411400000002,4503.695703756482,12.577687625
0.001,0.5,0.125,0.965,6191.370849645679,0.69,100,69,31,0.4237620221639112,6457.64161875568,6391.370849645679,522,0.5649717514124294,0.45,77,8,8,1000.11,0.0047986016322801375,0,3002577,152.38225035431998,6343.753099999999,6191.370849645679,12.614358
0.001,0.5,0.125,0.97,6191.370849645679,0.69,100,69,31,0.4237620221639112,6457.64161875568,6391.370849645679,522,0.5649717514124294,0.45,77,8,8,1000.11,0.0047986016322801375,0,3002577,152.38225035431998,6343.753099999999,6191.370849645679,12.666041958
0.001,0.5,0.125,0.975,6191.370849645679,0.69,100,69,31,0.4237620221639112,6457.64161875568,6391.370849645679,522,0.5649717514124294,0.45,77,8,8,1000.11,0.0047986016322801375,0,3002577,152.38225035431998,6343.753099999999,6191.370849645679,12.903536375
0.001,0.5,0.125,0.98,6191.370849645679,0.69,100,69,31,0.4237620221639112,6457.64161875568,6391.370849645679,522,0.5649717514124294,0.45,77,8,8,1000.11,0.0047986016322801375,0,3002577,152.38225035431998,6343.753099999999,6191.370849645679,12.765810209
0.001,0.5,0.125,0.985,5910.45151524568,0.6831683168316832,101,69,32,0.4237620221639112,6457.64161875568,6110.45151524568,526,0.5580110497237569,0.45544554455445546,80,9,9,1000.1089108910891,0.004707881959042482,0,3002577,155.58158475431998,6066.0331,5910.45151524568,12.644791459
0.001,0.55,0.03,0.965,2914.71520019016,0.8022598870056498,177,142,35,0.14018145054771755,3205.05188126216,3114.71520019016,662,0.6807692307692308,0.03954802259887006,83,0,0,1000.1073446327683,0.00459311317763239,0,3002577,69.44389980983999,2984.1591,2914.71520019016,12.769158333
0.001,0.55,0.03,0.97,2914.71520019016,0.8022598870056498,177,142,35,0.14018145054771755,3205.05188126216,3114.71520019016,662,0.6807692307692308,0.03954802259887006,83,0,0,1000.1073446327683,0.00459311317763239,0,3002577,69.44389980983999,2984.1591,2914.71520019016,12.710972584
0.001,0.55,0.03,0.975,2914.71520019016,0.8022598870056498,177,142,35,0.14018145054771755,3205.05188126216,3114.71520019016,662,0.6807692307692308,0.03954802259887006,83,0,0,1000.1073446327683,0.00459311317763239,0,3002577,69.44389980983999,2984.1591,2914.71520019016,12.735560292
0.001,0.55,0.03,0.98,2914.71520019016,0.8022598870056498,177,142,35,0.14018145054771755,3205.05188126216,3114.71520019016,662,0.6807692307692308,0.03954802259887006,83,0,0,1000.1073446327683,0.00459311317763239,0,3002577,69.44389980983999,2984.1591,2914.71520019016,12.651993625
0.001,0.55,0.03,0.985,2837.83968019016,0.797752808988764,178,142,36,0.14018145054771755,3205.05188126216,3037.83968019016,666,0.6742424242424242,0.03932584269662921,86,1,1,1000.1067415730337,0.00453732411923773,0,3002577,70.31941980983999,2908.1591,2837.83968019016,12.537678125
0.001,0.55,0.05,0.965,10117.913259522958,0.776595744680851,188,146,42,0.22056667303575525,10427.869614030078,10317.913259522958,662,0.6143790849673203,0.2074468085106383,118,9,9,1000.0585106382979,0.00399695126662707,0,3002577,228.61004047704,10346.523299999999,10117.913259522958,12.734758
0.001,0.55,0.05,0.97,10117.913259522958,0.776595744680851,188,146,42,0.22056667303575525,10427.869614030078,10317.913259522958,662,0.6143790849673203,0.2074468085106383,118,9,9,1000.0585106382979,0.00399695126662707,0,3002577,228.61004047704,10346.523299999999,10117.913259522958,12.937871042
0.001,0.55,0.05,0.975,10117.913259522958,0.776595744680851,188,146,42,0.22056667303575525,10427.869614030078,10317.913259522958,662,0.6143790849673203,0.2074468085106383,118,9,9,1000.0585106382979,0.00399695126662707,0,3002577,228.61004047704,10346.523299999999,10117.913259522958,12.794754833
0.001,0.55,0.05,0.98,10117.913259522958,0.776595744680851,188,146,42,0.22056667303575525,10427.869614030078,10317.913259522958,662,0.6143790849673203,0.2074468085106383,118,9,9,1000.0585106382979,0.00399695126662707,0,3002577,228.61004047704,10346.523299999999,10117.913259522958,12.773741917
0.001,0.55,0.05,0.985,9836.993925122959,0.7724867724867724,189,146,43,0.22056667303575525,10427.869614030078,10036.993925122959,666,0.6096774193548387,0.21164021164021163,121,10,10,1000.058201058201,0.003942716228121951,0,3002577,231.80937487704,10068.8033,9836.993925122959,12.831447417
0.001,0.55,0.075,0.965,17720.1537999668,0.776595744680851,188,146,42,0.3076285109555134,18030.11015447392,17920.1537999668,662,0.6163934426229508,0.35106382978723405,117,8,8,1000.0851063829788,0.004221647565730696,0,3002577,398.7649000331999,18118.9187,17720.1537999668,12.836640959
0.001,0.55,0.075,0.97,17720.1537999668,0.776595744680851,188,146,42,0.3076285109555134,18030.11015447392,17920.1537999668,662,0.6163934426229508,0.35106382978723405,117,8,8,1000.0851063829788,0.004221647565730696,0,3002577,398.7649000331999,18118.9187,17720.1537999668,12.832434292
0.001,0.55,0.075,0.975,17720.1537999668,0.776595744680851,188,146,42,0.3076285109555134,18030.11015447392,17920.1537999668,662,0.6163934426229508,0.35106382978723405,117,8,8,1000.0851063829788,0.004221647565730696,0,3002577,398.7649000331999,18118.9187,17720.1537999668,12.714392125
0.001,0.55,0.075,0.98,17720.1537999668,0.776595744680851,188,146,42,0.3076285109555134,18030.11015447392,17920.1537999668,662,0.6163934426229508,0.35106382978723405,117,8,8,1000.0851063829788,0.004221647565730696,0,3002577,398.7649000331999,18118.9187,17720.1537999668,12.617612792
0.001,0.55,0.075,0.985,17439.2344655668,0.7724867724867724,189,146,43,0.3076285109555134,18030.11015447392,17639.2344655668,666,0.6116504854368932,0.3544973544973545,120,9,9,1000.0846560846561,0.0041885825881626745,0,3002577,401.9642344331999,17841.198699999997,17439.2344655668,12.696581416
0.001,0.55,0.1,0.965,21267.5746600188,0.776595744680851,188,146,42,0.33077179548700647,21577.53101452592,21467.5746600188,662,0.6163934426229508,0.4574468085106383,117,8,8,1000.0851063829788,0.004725406262490124,0,3002577,482.72443998119985,21750.2991,21267.5746600188,12.649867167
0.001,0.55,0.1,0.97,21267.5746600188,0.776595744680851,188,146,42,0.33077179548700647,21577.53101452592,21467.5746600188,662,0.6163934426229508,0.4574468085106383,117,8,8,1000.0851063829788,0.004725406262490124,0,3002577,482.72443998119985,21750.2991,21267.5746600188,12.706413291
0.001,0.55,0.1,0.975,21267.5746600188,0.776595744680851,188,146,42,0.33077179548700647,21577.53101452592,21467.5746600188,662,0.6163934426229508,0.4574468085106383,117,8,8,1000.0851063829788,0.004725406262490124,0,3002577,482.72443998119985,21750.2991,21267.5746600188,12.520785209
0.001,0.55,0.1,0.98,21267.5746600188,0.776595744680851,188,146,42,0.33077179548700647,21577.53101452592,21467.5746600188,662,0.6163934426229508,0.4574468085106383,117,8,8,1000.0851063829788,0.004725406262490124,0,3002577,482.72443998119985,21750.2991,21267.5746600188,12.615175459
0.001,0.55,0.1,0.985,20986.655325618798,0.7724867724867724,189,146,43,0.33077179548700647,21577.53101452592,21186.655325618798,666,0.6116504854368932,0.4603174603174603,120,9,9,1000.0846560846561,0.004694837981614588,0,3002577,485.92377438119985,21472.5791,20986.655325618798,12.713488042
0.001,0.55,0.125,0.965,22336.845880664638,0.7754010695187166,187,145,42,0.34082416421065276,22646.80223517176,22536.845880664638,662,0.6171617161716172,0.5240641711229946,116,8,8,1000.0802139037434,0.004974111852073735,0,3002577,515.4477193353599,22852.293599999997,22336.845880664638,12.762028291
0.001,0.55,0.125,0.97,22336.845880664638,0.7754010695187166,187,145,42,0.34082416421065276,22646.80223517176,22536.845880664638,662,0.6171617161716172,0.5240641711229946,116,8,8,1000.0802139037434,0.004974111852073735,0,3002577,515.4477193353599,22852.293599999997,22336.845880664638,12.718800208
0.001,0.55,0.125,0.975,22336.845880664638,0.7754010695187166,187,145,42,0.34082416421065276,22646.80223517176,22536.845880664638,662,0.6171617161716172,0.5240641711229946,116,8,8,1000.0802139037434,0.004974111852073735,0,3002577,515.4477193353599,22852.293599999997,22336.845880664638,12.837105667
0.001,0.55,0.125,0.98,22336.845880664638,0.7754010695187166,187,145,42,0.34082416421065276,22646.80223517176,22536.845880664638,662,0.6171617161716172,0.5240641711229946,116,8,8,1000.0802139037434,0.004974111852073735,0,3002577,515.4477193353599,22852.293599999997,22336.845880664638,12.781072083
0.001,0.55,0.125,0.985,22055.926546264636,0.7712765957446809,188,145,43,0.34082416421065276,22646.80223517176,22255.926546264636,666,0.6123778501628665,0.526595744680851,119,9,9,1000.0797872340426,0.004944047232482607,0,3002577,518.6470537353599,22574.573599999996,22055.926546264636,12.76220625
0.001,0.6,0.03,0.965,3314.4411694996006,0.7878787878787878,231,182,49,0.14521323251763185,3696.0869317716006,3514.4411694996006,734,0.6916167664670658,0.06926406926406926,103,1,1,1000.0432900432901,0.01126633280589857,0,3002577,90.28953050039998,3404.7307000000005,3314.4411694996006,12.981310042
0.001,0.6,0.03,0.97,3314.4411694996006,0.7878787878787878,231,182,49,0.14521323251763185,3696.0869317716006,3514.4411694996006,734,0.6916167664670658,0.06926406926406926,103,1,1,1000.0432900432901,0.01126633280589857,0,3002577,90.28953050039998,3404.7307000000005,3314.4411694996006,12.839876417
0.001,0.6,0.03,0.975,3314.4411694996006,0.7878787878787878,231,182,49,0.14521323251763185,3696.0869317716006,3514.4411694996006,734,0.6916167664670658,0.06926406926406926,103,1,1,1000.0432900432901,0.01126633280589857,0,3002577,90.28953050039998,3404.7307000000005,3314.4411694996006,12.813143833
0.001,0.6,0.03,0.98,3314.4411694996006,0.7878787878787878,231,182,49,0.14521323251763185,3696.0869317716006,3514.4411694996006,734,0.6916167664670658,0.06926406926406926,103,1,1,1000.0432900432901,0.01126633280589857,0,3002577,90.28953050039998,3404.7307000000005,3314.4411694996006,12.969404167
0.001,0.6,0.03,0.985,3227.819557219601,0.7844827586206896,232,182,50,0.14521323251763185,3696.0869317716006,3427.819557219601,738,0.6863905325443787,0.06896551724137931,106,2,2,1000.0431034482758,0.01114700387754855,0,3002577,91.26114278039998,3319.080700000001,3227.819557219601,12.726430542
0.001,0.6,0.05,0.965,13040.939803362717,0.775,240,186,54,0.17711712327784696,13512.150835675036,13240.939803362717,734,0.6451612903225806,0.225,132,8,8,1000.0291666666667,0.01327021645534095,0,3002577,327.2593966372801,13368.199199999997,13040.939803362717,13.014553375
0.001,0.6,0.05,0.97,13040.939803362717,0.775,240,186,54,0.17711712327784696,13512.150835675036,13240.939803362717,734,0.6451612903225806,0.225,132,8,8,1000.0291666666667,0.01327021645534095,0,3002577,327.2593966372801,13368.199199999997,13040.939803362717,12.959055708
0.001,0.6,0.05,0.975,13040.939803362717,0.775,240,186,54,0.17711712327784696,13512.150835675036,13240.939803362717,734,0.6451612903225806,0.225,132,8,8,1000.0291666666667,0.01327021645534095,0,3002577,327.2593966372801,13368.199199999997,13040.939803362717,12.734782916
0.001,0.6,0.05,0.98,13040.939803362717,0.775,240,186,54,0.17711712327784696,13512.150835675036,13240.939803362717,734,0.6451612903225806,0.225,132,8,8,1000.0291666666667,0.01327021645534095,0,3002577,327.2593966372801,13368.199199999997,13040.939803362717,12.704965583
0.001,0.6,0.05,0.985,12760.020468962717,0.7717842323651453,241,186,55,0.17711712327784696,13512.150835675036,12960.020468962717,738,0.6409574468085106,0.22821576763485477,135,9,9,1000.0290456431535,0.013141024993858379,0,3002577,330.4587310372801,13090.479199999998,12760.020468962717,12.717566542
0.001,0.6,0.075,0.965,21162.4694802992,0.775,240,186,54,0.18868291089696954,21633.68051261152,21362.4694802992,734,0.6451612903225806,0.38333333333333336,132,8,8,1000.0291666666667,0.010870178127985951,0,3002577,535.2815197007999,21697.751,21162.4694802992,12.736434917
0.001,0.6,0.075,0.97,21162.4694802992,0.775,240,186,54,0.18868291089696954,21633.68051261152,21362.4694802992,734,0.6451612903225806,0.38333333333333336,132,8,8,1000.0291666666667,0.010870178127985951,0,3002577,535.2815197007999,21697.751,21162.4694802992,12.842148791
0.001,0.6,0.075,0.975,21162.4694802992,0.775,240,186,54,0.18868291089696954,21633.68051261152,21362.4694802992,734,0.6451612903225806,0.38333333333333336,132,8,8,1000.0291666666667,0.010870178127985951,0,3002577,535.2815197007999,21697.751,21162.4694802992,14.237843833
0.001,0.6,0.075,0.98,21162.4694802992,0.775,240,186,54,0.18868291089696954,21633.68051261152,21362.4694802992,734,0.6451612903225806,0.38333333333333336,132,8,8,1000.0291666666667,0.010870178127985951,0,3002577,535.2815197007999,21697.751,21162.4694802992,13.145268708
0.001,0.6,0.075,0.985,20881.5501458992,0.7717842323651453,241,186,55,0.18868291089696954,21633.68051261152,21081.5501458992,738,0.6409574468085106,0.38589211618257263,135,9,9,1000.0290456431535,0.01080542294584604,0,3002577,538.4808541007999,21420.031,20881.5501458992,12.96185875
0.001,0.6,0.1,0.965,23844.897585691848,0.775,240,186,54,0.24826651603916897,24316.108618004168,24044.897585691848,734,0.6451612903225806,0.49583333333333335,132,8,8,1000.0291666666667,0.010621243619558511,0,3002577,619.1464143081599,24464.04400000001,23844.897585691848,12.110627917
0.001,0.6,0.1,0.97,23844.897585691848,0.775,240,186,54,0.24826651603916897,24316.108618004168,24044.897585691848,734,0.6451612903225806,0.49583333333333335,132,8,8,1000.0291666666667,0.010621243619558511,0,3002577,619.1464143081599,24464.04400000001,23844.897585691848,12.641614125
0.001,0.6,0.1,0.975,23844.897585691848,0.775,240,186,54,0.24826651603916897,24316.108618004168,24044.897585691848,734,0.6451612903225806,0.49583333333333335,132,8,8,1000.0291666666667,0.010621243619558511,0,3002577,619.1464143081599,24464.04400000001,23844.897585691848,12.696553875
0.001,0.6,0.1,0.98,23844.897585691848,0.775,240,186,54,0.24826651603916897,24316.108618004168,24044.897585691848,734,0.6451612903225806,0.49583333333333335,132,8,8,1000.0291666666667,0.010621243619558511,0,3002577,619.1464143081599,24464.04400000001,23844.897585691848,12.627882875
0.001,0.6,0.1,0.985,23563.978251291846,0.7717842323651453,241,186,55,0.24826651603916897,24316.108618004168,23763.978251291846,738,0.6409574468085106,0.4979253112033195,135,9,9,1000.0290456431535,0.010566734153673752,0,3002577,622.3457487081599,24186.324000000008,23563.978251291846,12.889412291
0.001,0.6,0.125,0.965,25236.79866743865,0.775,240,186,54,0.2950842006830024,25708.009699750968,25436.79866743865,734,0.6451612903225806,0.5958333333333333,132,8,8,1000.0291666666667,0.010663722411469038,0,3002577,670.52803256136,25907.32670000001,25236.79866743865,12.698681416
0.001,0.6,0.125,0.97,25236.79866743865,0.775,240,186,54,0.2950842006830024,25708.009699750968,25436.79866743865,734,0.6451612903225806,0.5958333333333333,132,8,8,1000.0291666666667,0.010663722411469038,0,3002577,670.52803256136,25907.32670000001,25236.79866743865,12.976580125
0.001,0.6,0.125,0.975,25236.79866743865,0.775,240,186,54,0.2950842006830024,25708.009699750968,25436.79866743865,734,0.6451612903225806,0.5958333333333333,132,8,8,1000.0291666666667,0.010663722411469038,0,3002577,670.52803256136,25907.32670000001,25236.79866743865,12.789429459
0.001,0.6,0.125,0.98,25236.79866743865,0.775,240,186,54,0.2950842006830024,25708.009699750968,25436.79866743865,734,0.6451612903225806,0.5958333333333333,132,8,8,1000.0291666666667,0.010663722411469038,0,3002577,670.52803256136,25907.32670000001,25236.79866743865,12.834322916
0.001,0.6,0.125,0.985,24955.879333038647,0.7717842323651453,241,186,55,0.2950842006830024,25708.009699750968,25155.879333038647,738,0.6409574468085106,0.5975103734439834,135,9,9,1000.0290456431535,0.010613281530496411,0,3002577,673.72736696136,25629.606700000008,24955.879333038647,12.849288209000001
0.001,0.65,0.03,0.965,2900.7235225946397,0.7728937728937729,273,211,62,0.11798044930590249,3257.5356817837596,3100.7235225946397,794,0.6807980049875312,0.06227106227106227,128,3,3,1000.0879120879121,0.014979021525401698,0,3002577,87.47957740535999,2988.2030999999997,2900.7235225946397,12.626552125
0.001,0.65,0.03,0.97,2900.7235225946397,0.7728937728937729,273,211,62,0.11798044930590249,3257.5356817837596,3100.7235225946397,794,0.6807980049875312,0.06227106227106227,128,3,3,1000.0879120879121,0.014979021525401698,0,3002577,87.47957740535999,2988.2030999999997,2900.7235225946397,12.799019
0.001,0.65,0.03,0.975,2900.7235225946397,0.7728937728937729,273,211,62,0.11798044930590249,3257.5356817837596,3100.7235225946397,794,0.6807980049875312,0.06227106227106227,128,3,3,1000.0879120879121,0.014979021525401698,0,3002577,87.47957740535999,2988.2030999999997,2900.7235225946397,12.737323375
0.001,0.65,0.03,0.98,2900.7235225946397,0.7728937728937729,273,211,62,0.11798044930590249,3257.5356817837596,3100.7235225946397,794,0.6807980049875312,0.06227106227106227,128,3,3,1000.0879120879121,0.014979021525401698,0,3002577,87.47957740535999,2988.2030999999997,2900.7235225946397,12.659417083
0.001,0.65,0.03,0.985,2824.1432887706396,0.7700729927007299,274,211,63,0.11798044930590249,3257.5356817837596,3024.1432887706396,798,0.6765432098765433,0.06204379562043796,131,4,4,1000.0875912408759,0.014831914976501067,0,3002577,88.33981122935998,2912.4830999999995,2824.1432887706396,12.885540083
0.001,0.65,0.05,0.965,11751.104018310796,0.7651245551601423,281,215,66,0.16530069178773252,12199.320141881117,11951.104018310796,794,0.6596244131455399,0.19217081850533807,145,8,8,1000.0747330960854,0.01568607375424783,0,3002577,319.76128168920013,12070.865299999996,11751.104018310796,12.94750575
0.001,0.65,0.05,0.97,11751.104018310796,0.7651245551601423,281,215,66,0.16530069178773252,12199.320141881117,11951.104018310796,794,0.6596244131455399,0.19217081850533807,145,8,8,1000.0747330960854,0.01568607375424783,0,3002577,319.76128168920013,12070.865299999996,11751.104018310796,12.794616833
0.001,0.65,0.05,0.975,11751.104018310796,0.7651245551601423,281,215,66,0.16530069178773252,12199.320141881117,11951.104018310796,794,0.6596244131455399,0.19217081850533807,145,8,8,1000.0747330960854,0.01568607375424783,0,3002577,319.76128168920013,12070.865299999996,11751.104018310796,12.901144041
0.001,0.65,0.05,0.98,11751.104018310796,0.7651245551601423,281,215,66,0.16530069178773252,12199.320141881117,11951.104018310796,794,0.6596244131455399,0.19217081850533807,145,8,8,1000.0747330960854,0.01568607375424783,0,3002577,319.76128168920013,12070.865299999996,11751.104018310796,12.976400875
0.001,0.65,0.05,0.985,11470.184683910797,0.7624113475177305,282,215,67,0.16530069178773252,12199.320141881117,11670.184683910797,798,0.6558139534883721,0.1950354609929078,148,9,9,1000.0744680851063,0.015528512968437937,0,3002577,322.96061608920013,11793.145299999996,11470.184683910797,12.75922575
0.001,0.65,0.075,0.965,19565.046414119442,0.7651245551601423,281,215,66,0.2229464592053585,20013.26253768976,19765.046414119442,794,0.6596244131455399,0.3416370106761566,145,8,8,1000.0747330960854,0.015130025324956761,0,3002577,541.3802858805601,20106.426700000004,19565.046414119442,12.895438208
0.001,0.65,0.075,0.97,19565.046414119442,0.7651245551601423,281,215,66,0.2229464592053585,20013.26253768976,19765.046414119442,794,0.6596244131455399,0.3416370106761566,145,8,8,1000.0747330960854,0.015130025324956761,0,3002577,541.3802858805601,20106.426700000004,19565.046414119442,12.878822542
0.001,0.65,0.075,0.975,19565.046414119442,0.7651245551601423,281,215,66,0.2229464592053585,20013.26253768976,19765.046414119442,794,0.6596244131455399,0.3416370106761566,145,8,8,1000.0747330960854,0.015130025324956761,0,3002577,541.3802858805601,20106.426700000004,19565.046414119442,12.907863917
0.001,0.65,0.075,0.98,19565.046414119442,0.7651245551601423,281,215,66,0.2229464592053585,20013.26253768976,19765.046414119442,794,0.6596244131455399,0.3416370106761566,145,8,8,1000.0747330960854,0.015130025324956761,0,3002577,541.3802858805601,20106.426700000004,19565.046414119442,12.939342625
0.001,0.65,0.075,0.985,19284.12707971944,0.7624113475177305,282,215,67,0.2229464592053585,20013.26253768976,19484.12707971944,798,0.6558139534883721,0.34397163120567376,148,9,9,1000.0744680851063,0.015039979376261007,0,3002577,544.5796202805601,19828.706700000002,19284.12707971944,12.815228125
0.001,0.65,0.1,0.965,22464.859079818165,0.7651245551601423,281,215,66,0.292979917203243,22913.075203388482,22664.859079818165,794,0.6596244131455399,0.45195729537366547,145,8,8,1000.0747330960854,0.01491487707647674,0,3002577,637.7196201818399,23102.578700000005,22464.859079818165,12.931515041
0.001,0.65,0.1,0.97,22464.859079818165,0.7651245551601423,281,215,66,0.292979917203243,22913.075203388482,22664.859079818165,794,0.6596244131455399,0.45195729537366547,145,8,8,1000.0747330960854,0.01491487707647674,0,3002577,637.7196201818399,23102.578700000005,22464.859079818165,12.781020417
0.001,0.65,0.1,0.975,22464.859079818165,0.7651245551601423,281,215,66,0.292979917203243,22913.075203388482,22664.859079818165,794,0.6596244131455399,0.45195729537366547,145,8,8,1000.0747330960854,0.01491487707647674,0,3002577,637.7196201818399,23102.578700000005,22464.859079818165,12.793979083
0.001,0.65,0.1,0.98,22464.859079818165,0.7651245551601423,281,215,66,0.292979917203243,22913.075203388482,22664.859079818165,794,0.6596244131455399,0.45195729537366547,145,8,8,1000.0747330960854,0.01491487707647674,0,3002577,637.7196201818399,23102.578700000005,22464.859079818165,13.096388333
0.001,0.65,0.1,0.985,22183.939745418164,0.7624113475177305,282,215,67,0.292979917203243,22913.075203388482,22383.939745418164,798,0.6558139534883721,0.45390070921985815,148,9,9,1000.0744680851063,0.014839684330120905,0,3002577,640.9189545818399,22824.858700000004,22183.939745418164,12.859444166
0.001,0.65,0.125,0.965,23397.838293084176,0.7634408602150538,279,213,66,0.31709640758085655,23846.054416654493,23597.838293084176,794,0.6580188679245284,0.5412186379928315,145,8,8,1000.068100358423,0.014803773383057925,0,3002577,689.7027069158402,24087.541000000016,23397.838293084176,12.930696542
0.001,0.65,0.125,0.97,23397.838293084176,0.7634408602150538,279,213,66,0.31709640758085655,23846.054416654493,23597.838293084176,794,0.6580188679245284,0.5412186379928315,145,8,8,1000.068100358423,0.014803773383057925,0,3002577,689.7027069158402,24087.541000000016,23397.838293084176,12.800267041
0.001,0.65,0.125,0.975,23397.838293084176,0.7634408602150538,279,213,66,0.31709640758085655,23846.054416654493,23597.838293084176,794,0.6580188679245284,0.5412186379928315,145,8,8,1000.068100358423,0.014803773383057925,0,3002577,689.7027069158402,24087.541000000016,23397.838293084176,12.944374833
0.001,0.65,0.125,0.98,23397.838293084176,0.7634408602150538,279,213,66,0.31709640758085655,23846.054416654493,23597.838293084176,794,0.6580188679245284,0.5412186379928315,145,8,8,1000.068100358423,0.014803773383057925,0,3002577,689.7027069158402,24087.541000000016,23397.838293084176,12.812509833
0.001,0.65,0.125,0.985,23116.918958684175,0.7607142857142857,280,213,67,0.31709640758085655,23846.054416654493,23316.918958684175,798,0.6542056074766355,0.5428571428571428,148,9,9,1000.0678571428572,0.014734781317952642,0,3002577,692.9020413158402,23809.821000000014,23116.918958684175,12.749781417
0.001,0.7,0.03,0.965,2549.8634848619204,0.7640117994100295,339,259,80,0.15647133919137649,3062.61998281712,2749.8634848619204,879,0.7047817047817048,0.0471976401179941,142,6,6,1000.0678466076696,0.024486822993173913,0,3002577,94.63331513807991,2644.4968000000003,2549.8634848619204,12.916143917
0.001,0.7,0.03,0.97,2549.8634848619204,0.7640117994100295,339,259,80,0.15647133919137649,3062.61998281712,2749.8634848619204,879,0.7047817047817048,0.0471976401179941,142,6,6,1000.0678466076696,0.024486822993173913,0,3002577,94.63331513807991,2644.4968000000003,2549.8634848619204,12.860414541
0.001,0.7,0.03,0.975,2549.8634848619204,0.7640117994100295,339,259,80,0.15647133919137649,3062.61998281712,2749.8634848619204,879,0.7047817047817048,0.0471976401179941,142,6,6,1000.0678466076696,0.024486822993173913,0,3002577,94.63331513807991,2644.4968000000003,2549.8634848619204,12.897119292
0.001,0.7,0.03,0.98,2549.8634848619204,0.7640117994100295,339,259,80,0.15647133919137649,3062.61998281712,2749.8634848619204,879,0.7047817047817048,0.0471976401179941,142,6,6,1000.0678466076696,0.024486822993173913,0,3002577,94.63331513807991,2644.4968000000003,2549.8634848619204,12.779352375
0.001,0.7,0.03,0.985,2482.5154134939207,0.7617647058823529,340,259,81,0.15647133919137649,3062.61998281712,2682.5154134939207,883,0.7010309278350515,0.047058823529411764,145,7,7,1000.0676470588236,0.0242867221927944,0,3002577,95.39138650607991,2577.9068000000007,2482.5154134939207,12.759301416
0.001,0.7,0.05,0.965,11085.249773765272,0.7587209302325582,344,261,83,0.19488123530053003,11992.533652666794,11285.249773765272,879,0.6935483870967742,0.20348837209302326,152,9,9,1000.0755813953489,0.024841153014305062,0,3002577,345.0268262347201,11430.276599999992,11085.249773765272,12.857473417
0.001,0.7,0.05,0.97,11085.249773765272,0.7587209302325582,344,261,83,0.19488123530053003,11992.533652666794,11285.249773765272,879,0.6935483870967742,0.20348837209302326,152,9,9,1000.0755813953489,0.024841153014305062,0,3002577,345.0268262347201,11430.276599999992,11085.249773765272,12.9958865
0.001,0.7,0.05,0.975,11085.249773765272,0.7587209302325582,344,261,83,0.19488123530053003,11992.533652666794,11285.249773765272,879,0.6935483870967742,0.20348837209302326,152,9,9,1000.0755813953489,0.024841153014305062,0,3002577,345.0268262347201,11430.276599999992,11085.249773765272,12.85999925
0.001,0.7,0.05,0.98,11085.249773765272,0.7587209302325582,344,261,83,0.19488123530053003,11992.533652666794,11285.249773765272,879,0.6935483870967742,0.20348837209302326,152,9,9,1000.0755813953489,0.024841153014305062,0,3002577,345.0268262347201,11430.276599999992,11085.249773765272,12.870137042
0.001,0.7,0.05,0.985,10804.330439365272,0.7565217391304347,345,261,84,0.19488123530053003,11992.533652666794,11004.330439365272,883,0.69,0.20579710144927535,155,10,10,1000.0753623188406,0.02460653000439527,0,3002577,348.2261606347201,11152.556599999993,10804.330439365272,12.843442083
0.001,0.7,0.075,0.965,19462.964672595604,0.7594202898550725,345,262,83,0.20053634149300187,20370.24855149712,19662.964672595604,879,0.6955645161290323,0.34492753623188405,151,8,8,1000.0898550724638,0.02594537346400115,0,3002577,618.3996274043999,20081.364300000005,19462.964672595604,12.721850209
0.001,0.7,0.075,0.97,19462.964672595604,0.7594202898550725,345,262,83,0.20053634149300187,20370.24855149712,19662.964672595604,879,0.6955645161290323,0.34492753623188405,151,8,8,1000.0898550724638,0.02594537346400115,0,3002577,618.3996274043999,20081.364300000005,19462.964672595604,12.728660541
0.001,0.7,0.075,0.975,19462.964672595604,0.7594202898550725,345,262,83,0.20053634149300187,20370.24855149712,19662.964672595604,879,0.6955645161290323,0.34492753623188405,151,8,8,1000.0898550724638,0.02594537346400115,0,3002577,618.3996274043999,20081.364300000005,19462.964672595604,12.77876525
0.001,0.7,0.075,0.98,19462.964672595604,0.7594202898550725,345,262,83,0.20053634149300187,20370.24855149712,19662.964672595604,879,0.6955645161290323,0.34492753623188405,151,8,8,1000.0898550724638,0.02594537346400115,0,3002577,618.3996274043999,20081.364300000005,19462.964672595604,12.823419875
0.001,0.7,0.075,0.985,19182.045338195603,0.7572254335260116,346,262,84,0.20053634149300187,20370.24855149712,19382.045338195603,883,0.692,0.3468208092485549,154,9,9,1000.0895953757225,0.025807885192671114,0,3002577,621.5989618043999,19803.644300000004,19182.045338195603,12.691639625
0.001,0.7,0.1,0.965,21863.23786636976,0.7594202898550725,345,262,83,0.2629679010198042,22770.521745271275,22063.23786636976,879,0.6955645161290323,0.4608695652173913,151,8,8,1000.0898550724638,0.02539098944183783,0,3002577,726.45633363024,22589.6942,21863.23786636976,12.768193625
0.001,0.7,0.1,0.97,21863.23786636976,0.7594202898550725,345,262,83,0.2629679010198042,22770.521745271275,22063.23786636976,879,0.6955645161290323,0.4608695652173913,151,8,8,1000.0898550724638,0.02539098944183783,0,3002577,726.45633363024,22589.6942,21863.23786636976,12.790062666
0.001,0.7,0.1,0.975,21863.23786636976,0.7594202898550725,345,262,83,0.2629679010198042,22770.521745271275,22063.23786636976,879,0.6955645161290323,0.4608695652173913,151,8,8,1000.0898550724638,0.02539098944183783,0,3002577,726.45633363024,22589.6942,21863.23786636976,12.848302334
0.001,0.7,0.1,0.98,21863.23786636976,0.7594202898550725,345,262,83,0.2629679010198042,22770.521745271275,22063.23786636976,879,0.6955645161290323,0.4608695652173913,151,8,8,1000.0898550724638,0.02539098944183783,0,3002577,726.45633363024,22589.6942,21863.23786636976,12.849060958
0.001,0.7,0.1,0.985,21582.31853196976,0.7572254335260116,346,262,84,0.2629679010198042,22770.521745271275,21782.31853196976,883,0.692,0.4624277456647399,154,9,9,1000.0895953757225,0.025276468666564782,0,3002577,729.65566803024,22311.974199999997,21582.31853196976,12.792799792
0.001,0.7,0.125,0.965,22984.488659165607,0.7594202898550725,345,262,83,0.32055861990759205,23891.77253806712,23184.488659165607,879,0.6983805668016194,0.5246376811594203,149,8,8,1000.0898550724638,0.0252626811346348,0,3002577,789.8791408343997,23774.367800000007,22984.488659165607,12.951575583
0.001,0.7,0.125,0.97,22984.488659165607,0.7594202898550725,345,262,83,0.32055861990759205,23891.77253806712,23184.488659165607,879,0.6983805668016194,0.5246376811594203,149,8,8,1000.0898550724638,0.0252626811346348,0,3002577,789.8791408343997,23774.367800000007,22984.488659165607,13.060987542
0.001,0.7,0.125,0.975,22984.488659165607,0.7594202898550725,345,262,83,0.32055861990759205,23891.77253806712,23184.488659165607,879,0.6983805668016194,0.5246376811594203,149,8,8,1000.0898550724638,0.0252626811346348,0,3002577,789.8791408343997,23774.367800000007,22984.488659165607,12.755590917
0.001,0.7,0.125,0.98,22984.488659165607,0.7594202898550725,345,262,83,0.32055861990759205,23891.77253806712,23184.488659165607,879,0.6983805668016194,0.5246376811594203,149,8,8,1000.0898550724638,0.0252626811346348,0,3002577,789.8791408343997,23774.367800000007,22984.488659165607,13.002839042
0.001,0.7,0.125,0.985,22703.569324765605,0.7572254335260116,346,262,84,0.32055861990759205,23891.77253806712,22903.569324765605,883,0.6947791164658634,0.5260115606936416,152,9,9,1000.0895953757225,0.02515786695453067,0,3002577,793.0784752343997,23496.647800000006,22703.569324765605,12.822245958
0.0012,0.5,0.03,0.965,236.21158490400012,0.6825396825396826,63,43,20,0.12518956509088688,448.12007890400014,436.2115849040001,478,0.6774193548387096,0,30,0,0,1000.063492063492,0.0055783009211873074,0,3002577,7.958415096,244.17000000000013,236.21158490400012,12.272792541
0.0012,0.5,0.03,0.97,236.21158490400012,0.6825396825396826,63,43,20,0.12518956509088688,448.12007890400014,436.2115849040001,478,0.6774193548387096,0,30,0,0,1000.063492063492,0.0055783009211873074,0,3002577,7.958415096,244.17000000000013,236.21158490400012,12.466962625
0.0012,0.5,0.03,0.975,236.21158490400012,0.6825396825396826,63,43,20,0.12518956509088688,448.12007890400014,436.2115849040001,478,0.6774193548387096,0,30,0,0,1000.063492063492,0.0055783009211873074,0,3002577,7.958415096,244.17000000000013,236.21158490400012,11.29298275
0.0012,0.5,0.03,0.98,236.21158490400012,0.6825396825396826,63,43,20,0.12518956509088688,448.12007890400014,436.2115849040001,478,0.6774193548387096,0,30,0,0,1000.063492063492,0.0055783009211873074,0,3002577,7.958415096,244.17000000000013,236.21158490400012,10.438914667
0.0012,0.5,0.03,0.985,236.21158490400012,0.6825396825396826,63,43,20,0.12518956509088688,448.12007890400014,436.2115849040001,482,0.6774193548387096,0,30,0,0,1000.063492063492,0.0055783009211873074,0,3002577,7.958415096,244.17000000000013,236.21158490400012,12.867450166
0.0012,0.5,0.05,0.965,436.60697967552005,0.6617647058823529,68,45,23,0.18543865742793894,666.83623367552,636.60697967552,478,0.6601941747572816,0.029411764705882353,35,1,1,1000.0588235294117,0.004729891023754934,0,3002577,14.850420324479998,451.45740000000006,436.60697967552005,12.705631667
0.0012,0.5,0.05,0.97,436.60697967552005,0.6617647058823529,68,45,23,0.18543865742793894,666.83623367552,636.60697967552,478,0.6601941747572816,0.029411764705882353,35,1,1,1000.0588235294117,0.004729891023754934,0,3002577,14.850420324479998,451.45740000000006,436.60697967552005,10.380244625
0.0012,0.5,0.05,0.975,436.60697967552005,0.6617647058823529,68,45,23,0.18543865742793894,666.83623367552,636.60697967552,478,0.6601941747572816,0.029411764705882353,35,1,1,1000.0588235294117,0.004729891023754934,0,3002577,14.850420324479998,451.45740000000006,436.60697967552005,12.654644125
0.0012,0.5,0.05,0.98,436.60697967552005,0.6617647058823529,68,45,23,0.18543865742793894,666.83623367552,636.60697967552,478,0.6601941747572816,0.029411764705882353,35,1,1,1000.0588235294117,0.004729891023754934,0,3002577,14.850420324479998,451.45740000000006,436.60697967552005,12.6187685
0.0012,0.5,0.05,0.985,410.7120676755201,0.6521739130434783,69,45,24,0.18543865742793894,666.83623367552,610.7120676755201,482,0.6448598130841121,0.028985507246376812,38,2,2,1000.0579710144928,0.004647331875132956,0,3002577,15.145332324479998,425.8574000000001,410.7120676755201,12.825181458
0.0012,0.5,0.075,0.965,785.3990737266402,0.64,75,48,27,0.2648386777042541,1051.66984283664,985.3990737266402,478,0.539568345323741,0.10666666666666667,64,8,8,1000.0133333333333,0.0044490356836105254,0,3002577,26.32842627336,811.7275000000002,785.3990737266402,12.6712135
0.0012,0.5,0.075,0.97,785.3990737266402,0.64,75,48,27,0.2648386777042541,1051.66984283664,985.3990737266402,478,0.539568345323741,0.10666666666666667,64,8,8,1000.0133333333333,0.0044490356836105254,0,3002577,26.32842627336,811.7275000000002,785.3990737266402,12.652109417
0.0012,0.5,0.075,0.975,785.3990737266402,0.64,75,48,27,0.2648386777042541,1051.66984283664,985.3990737266402,478,0.539568345323741,0.10666666666666667,64,8,8,1000.0133333333333,0.0044490356836105254,0,3002577,26.32842627336,811.7275000000002,785.3990737266402,12.455579834
0.0012,0.5,0.075,0.98,785.3990737266402,0.64,75,48,27,0.2648386777042541,1051.66984283664,985.3990737266402,478,0.539568345323741,0.10666666666666667,64,8,8,1000.0133333333333,0.0044490356836105254,0,3002577,26.32842627336,811.7275000000002,785.3990737266402,12.715639584
0.0012,0.5,0.075,0.985,724.7078737266402,0.631578947368421,76,48,28,0.2648386777042541,1051.66984283664,924.7078737266402,482,0.5314685314685315,0.10526315789473684,67,9,9,1000.0131578947369,0.00434720378423743,0,3002577,27.01962627336,751.7275000000002,724.7078737266402,12.649584
0.0012,0.5,0.1,0.965,1433.7679552072802,0.64,75,48,27,0.3400497256173211,1700.0387243172802,1633.7679552072802,478,0.5474452554744526,0.14666666666666667,62,8,8,1000.0133333333333,0.004418277680140599,0,3002577,40.275144792720006,1474.0431000000003,1433.7679552072802,12.684031208
0.0012,0.5,0.1,0.97,1433.7679552072802,0.64,75,48,27,0.3400497256173211,1700.0387243172802,1633.7679552072802,478,0.5474452554744526,0.14666666666666667,62,8,8,1000.0133333333333,0.004418277680140599,0,3002577,40.275144792720006,1474.0431000000003,1433.7679552072802,12.696197791
0.0012,0.5,0.1,0.975,1433.7679552072802,0.64,75,48,27,0.3400497256173211,1700.0387243172802,1633.7679552072802,478,0.5474452554744526,0.14666666666666667,62,8,8,1000.0133333333333,0.004418277680140599,0,3002577,40.275144792720006,1474.0431000000003,1433.7679552072802,12.856719667
0.0012,0.5,0.1,0.98,1433.7679552072802,0.64,75,48,27,0.3400497256173211,1700.0387243172802,1633.7679552072802,478,0.5474452554744526,0.14666666666666667,62,8,8,1000.0133333333333,0.004418277680140599,0,3002577,40.275144792720006,1474.0431000000003,1433.7679552072802,12.736087208
0.0012,0.5,0.1,0.985,1299.4380992072802,0.631578947368421,76,48,28,0.3400497256173211,1700.0387243172802,1499.4380992072802,482,0.5390070921985816,0.14473684210526316,65,9,9,1000.0131578947369,0.004272493266679256,0,3002577,41.80500079272001,1341.2431000000001,1299.4380992072802,12.673402333
0.0012,0.5,0.125,0.965,2569.21773277664,0.6486486486486487,74,48,26,0.35620590336256797,2835.48850188664,2769.21773277664,478,0.5401459854014599,0.28378378378378377,63,8,8,999.9864864864865,0.0047453390869671855,0,3002577,63.82066722336001,2633.0384,2569.21773277664,12.482124833
0.0012,0.5,0.125,0.97,2569.21773277664,0.6486486486486487,74,48,26,0.35620590336256797,2835.48850188664,2769.21773277664,478,0.5401459854014599,0.28378378378378377,63,8,8,999.9864864864865,0.0047453390869671855,0,3002577,63.82066722336001,2633.0384,2569.21773277664,12.906698167
0.0012,0.5,0.125,0.975,2569.21773277664,0.6486486486486487,74,48,26,0.35620590336256797,2835.48850188664,2769.21773277664,478,0.5401459854014599,0.28378378378378377,63,8,8,999.9864864864865,0.0047453390869671855,0,3002577,63.82066722336001,2633.0384,2569.21773277664,12.696179167
0.0012,0.5,0.125,0.98,2569.21773277664,0.6486486486486487,74,48,26,0.35620590336256797,2835.48850188664,2769.21773277664,478,0.5401459854014599,0.28378378378378377,63,8,8,999.9864864864865,0.0047453390869671855,0,3002577,63.82066722336001,2633.0384,2569.21773277664,12.658147292
0.0012,0.5,0.125,0.985,2288.29839837664,0.64,75,48,27,0.35620590336256797,2835.48850188664,2488.29839837664,482,0.5319148936170213,0.29333333333333333,66,9,9,999.9866666666667,0.004539755872622467,0,3002577,67.02000162336002,2355.3183999999997,2288.29839837664,12.636666
0.0012,0.55,0.03,0.965,848.7707822800007,0.7870370370370371,108,85,23,0.12246103249627943,1078.8830093040008,1048.7707822800007,558,0.6666666666666666,0.009259259259259259,54,0,0,1000.0648148148148,0.004766975182242609,0,3002577,21.419217719999995,870.1900000000007,848.7707822800007,12.704953083
0.0012,0.55,0.03,0.97,848.7707822800007,0.7870370370370371,108,85,23,0.12246103249627943,1078.8830093040008,1048.7707822800007,558,0.6666666666666666,0.009259259259259259,54,0,0,1000.0648148148148,0.004766975182242609,0,3002577,21.419217719999995,870.1900000000007,848.7707822800007,12.753314167
0.0012,0.55,0.03,0.975,848.7707822800007,0.7870370370370371,108,85,23,0.12246103249627943,1078.8830093040008,1048.7707822800007,558,0.6666666666666666,0.009259259259259259,54,0,0,1000.0648148148148,0.004766975182242609,0,3002577,21.419217719999995,870.1900000000007,848.7707822800007,9.314756292
0.0012,0.55,0.03,0.98,848.7707822800007,0.7870370370370371,108,85,23,0.12246103249627943,1078.8830093040008,1048.7707822800007,558,0.6666666666666666,0.009259259259259259,54,0,0,1000.0648148148148,0.004766975182242609,0,3002577,21.419217719999995,870.1900000000007,848.7707822800007,12.573656375
0.0012,0.55,0.03,0.985,822.8758702800008,0.7798165137614679,109,85,24,0.12246103249627943,1078.8830093040008,1022.8758702800008,562,0.6566265060240963,0.009174311926605505,57,1,1,1000.0642201834862,0.004705311666262431,0,3002577,21.714129719999995,844.5900000000007,822.8758702800008,12.826458875
0.0012,0.55,0.05,0.965,2567.9664162272793,0.7542372881355932,118,89,29,0.17277519389637214,2877.9227707343994,2767.9664162272793,558,0.5959595959595959,0.1271186440677966,80,8,8,999.9830508474577,0.00341457627264008,0,3002577,61.84628377271999,2629.8126999999995,2567.9664162272793,12.644367125
0.0012,0.55,0.05,0.97,2567.9664162272793,0.7542372881355932,118,89,29,0.17277519389637214,2877.9227707343994,2767.9664162272793,558,0.5959595959595959,0.1271186440677966,80,8,8,999.9830508474577,0.00341457627264008,0,3002577,61.84628377271999,2629.8126999999995,2567.9664162272793,12.613527375
0.0012,0.55,0.05,0.975,2567.9664162272793,0.7542372881355932,118,89,29,0.17277519389637214,2877.9227707343994,2767.9664162272793,558,0.5959595959595959,0.1271186440677966,80,8,8,999.9830508474577,0.00341457627264008,0,3002577,61.84628377271999,2629.8126999999995,2567.9664162272793,12.481502
0.0012,0.55,0.05,0.98,2567.9664162272793,0.7542372881355932,118,89,29,0.17277519389637214,2877.9227707343994,2767.9664162272793,558,0.5959595959595959,0.1271186440677966,80,8,8,999.9830508474577,0.00341457627264008,0,3002577,61.84628377271999,2629.8126999999995,2567.9664162272793,12.591054625
0.0012,0.55,0.05,0.985,2453.8669602272794,0.7478991596638656,119,89,30,0.17277519389637214,2877.9227707343994,2653.8669602272794,562,0.5891089108910891,0.12605042016806722,83,9,9,999.9831932773109,0.00334711618085749,0,3002577,63.14573977271999,2517.0126999999993,2453.8669602272794,12.750553167
0.0012,0.55,0.075,0.965,6142.728723118481,0.75,120,90,30,0.24359187152806452,6452.685077625601,6342.728723118481,558,0.5769230769230769,0.26666666666666666,88,8,8,1000.0333333333333,0.003129969450817901,0,3002577,136.55877688152,6279.287500000001,6142.728723118481,12.825298833
0.0012,0.55,0.075,0.97,6142.728723118481,0.75,120,90,30,0.24359187152806452,6452.685077625601,6342.728723118481,558,0.5769230769230769,0.26666666666666666,88,8,8,1000.0333333333333,0.003129969450817901,0,3002577,136.55877688152,6279.287500000001,6142.728723118481,12.735388875
0.0012,0.55,0.075,0.975,6142.728723118481,0.75,120,90,30,0.24359187152806452,6452.685077625601,6342.728723118481,558,0.5769230769230769,0.26666666666666666,88,8,8,1000.0333333333333,0.003129969450817901,0,3002577,136.55877688152,6279.287500000001,6142.728723118481,12.771451167
0.0012,0.55,0.075,0.98,6142.728723118481,0.75,120,90,30,0.24359187152806452,6452.685077625601,6342.728723118481,558,0.5769230769230769,0.26666666666666666,88,8,8,1000.0333333333333,0.003129969450817901,0,3002577,136.55877688152,6279.287500000001,6142.728723118481,12.692879167
0.0012,0.55,0.075,0.985,5861.809388718481,0.743801652892562,121,90,31,0.24359187152806452,6452.685077625601,6061.809388718481,562,0.5707547169811321,0.2727272727272727,91,9,9,1000.0330578512396,0.0030607876358000998,0,3002577,139.75811128152,6001.567500000001,5861.809388718481,12.685017875
0.0012,0.55,0.1,0.965,9277.35040447592,0.75,120,90,30,0.31435447434767005,9587.306758983039,9477.35040447592,558,0.5797101449275363,0.35833333333333334,87,8,8,1000.0333333333333,0.0035881441478145737,0,3002577,205.06449552408003,9482.4149,9277.35040447592,12.930933
0.0012,0.55,0.1,0.97,9277.35040447592,0.75,120,90,30,0.31435447434767005,9587.306758983039,9477.35040447592,558,0.5797101449275363,0.35833333333333334,87,8,8,1000.0333333333333,0.0035881441478145737,0,3002577,205.06449552408003,9482.4149,9277.35040447592,12.680845167
0.0012,0.55,0.1,0.975,9277.35040447592,0.75,120,90,30,0.31435447434767005,9587.306758983039,9477.35040447592,558,0.5797101449275363,0.35833333333333334,87,8,8,1000.0333333333333,0.0035881441478145737,0,3002577,205.06449552408003,9482.4149,9277.35040447592,12.462566167
0.0012,0.55,0.1,0.98,9277.35040447592,0.75,120,90,30,0.31435447434767005,9587.306758983039,9477.35040447592,558,0.5797101449275363,0.35833333333333334,87,8,8,1000.0333333333333,0.0035881441478145737,0,3002577,205.06449552408003,9482.4149,9277.35040447592,12.826159875
0.0012,0.55,0.1,0.985,8996.43107007592,0.743801652892562,121,90,31,0.31435447434767005,9587.306758983039,9196.43107007592,562,0.5734597156398105,0.36363636363636365,90,9,9,1000.0330578512396,0.003534956211329972,0,3002577,208.26382992408003,9204.6949,8996.43107007592,12.676442166
0.0012,0.55,0.125,0.965,10855.352265642161,0.75,120,90,30,0.37665737880070244,11165.30862014928,11055.352265642161,558,0.5797101449275363,0.45,87,8,8,1000.0333333333333,0.004448359407298594,0,3002577,246.2564343578401,11101.6087,10855.352265642161,12.714864542
0.0012,0.55,0.125,0.97,10855.352265642161,0.75,120,90,30,0.37665737880070244,11165.30862014928,11055.352265642161,558,0.5797101449275363,0.45,87,8,8,1000.0333333333333,0.004448359407298594,0,3002577,246.2564343578401,11101.6087,10855.352265642161,12.844419167
0.0012,0.55,0.125,0.975,10855.352265642161,0.75,120,90,30,0.37665737880070244,11165.30862014928,11055.352265642161,558,0.5797101449275363,0.45,87,8,8,1000.0333333333333,0.004448359407298594,0,3002577,246.2564343578401,11101.6087,10855.352265642161,12.664458291
0.0012,0.55,0.125,0.98,10855.352265642161,0.75,120,90,30,0.37665737880070244,11165.30862014928,11055.352265642161,558,0.5797101449275363,0.45,87,8,8,1000.0333333333333,0.004448359407298594,0,3002577,246.2564343578401,11101.6087,10855.352265642161,12.480918833
0.0012,0.55,0.125,0.985,10574.432931242161,0.743801652892562,121,90,31,0.37665737880070244,11165.30862014928,10774.432931242161,562,0.5734597156398105,0.45454545454545453,90,9,9,1000.0330578512396,0.004393339368888955,0,3002577,249.4557687578401,10823.888700000001,10574.432931242161,12.401553875
0.0012,0.6,0.03,0.965,769.9567042031997,0.7553956834532374,139,105,34,0.11253903333569054,1019.3585682591997,969.9567042031997,603,0.6847290640394089,0.02877697841726619,64,0,0,1000.115107913669,0.010676154012858484,0,3002577,25.109295796799998,795.0659999999997,769.9567042031997,12.695052709
0.0012,0.6,0.03,0.97,769.9567042031997,0.7553956834532374,139,105,34,0.11253903333569054,1019.3585682591997,969.9567042031997,603,0.6847290640394089,0.02877697841726619,64,0,0,1000.115107913669,0.010676154012858484,0,3002577,25.109295796799998,795.0659999999997,769.9567042031997,12.829269792
0.0012,0.6,0.03,0.975,769.9567042031997,0.7553956834532374,139,105,34,0.11253903333569054,1019.3585682591997,969.9567042031997,603,0.6847290640394089,0.02877697841726619,64,0,0,1000.115107913669,0.010676154012858484,0,3002577,25.109295796799998,795.0659999999997,769.9567042031997,13.049106417
0.0012,0.6,0.03,0.98,769.9567042031997,0.7553956834532374,139,105,34,0.11253903333569054,1019.3585682591997,969.9567042031997,603,0.6847290640394089,0.02877697841726619,64,0,0,1000.115107913669,0.010676154012858484,0,3002577,25.109295796799998,795.0659999999997,769.9567042031997,12.847193625
0.0012,0.6,0.03,0.985,746.1586537471997,0.75,140,105,35,0.11253903333569054,1019.3585682591997,946.1586537471997,607,0.6763285024154589,0.02857142857142857,67,1,1,1000.1142857142858,0.010565484701172433,0,3002577,25.3773462528,771.5359999999996,746.1586537471997,12.799935208
0.0012,0.6,0.05,0.965,2274.40587570472,0.7284768211920529,151,110,41,0.182040510033946,2686.7461526278403,2474.40587570472,603,0.606425702811245,0.11920529801324503,98,8,8,1000.0463576158941,0.010725376743547394,0,3002577,71.41002429528,2345.8159,2274.40587570472,12.758698667
0.0012,0.6,0.05,0.97,2274.40587570472,0.7284768211920529,151,110,41,0.182040510033946,2686.7461526278403,2474.40587570472,603,0.606425702811245,0.11920529801324503,98,8,8,1000.0463576158941,0.010725376743547394,0,3002577,71.41002429528,2345.8159,2274.40587570472,12.787585083
0.0012,0.6,0.05,0.975,2274.40587570472,0.7284768211920529,151,110,41,0.182040510033946,2686.7461526278403,2474.40587570472,603,0.606425702811245,0.11920529801324503,98,8,8,1000.0463576158941,0.010725376743547394,0,3002577,71.41002429528,2345.8159,2274.40587570472,12.739957167
0.0012,0.6,0.05,0.98,2274.40587570472,0.7284768211920529,151,110,41,0.182040510033946,2686.7461526278403,2474.40587570472,603,0.606425702811245,0.11920529801324503,98,8,8,1000.0463576158941,0.010725376743547394,0,3002577,71.41002429528,2345.8159,2274.40587570472,12.727486791
0.0012,0.6,0.05,0.985,2172.70444560072,0.7236842105263158,152,110,42,0.182040510033946,2686.7461526278403,2372.70444560072,607,0.6007905138339921,0.11842105263157894,101,9,9,1000.046052631579,0.010561557346981441,0,3002577,72.54145439927998,2245.2459000000003,2172.70444560072,12.600681292
0.0012,0.6,0.075,0.965,5541.49102502968,0.7284768211920529,151,110,41,0.2354906913948126,6012.7020573419995,5741.49102502968,603,0.606425702811245,0.26490066225165565,98,8,8,1000.0860927152318,0.013122990073984573,0,3002577,156.77327497032,5698.2643,5541.49102502968,12.561316375
0.0012,0.6,0.075,0.97,5541.49102502968,0.7284768211920529,151,110,41,0.2354906913948126,6012.7020573419995,5741.49102502968,603,0.606425702811245,0.26490066225165565,98,8,8,1000.0860927152318,0.013122990073984573,0,3002577,156.77327497032,5698.2643,5541.49102502968,12.694488583
0.0012,0.6,0.075,0.975,5541.49102502968,0.7284768211920529,151,110,41,0.2354906913948126,6012.7020573419995,5741.49102502968,603,0.606425702811245,0.26490066225165565,98,8,8,1000.0860927152318,0.013122990073984573,0,3002577,156.77327497032,5698.2643,5541.49102502968,12.570298417
0.0012,0.6,0.075,0.98,5541.49102502968,0.7284768211920529,151,110,41,0.2354906913948126,6012.7020573419995,5741.49102502968,603,0.606425702811245,0.26490066225165565,98,8,8,1000.0860927152318,0.013122990073984573,0,3002577,156.77327497032,5698.2643,5541.49102502968,12.708346
0.0012,0.6,0.075,0.985,5260.57169062968,0.7236842105263158,152,110,42,0.2354906913948126,6012.7020573419995,5460.57169062968,607,0.6007905138339921,0.26973684210526316,101,9,9,1000.0855263157895,0.012861871555931045,0,3002577,159.97260937032,5420.5443000000005,5260.57169062968,12.588569792
0.0012,0.6,0.1,0.965,8508.849279952161,0.7284768211920529,151,110,41,0.2927890420322105,8980.06031226448,8708.849279952161,603,0.606425702811245,0.32450331125827814,98,8,8,1000.0860927152318,0.012920123385982786,0,3002577,238.93852004783997,8747.7878,8508.849279952161,12.701214291
0.0012,0.6,0.1,0.97,8508.849279952161,0.7284768211920529,151,110,41,0.2927890420322105,8980.06031226448,8708.849279952161,603,0.606425702811245,0.32450331125827814,98,8,8,1000.0860927152318,0.012920123385982786,0,3002577,238.93852004783997,8747.7878,8508.849279952161,12.752749625
0.0012,0.6,0.1,0.975,8508.849279952161,0.7284768211920529,151,110,41,0.2927890420322105,8980.06031226448,8708.849279952161,603,0.606425702811245,0.32450331125827814,98,8,8,1000.0860927152318,0.012920123385982786,0,3002577,238.93852004783997,8747.7878,8508.849279952161,13.299459083
0.0012,0.6,0.1,0.98,8508.849279952161,0.7284768211920529,151,110,41,0.2927890420322105,8980.06031226448,8708.849279952161,603,0.606425702811245,0.32450331125827814,98,8,8,1000.0860927152318,0.012920123385982786,0,3002577,238.93852004783997,8747.7878,8508.849279952161,13.434881083
0.0012,0.6,0.1,0.985,8227.929945552161,0.7236842105263158,152,110,42,0.2927890420322105,8980.06031226448,8427.929945552161,607,0.6007905138339921,0.32894736842105265,101,9,9,1000.0855263157895,0.012749865052714847,0,3002577,242.13785444783997,8470.0678,8227.929945552161,12.741560167
0.0012,0.6,0.125,0.965,9760.81449413472,0.7266666666666667,150,109,41,0.34825909619123674,10232.02552644704,9960.81449413472,603,0.6048387096774194,0.38666666666666666,98,8,8,1000.0866666666667,0.01207366151370826,0,3002577,273.9791058652801,10034.7936,9760.81449413472,13.509182
0.0012,0.6,0.125,0.97,9760.81449413472,0.7266666666666667,150,109,41,0.34825909619123674,10232.02552644704,9960.81449413472,603,0.6048387096774194,0.38666666666666666,98,8,8,1000.0866666666667,0.01207366151370826,0,3002577,273.9791058652801,10034.7936,9760.81449413472,13.26548375
0.0012,0.6,0.125,0.975,9760.81449413472,0.7266666666666667,150,109,41,0.34825909619123674,10232.02552644704,9960.81449413472,603,0.6048387096774194,0.38666666666666666,98,8,8,1000.0866666666667,0.01207366151370826,0,3002577,273.9791058652801,10034.7936,9760.81449413472,12.706458916
0.0012,0.6,0.125,0.98,9760.81449413472,0.7266666666666667,150,109,41,0.34825909619123674,10232.02552644704,9960.81449413472,603,0.6048387096774194,0.38666666666666666,98,8,8,1000.0866666666667,0.01207366151370826,0,3002577,273.9791058652801,10034.7936,9760.81449413472,12.728034749999999
0.0012,0.6,0.125,0.985,9479.89515973472,0.7218543046357616,151,109,42,0.34825909619123674,10232.02552644704,9679.89515973472,607,0.5992063492063492,0.39072847682119205,101,9,9,1000.0860927152318,0.011935238628681413,0,3002577,277.1784402652801,9757.0736,9479.89515973472,12.5563875
0.0012,0.65,0.03,0.965,843.0591359999999,0.7633136094674556,169,129,40,0.11785517475156287,1066.502183656,1043.0591359999999,640,0.7100840336134454,0.01775147928994083,69,0,0,1000.1183431952662,0.014491889421719998,0,3002577,28.800863999999997,871.8599999999999,843.0591359999999,12.743268125
0.0012,0.65,0.03,0.97,843.0591359999999,0.7633136094674556,169,129,40,0.11785517475156287,1066.502183656,1043.0591359999999,640,0.7100840336134454,0.01775147928994083,69,0,0,1000.1183431952662,0.014491889421719998,0,3002577,28.800863999999997,871.8599999999999,843.0591359999999,12.859338625
0.0012,0.65,0.03,0.975,843.0591359999999,0.7633136094674556,169,129,40,0.11785517475156287,1066.502183656,1043.0591359999999,640,0.7100840336134454,0.01775147928994083,69,0,0,1000.1183431952662,0.014491889421719998,0,3002577,28.800863999999997,871.8599999999999,843.0591359999999,12.754407792
0.0012,0.65,0.03,0.98,843.0591359999999,0.7633136094674556,169,129,40,0.11785517475156287,1066.502183656,1043.0591359999999,640,0.7100840336134454,0.01775147928994083,69,0,0,1000.1183431952662,0.014491889421719998,0,3002577,28.800863999999997,871.8599999999999,843.0591359999999,12.582580583
0.0012,0.65,0.03,0.985,817.6426535439999,0.7588235294117647,170,129,41,0.11785517475156287,1066.502183656,1017.6426535439999,644,0.7024793388429752,0.01764705882352941,72,1,1,1000.1176470588235,0.014348487809081682,0,3002577,29.087346456,846.7299999999999,817.6426535439999,12.820749125
0.0012,0.65,0.05,0.965,2485.647696106959,0.7417582417582418,182,135,47,0.18656930594470816,2788.031618522959,2685.647696106959,640,0.6408450704225352,0.11538461538461539,102,8,8,1000.0604395604396,0.014970857701265633,0,3002577,79.00920389304002,2564.656899999999,2485.647696106959,12.805797958
0.0012,0.65,0.05,0.97,2485.647696106959,0.7417582417582418,182,135,47,0.18656930594470816,2788.031618522959,2685.647696106959,640,0.6408450704225352,0.11538461538461539,102,8,8,1000.0604395604396,0.014970857701265633,0,3002577,79.00920389304002,2564.656899999999,2485.647696106959,12.750914791
0.0012,0.65,0.05,0.975,2485.647696106959,0.7417582417582418,182,135,47,0.18656930594470816,2788.031618522959,2685.647696106959,640,0.6408450704225352,0.11538461538461539,102,8,8,1000.0604395604396,0.014970857701265633,0,3002577,79.00920389304002,2564.656899999999,2485.647696106959,12.718063083
0.0012,0.65,0.05,0.98,2485.647696106959,0.7417582417582418,182,135,47,0.18656930594470816,2788.031618522959,2685.647696106959,640,0.6408450704225352,0.11538461538461539,102,8,8,1000.0604395604396,0.014970857701265633,0,3002577,79.00920389304002,2564.656899999999,2485.647696106959,12.7884095
0.0012,0.65,0.05,0.985,2375.044890002959,0.7377049180327869,183,135,48,0.18656930594470816,2788.031618522959,2575.044890002959,644,0.6354166666666666,0.11475409836065574,105,9,9,1000.0601092896175,0.014740875734347207,0,3002577,80.24200999704001,2455.286899999999,2375.044890002959,12.703614125
0.0012,0.65,0.075,0.965,6302.85026438824,0.7417582417582418,182,135,47,0.24037900539677562,6664.10494219344,6502.85026438824,640,0.6408450704225352,0.24175824175824176,102,8,8,1000.0934065934066,0.017958650550123034,0,3002577,184.21363561175994,6487.0639,6302.85026438824,12.684346417
0.0012,0.65,0.075,0.97,6302.85026438824,0.7417582417582418,182,135,47,0.24037900539677562,6664.10494219344,6502.85026438824,640,0.6408450704225352,0.24175824175824176,102,8,8,1000.0934065934066,0.017958650550123034,0,3002577,184.21363561175994,6487.0639,6302.85026438824,12.794580417
0.0012,0.65,0.075,0.975,6302.85026438824,0.7417582417582418,182,135,47,0.24037900539677562,6664.10494219344,6502.85026438824,640,0.6408450704225352,0.24175824175824176,102,8,8,1000.0934065934066,0.017958650550123034,0,3002577,184.21363561175994,6487.0639,6302.85026438824,12.736740583
0.0012,0.65,0.075,0.98,6302.85026438824,0.7417582417582418,182,135,47,0.24037900539677562,6664.10494219344,6502.85026438824,640,0.6408450704225352,0.24175824175824176,102,8,8,1000.0934065934066,0.017958650550123034,0,3002577,184.21363561175994,6487.0639,6302.85026438824,12.907332125
0.0012,0.65,0.075,0.985,6021.930929988241,0.7377049180327869,183,135,48,0.24037900539677562,6664.10494219344,6221.930929988241,644,0.6354166666666666,0.2459016393442623,105,9,9,1000.0928961748634,0.01764787197987072,0,3002577,187.41297001175994,6209.343900000001,6021.930929988241,12.749027291
0.0012,0.65,0.1,0.965,9614.500326254878,0.7417582417582418,182,135,47,0.27975636431512,9975.755004060078,9814.500326254878,640,0.6408450704225352,0.3241758241758242,102,8,8,1000.0934065934066,0.016631484021180958,0,3002577,282.31187374512007,9896.812199999998,9614.500326254878,12.803604417
0.0012,0.65,0.1,0.97,9614.500326254878,0.7417582417582418,182,135,47,0.27975636431512,9975.755004060078,9814.500326254878,640,0.6408450704225352,0.3241758241758242,102,8,8,1000.0934065934066,0.016631484021180958,0,3002577,282.31187374512007,9896.812199999998,9614.500326254878,12.802401917
0.0012,0.65,0.1,0.975,9614.500326254878,0.7417582417582418,182,135,47,0.27975636431512,9975.755004060078,9814.500326254878,640,0.6408450704225352,0.3241758241758242,102,8,8,1000.0934065934066,0.016631484021180958,0,3002577,282.31187374512007,9896.812199999998,9614.500326254878,12.992183333
0.0012,0.65,0.1,0.98,9614.500326254878,0.7417582417582418,182,135,47,0.27975636431512,9975.755004060078,9814.500326254878,640,0.6408450704225352,0.3241758241758242,102,8,8,1000.0934065934066,0.016631484021180958,0,3002577,282.31187374512007,9896.812199999998,9614.500326254878,12.724726
0.0012,0.65,0.1,0.985,9333.580991854878,0.7377049180327869,183,135,48,0.27975636431512,9975.755004060078,9533.580991854878,644,0.6354166666666666,0.32786885245901637,105,9,9,1000.0928961748634,0.016442931313146888,0,3002577,285.51120814512007,9619.0922,9333.580991854878,12.73142025
0.0012,0.65,0.125,0.965,10650.992515612556,0.7430167597765364,179,133,46,0.3284548628377484,11012.247193417756,10850.992515612556,640,0.6370106761565836,0.4022346368715084,102,8,8,1000.0893854748604,0.016321376919604433,0,3002577,316.62078438744,10967.613299999995,10650.992515612556,12.760153833
0.0012,0.65,0.125,0.97,10650.992515612556,0.7430167597765364,179,133,46,0.3284548628377484,11012.247193417756,10850.992515612556,640,0.6370106761565836,0.4022346368715084,102,8,8,1000.0893854748604,0.016321376919604433,0,3002577,316.62078438744,10967.613299999995,10650.992515612556,12.740165875
0.0012,0.65,0.125,0.975,10650.992515612556,0.7430167597765364,179,133,46,0.3284548628377484,11012.247193417756,10850.992515612556,640,0.6370106761565836,0.4022346368715084,102,8,8,1000.0893854748604,0.016321376919604433,0,3002577,316.62078438744,10967.613299999995,10650.992515612556,12.6716035
0.0012,0.65,0.125,0.98,10650.992515612556,0.7430167597765364,179,133,46,0.3284548628377484,11012.247193417756,10850.992515612556,640,0.6370106761565836,0.4022346368715084,102,8,8,1000.0893854748604,0.016321376919604433,0,3002577,316.62078438744,10967.613299999995,10650.992515612556,12.724991667
0.0012,0.65,0.125,0.985,10370.073181212556,0.7388888888888889,180,133,47,0.3284548628377484,11012.247193417756,10570.073181212556,644,0.631578947368421,0.40555555555555556,105,9,9,1000.0888888888888,0.01615653428772617,0,3002577,319.82011878744,10689.893299999996,10370.073181212556,12.745780708
0.0012,0.7,0.03,0.965,887.4627442847197,0.7638888888888888,216,165,51,0.13731947271089903,1142.1407802767199,1087.4627442847197,697,0.7248322147651006,0.023148148148148147,82,1,1,1000.1944444444445,0.019406380669337912,0,3002577,36.45035571528001,923.9130999999998,887.4627442847197,12.96952175
0.0012,0.7,0.03,0.97,887.4627442847197,0.7638888888888888,216,165,51,0.13731947271089903,1142.1407802767199,1087.4627442847197,697,0.7248322147651006,0.023148148148148147,82,1,1,1000.1944444444445,0.019406380669337912,0,3002577,36.45035571528001,923.9130999999998,887.4627442847197,12.713030917
0.0012,0.7,0.03,0.975,887.4627442847197,0.7638888888888888,216,165,51,0.13731947271089903,1142.1407802767199,1087.4627442847197,697,0.7248322147651006,0.023148148148148147,82,1,1,1000.1944444444445,0.019406380669337912,0,3002577,36.45035571528001,923.9130999999998,887.4627442847197,12.823934417
0.0012,0.7,0.03,0.98,887.4627442847197,0.7638888888888888,216,165,51,0.13731947271089903,1142.1407802767199,1087.4627442847197,697,0.7248322147651006,0.023148148148148147,82,1,1,1000.1944444444445,0.019406380669337912,0,3002577,36.45035571528001,923.9130999999998,887.4627442847197,12.940081708
0.0012,0.7,0.03,0.985,861.2370458287196,0.7603686635944701,217,165,52,0.13731947271089903,1142.1407802767199,1061.2370458287196,701,0.7185430463576159,0.02304147465437788,85,2,2,1000.1935483870968,0.01924563202018208,0,3002577,36.74605417128001,897.9830999999996,861.2370458287196,12.770747416
0.0012,0.7,0.05,0.965,2761.26397020216,0.75,224,168,56,0.19133507593300925,3150.64423934936,2961.26397020216,697,0.6666666666666666,0.125,112,9,9,1000.1517857142857,0.020869521256760004,0,3002577,99.74152979783997,2861.0055,2761.26397020216,12.781404417
0.0012,0.7,0.05,0.97,2761.26397020216,0.75,224,168,56,0.19133507593300925,3150.64423934936,2961.26397020216,697,0.6666666666666666,0.125,112,9,9,1000.1517857142857,0.020869521256760004,0,3002577,99.74152979783997,2861.0055,2761.26397020216,12.727513833
0.0012,0.7,0.05,0.975,2761.26397020216,0.75,224,168,56,0.19133507593300925,3150.64423934936,2961.26397020216,697,0.6666666666666666,0.125,112,9,9,1000.1517857142857,0.020869521256760004,0,3002577,99.74152979783997,2861.0055,2761.26397020216,12.644002083
0.0012,0.7,0.05,0.98,2761.26397020216,0.75,224,168,56,0.19133507593300925,3150.64423934936,2961.26397020216,697,0.6666666666666666,0.125,112,9,9,1000.1517857142857,0.020869521256760004,0,3002577,99.74152979783997,2861.0055,2761.26397020216,12.615071208
0.0012,0.7,0.05,0.985,2639.81056964216,0.7466666666666667,225,168,57,0.19133507593300925,3150.64423934936,2839.81056964216,701,0.6617647058823529,0.12444444444444444,115,10,10,1000.1511111111112,0.02058487874227196,0,3002577,101.09493035783998,2740.9055,2639.81056964216,12.640009
0.0012,0.7,0.075,0.965,7167.974188266881,0.7511111111111111,225,169,56,0.22463747476492674,7613.833065083281,7367.974188266881,697,0.6696428571428571,0.27111111111111114,111,8,8,1000.1733333333333,0.023374308411026477,0,3002577,232.77061173312,7400.744800000001,7167.974188266881,12.730727917
0.0012,0.7,0.075,0.97,7167.974188266881,0.7511111111111111,225,169,56,0.22463747476492674,7613.833065083281,7367.974188266881,697,0.6696428571428571,0.27111111111111114,111,8,8,1000.1733333333333,0.023374308411026477,0,3002577,232.77061173312,7400.744800000001,7167.974188266881,12.8773925
0.0012,0.7,0.075,0.975,7167.974188266881,0.7511111111111111,225,169,56,0.22463747476492674,7613.833065083281,7367.974188266881,697,0.6696428571428571,0.27111111111111114,111,8,8,1000.1733333333333,0.023374308411026477,0,3002577,232.77061173312,7400.744800000001,7167.974188266881,12.802101459
0.0012,0.7,0.075,0.98,7167.974188266881,0.7511111111111111,225,169,56,0.22463747476492674,7613.833065083281,7367.974188266881,697,0.6696428571428571,0.27111111111111114,111,8,8,1000.1733333333333,0.023374308411026477,0,3002577,232.77061173312,7400.744800000001,7167.974188266881,12.87456325
0.0012,0.7,0.075,0.985,6887.054853866882,0.7477876106194691,226,169,57,0.22463747476492674,7613.833065083281,7087.054853866882,701,0.6647058823529411,0.2743362831858407,114,9,9,1000.1725663716815,0.023048923858433212,0,3002577,235.96994613312,7123.024800000002,6887.054853866882,12.951632542
0.0012,0.7,0.1,0.965,10396.782801331039,0.7511111111111111,225,169,56,0.2416987196869311,10842.64167814744,10596.782801331039,697,0.6696428571428571,0.37333333333333335,111,8,8,1000.1733333333333,0.02271413822419831,0,3002577,338.76659866896006,10735.5494,10396.782801331039,12.994361
0.0012,0.7,0.1,0.97,10396.782801331039,0.7511111111111111,225,169,56,0.2416987196869311,10842.64167814744,10596.782801331039,697,0.6696428571428571,0.37333333333333335,111,8,8,1000.1733333333333,0.02271413822419831,0,3002577,338.76659866896006,10735.5494,10396.782801331039,13.153216375
0.0012,0.7,0.1,0.975,10396.782801331039,0.7511111111111111,225,169,56,0.2416987196869311,10842.64167814744,10596.782801331039,697,0.6696428571428571,0.37333333333333335,111,8,8,1000.1733333333333,0.02271413822419831,0,3002577,338.76659866896006,10735.5494,10396.782801331039,12.832674292
0.0012,0.7,0.1,0.98,10396.782801331039,0.7511111111111111,225,169,56,0.2416987196869311,10842.64167814744,10596.782801331039,697,0.6696428571428571,0.37333333333333335,111,8,8,1000.1733333333333,0.02271413822419831,0,3002577,338.76659866896006,10735.5494,10396.782801331039,12.820962625
0.0012,0.7,0.1,0.985,10115.86346693104,0.7477876106194691,226,169,57,0.2416987196869311,10842.64167814744,10315.86346693104,701,0.6647058823529411,0.37610619469026546,114,9,9,1000.1725663716815,0.02249697012205218,0,3002577,341.96593306896006,10457.829399999999,10115.86346693104,12.746907458
0.0012,0.7,0.125,0.965,11754.13914760288,0.7511111111111111,225,169,56,0.29607615545904026,12199.998024419281,11954.13914760288,697,0.6696428571428571,0.4444444444444444,111,8,8,1000.1733333333333,0.022567423669206464,0,3002577,397.37325239712,12151.5124,11754.13914760288,12.789502542
0.0012,0.7,0.125,0.97,11754.13914760288,0.7511111111111111,225,169,56,0.29607615545904026,12199.998024419281,11954.13914760288,697,0.6696428571428571,0.4444444444444444,111,8,8,1000.1733333333333,0.022567423669206464,0,3002577,397.37325239712,12151.5124,11754.13914760288,12.792791083000001
0.0012,0.7,0.125,0.975,11754.13914760288,0.7511111111111111,225,169,56,0.29607615545904026,12199.998024419281,11954.13914760288,697,0.6696428571428571,0.4444444444444444,111,8,8,1000.1733333333333,0.022567423669206464,0,3002577,397.37325239712,12151.5124,11754.13914760288,12.801695416
0.0012,0.7,0.125,0.98,11754.13914760288,0.7511111111111111,225,169,56,0.29607615545904026,12199.998024419281,11954.13914760288,697,0.6696428571428571,0.4444444444444444,111,8,8,1000.1733333333333,0.022567423669206464,0,3002577,397.37325239712,12151.5124,11754.13914760288,12.836060375
0.0012,0.7,0.125,0.985,11473.21981320288,0.7477876106194691,226,169,57,0.29607615545904026,12199.998024419281,11673.21981320288,701,0.6647058823529411,0.4469026548672566,114,9,9,1000.1725663716815,0.02238343008721988,0,3002577,400.57258679712,11873.7924,11473.21981320288,12.875743833
0.0014,0.5,0.03,0.965,131.69099115199992,0.7027027027027027,37,26,11,0.07880565610865335,331.6909911519999,331.6909911519999,441,0.6271186440677966,0,22,0,0,1000.081081081081,0.00521153846153846,0,3002577,4.2290088479999985,135.91999999999993,131.69099115199992,14.166096084
0.0014,0.5,0.03,0.97,131.69099115199992,0.7027027027027027,37,26,11,0.07880565610865335,331.6909911519999,331.6909911519999,441,0.6271186440677966,0,22,0,0,1000.081081081081,0.00521153846153846,0,3002577,4.2290088479999985,135.91999999999993,131.69099115199992,13.16881725
0.0014,0.5,0.03,0.975,131.69099115199992,0.7027027027027027,37,26,11,0.07880565610865335,331.6909911519999,331.6909911519999,441,0.6271186440677966,0,22,0,0,1000.081081081081,0.00521153846153846,0,3002577,4.2290088479999985,135.91999999999993,131.69099115199992,12.873137916
0.0014,0.5,0.03,0.98,131.69099115199992,0.7027027027027027,37,26,11,0.07880565610865335,331.6909911519999,331.6909911519999,441,0.6271186440677966,0,22,0,0,1000.081081081081,0.00521153846153846,0,3002577,4.2290088479999985,135.91999999999993,131.69099115199992,11.931553209
0.0014,0.5,0.03,0.985,131.69099115199992,0.7027027027027027,37,26,11,0.07880565610865335,331.6909911519999,331.6909911519999,445,0.6271186440677966,0,22,0,0,1000.081081081081,0.00521153846153846,0,3002577,4.2290088479999985,135.91999999999993,131.69099115199992,12.423133417
0.0014,0.5,0.05,0.965,224.65670090752008,0.675,40,27,13,0.15756923847538154,424.6567009075201,424.6567009075201,441,0.6557377049180327,0.05,21,0,0,1000.05,0.0048585594758510766,0,3002577,7.360699092479999,232.01740000000007,224.65670090752008,12.497095584
0.0014,0.5,0.05,0.97,224.65670090752008,0.675,40,27,13,0.15756923847538154,424.6567009075201,424.6567009075201,441,0.6557377049180327,0.05,21,0,0,1000.05,0.0048585594758510766,0,3002577,7.360699092479999,232.01740000000007,224.65670090752008,12.284003083
0.0014,0.5,0.05,0.975,224.65670090752008,0.675,40,27,13,0.15756923847538154,424.6567009075201,424.6567009075201,441,0.6557377049180327,0.05,21,0,0,1000.05,0.0048585594758510766,0,3002577,7.360699092479999,232.01740000000007,224.65670090752008,12.576607958
0.0014,0.5,0.05,0.98,224.65670090752008,0.675,40,27,13,0.15756923847538154,424.6567009075201,424.6567009075201,441,0.6557377049180327,0.05,21,0,0,1000.05,0.0048585594758510766,0,3002577,7.360699092479999,232.01740000000007,224.65670090752008,12.556191583
0.0014,0.5,0.05,0.985,224.65670090752008,0.675,40,27,13,0.15756923847538154,424.6567009075201,424.6567009075201,445,0.6557377049180327,0.05,21,0,0,1000.05,0.0048585594758510766,0,3002577,7.360699092479999,232.01740000000007,224.65670090752008,12.59042
0.0014,0.5,0.075,0.965,337.98644561464005,0.62,50,31,19,0.29589717674975574,537.98644561464,537.98644561464,441,0.5154639175257731,0.1,47,8,8,999.98,0.004718856870178414,0,3002577,12.14305438536,350.12950000000006,337.98644561464005,12.566737542
0.0014,0.5,0.075,0.97,337.98644561464005,0.62,50,31,19,0.29589717674975574,537.98644561464,537.98644561464,441,0.5154639175257731,0.1,47,8,8,999.98,0.004718856870178414,0,3002577,12.14305438536,350.12950000000006,337.98644561464005,12.48651125
0.0014,0.5,0.075,0.975,337.98644561464005,0.62,50,31,19,0.29589717674975574,537.98644561464,537.98644561464,441,0.5154639175257731,0.1,47,8,8,999.98,0.004718856870178414,0,3002577,12.14305438536,350.12950000000006,337.98644561464005,12.628270042
0.0014,0.5,0.075,0.98,337.98644561464005,0.62,50,31,19,0.29589717674975574,537.98644561464,537.98644561464,441,0.5154639175257731,0.1,47,8,8,999.98,0.004718856870178414,0,3002577,12.14305438536,350.12950000000006,337.98644561464005,12.5497595
0.0014,0.5,0.075,0.985,304.80858961464,0.6078431372549019,51,31,20,0.29589717674975574,537.98644561464,504.80858961464,445,0.504950495049505,0.09803921568627451,50,9,9,999.9803921568628,0.004594022608785422,0,3002577,12.520910385359999,317.32950000000005,304.80858961464,12.60811225
0.0014,0.5,0.1,0.965,421.3361219076801,0.6304347826086957,46,29,17,0.3664538753113677,621.3361219076801,621.3361219076801,441,0.5168539325842697,0.08695652173913043,43,4,4,1000.2173913043479,0.005328813200201286,0,3002577,15.179078092319996,436.51520000000005,421.3361219076801,12.739614208
0.0014,0.5,0.1,0.97,421.3361219076801,0.6304347826086957,46,29,17,0.3664538753113677,621.3361219076801,621.3361219076801,441,0.5168539325842697,0.08695652173913043,43,4,4,1000.2173913043479,0.005328813200201286,0,3002577,15.179078092319996,436.51520000000005,421.3361219076801,12.365433333
0.0014,0.5,0.1,0.975,421.3361219076801,0.6304347826086957,46,29,17,0.3664538753113677,621.3361219076801,621.3361219076801,441,0.5168539325842697,0.08695652173913043,43,4,4,1000.2173913043479,0.005328813200201286,0,3002577,15.179078092319996,436.51520000000005,421.3361219076801,12.505517125
0.0014,0.5,0.1,0.98,421.3361219076801,0.6304347826086957,46,29,17,0.3664538753113677,621.3361219076801,621.3361219076801,441,0.5168539325842697,0.08695652173913043,43,4,4,1000.2173913043479,0.005328813200201286,0,3002577,15.179078092319996,436.51520000000005,421.3361219076801,12.623554375
0.0014,0.5,0.1,0.985,370.3555139076801,0.6170212765957447,47,29,18,0.3664538753113677,621.3361219076801,570.3555139076801,445,0.5053763440860215,0.0851063829787234,46,5,5,1000.2127659574468,0.005156726555091369,0,3002577,15.759686092319996,386.11520000000013,370.3555139076801,12.822168834
0.0014,0.5,0.125,0.965,681.0704176679999,0.675,40,27,13,0.3818815047226653,881.0704176679999,881.0704176679999,441,0.6666666666666666,0.1,20,0,0,1000.2,0.005965736503179294,0,3002577,20.119582332000004,701.1899999999999,681.0704176679999,12.666387125
0.0014,0.5,0.125,0.97,681.0704176679999,0.675,40,27,13,0.3818815047226653,881.0704176679999,881.0704176679999,441,0.6666666666666666,0.1,20,0,0,1000.2,0.005965736503179294,0,3002577,20.119582332000004,701.1899999999999,681.0704176679999,12.729459542
0.0014,0.5,0.125,0.975,681.0704176679999,0.675,40,27,13,0.3818815047226653,881.0704176679999,881.0704176679999,441,0.6666666666666666,0.1,20,0,0,1000.2,0.005965736503179294,0,3002577,20.119582332000004,701.1899999999999,681.0704176679999,12.611506542
0.0014,0.5,0.125,0.98,681.0704176679999,0.675,40,27,13,0.3818815047226653,881.0704176679999,881.0704176679999,441,0.6666666666666666,0.1,20,0,0,1000.2,0.005965736503179294,0,3002577,20.119582332000004,701.1899999999999,681.0704176679999,13.913590750000001
0.0014,0.5,0.125,0.985,590.4382256679999,0.6585365853658537,41,27,14,0.3818815047226653,881.0704176679999,790.4382256679999,445,0.640625,0.0975609756097561,23,1,1,1000.1951219512196,0.005706869164309789,0,3002577,21.151774332000002,611.5899999999999,590.4382256679999,12.944893708
0.0014,0.55,0.03,0.965,391.34918806400015,0.7857142857142857,70,55,15,0.09904594056765882,608.4820068880001,591.3491880640001,497,0.6481481481481481,0,38,0,0,1000,0.004962406015037594,0,3002577,10.430811935999996,401.78000000000014,391.34918806400015,12.879308458
0.0014,0.55,0.03,0.97,391.34918806400015,0.7857142857142857,70,55,15,0.09904594056765882,608.4820068880001,591.3491880640001,497,0.6481481481481481,0,38,0,0,1000,0.004962406015037594,0,3002577,10.430811935999996,401.78000000000014,391.34918806400015,11.911748375
0.0014,0.55,0.03,0.975,391.34918806400015,0.7857142857142857,70,55,15,0.09904594056765882,608.4820068880001,591.3491880640001,497,0.6481481481481481,0,38,0,0,1000,0.004962406015037594,0,3002577,10.430811935999996,401.78000000000014,391.34918806400015,12.460837458
0.0014,0.55,0.03,0.98,391.34918806400015,0.7857142857142857,70,55,15,0.09904594056765882,608.4820068880001,591.3491880640001,497,0.6481481481481481,0,38,0,0,1000,0.004962406015037594,0,3002577,10.430811935999996,401.78000000000014,391.34918806400015,12.752379875
0.0014,0.55,0.03,0.985,391.34918806400015,0.7857142857142857,70,55,15,0.09904594056765882,608.4820068880001,591.3491880640001,501,0.6481481481481481,0,38,0,0,1000,0.004962406015037594,0,3002577,10.430811935999996,401.78000000000014,391.34918806400015,11.975139958
0.0014,0.55,0.05,0.965,868.1637340849597,0.76,75,57,18,0.17370768347696774,1120.6005432129598,1068.1637340849597,497,0.6696428571428571,0.05333333333333334,37,0,0,999.9866666666667,0.004051172707889126,0,3002577,23.065865915039996,891.2295999999998,868.1637340849597,12.42606825
0.0014,0.55,0.05,0.97,868.1637340849597,0.76,75,57,18,0.17370768347696774,1120.6005432129598,1068.1637340849597,497,0.6696428571428571,0.05333333333333334,37,0,0,999.9866666666667,0.004051172707889126,0,3002577,23.065865915039996,891.2295999999998,868.1637340849597,12.593757667
0.0014,0.55,0.05,0.975,868.1637340849597,0.76,75,57,18,0.17370768347696774,1120.6005432129598,1068.1637340849597,497,0.6696428571428571,0.05333333333333334,37,0,0,999.9866666666667,0.004051172707889126,0,3002577,23.065865915039996,891.2295999999998,868.1637340849597,12.420494915999999
0.0014,0.55,0.05,0.98,868.1637340849597,0.76,75,57,18,0.17370768347696774,1120.6005432129598,1068.1637340849597,497,0.6696428571428571,0.05333333333333334,37,0,0,999.9866666666667,0.004051172707889126,0,3002577,23.065865915039996,891.2295999999998,868.1637340849597,12.720898292
0.0014,0.55,0.05,0.985,824.4660700849597,0.75,76,57,19,0.17370768347696774,1120.6005432129598,1024.4660700849597,501,0.6551724137931034,0.05263157894736842,40,1,1,999.9868421052631,0.003969556782569767,0,3002577,23.563529915039997,848.0295999999997,824.4660700849597,13.983400042
0.0014,0.55,0.075,0.965,1858.1140359976803,0.7228915662650602,83,60,23,0.27194069686269207,2168.0703905048003,2058.1140359976803,497,0.5684931506849316,0.10843373493975904,63,8,8,999.9518072289156,0.0035270922666346817,0,3002577,46.93066400232001,1905.0447000000004,1858.1140359976803,13.167132458
0.0014,0.55,0.075,0.97,1858.1140359976803,0.7228915662650602,83,60,23,0.27194069686269207,2168.0703905048003,2058.1140359976803,497,0.5684931506849316,0.10843373493975904,63,8,8,999.9518072289156,0.0035270922666346817,0,3002577,46.93066400232001,1905.0447000000004,1858.1140359976803,13.196368625
0.0014,0.55,0.075,0.975,1858.1140359976803,0.7228915662650602,83,60,23,0.27194069686269207,2168.0703905048003,2058.1140359976803,497,0.5684931506849316,0.10843373493975904,63,8,8,999.9518072289156,0.0035270922666346817,0,3002577,46.93066400232001,1905.0447000000004,1858.1140359976803,12.089380958
0.0014,0.55,0.075,0.98,1858.1140359976803,0.7228915662650602,83,60,23,0.27194069686269207,2168.0703905048003,2058.1140359976803,497,0.5684931506849316,0.10843373493975904,63,8,8,999.9518072289156,0.0035270922666346817,0,3002577,46.93066400232001,1905.0447000000004,1858.1140359976803,12.471064833
0.0014,0.55,0.075,0.985,1731.0671239976803,0.7142857142857143,84,60,24,0.27194069686269207,2168.0703905048003,1931.0671239976803,501,0.56,0.10714285714285714,66,9,9,999.952380952381,0.0034262785735612177,0,3002577,48.377576002320005,1779.4447000000002,1731.0671239976803,12.555509416
0.0014,0.55,0.1,0.965,3165.7435905634397,0.7195121951219512,82,59,23,0.3230952087740718,3475.69994507056,3365.7435905634397,497,0.5466666666666666,0.15853658536585366,68,7,7,1000.0853658536586,0.003335390595249037,0,3002577,74.07930943656,3239.8228999999997,3165.7435905634397,12.390793
0.0014,0.55,0.1,0.97,3165.7435905634397,0.7195121951219512,82,59,23,0.3230952087740718,3475.69994507056,3365.7435905634397,497,0.5466666666666666,0.15853658536585366,68,7,7,1000.0853658536586,0.003335390595249037,0,3002577,74.07930943656,3239.8228999999997,3165.7435905634397,12.809216459
0.0014,0.55,0.1,0.975,3165.7435905634397,0.7195121951219512,82,59,23,0.3230952087740718,3475.69994507056,3365.7435905634397,497,0.5466666666666666,0.15853658536585366,68,7,7,1000.0853658536586,0.003335390595249037,0,3002577,74.07930943656,3239.8228999999997,3165.7435905634397,12.7293745
0.0014,0.55,0.1,0.98,3165.7435905634397,0.7195121951219512,82,59,23,0.3230952087740718,3475.69994507056,3365.7435905634397,497,0.5466666666666666,0.15853658536585366,68,7,7,1000.0853658536586,0.003335390595249037,0,3002577,74.07930943656,3239.8228999999997,3165.7435905634397,12.842486417
0.0014,0.55,0.1,0.985,2888.18250256344,0.7108433734939759,83,59,24,0.3230952087740718,3475.69994507056,3088.18250256344,501,0.538961038961039,0.1566265060240964,71,8,8,1000.0843373493976,0.0032041909073915417,0,3002577,77.24039743656,2965.4229,2888.18250256344,12.735354584
0.0014,0.55,0.125,0.965,3893.167940393599,0.7272727272727273,77,56,21,0.3466816319690092,4203.124294900719,4093.167940393599,497,0.5703703703703704,0.22077922077922077,58,4,4,1000.0909090909091,0.0031812248765189016,0,3002577,88.72985960639998,3981.8977999999993,3893.167940393599,12.818533
0.0014,0.55,0.125,0.97,3893.167940393599,0.7272727272727273,77,56,21,0.3466816319690092,4203.124294900719,4093.167940393599,497,0.5703703703703704,0.22077922077922077,58,4,4,1000.0909090909091,0.0031812248765189016,0,3002577,88.72985960639998,3981.8977999999993,3893.167940393599,13.98299425
0.0014,0.55,0.125,0.975,3893.167940393599,0.7272727272727273,77,56,21,0.3466816319690092,4203.124294900719,4093.167940393599,497,0.5703703703703704,0.22077922077922077,58,4,4,1000.0909090909091,0.0031812248765189016,0,3002577,88.72985960639998,3981.8977999999993,3893.167940393599,13.002309625
0.0014,0.55,0.125,0.98,3893.167940393599,0.7272727272727273,77,56,21,0.3466816319690092,4203.124294900719,4093.167940393599,497,0.5703703703703704,0.22077922077922077,58,4,4,1000.0909090909091,0.0031812248765189016,0,3002577,88.72985960639998,3981.8977999999993,3893.167940393599,13.083105583
0.0014,0.55,0.125,0.985,3612.248605993599,0.717948717948718,78,56,22,0.3466816319690092,4203.124294900719,3812.248605993599,501,0.5611510791366906,0.23076923076923078,61,5,5,1000.0897435897435,0.0030745513502235637,0,3002577,91.92919400639998,3704.177799999999,3612.248605993599,11.960514834
0.0014,0.6,0.03,0.965,423.3475871280001,0.7816091954022989,87,68,19,0.10279976441457402,639.4420532960002,623.3475871280001,518,0.6796875,0.011494252873563218,41,0,0,1000.0344827586207,0.007379592310145852,0,3002577,12.342412871999995,435.6900000000001,423.3475871280001,12.477901916
0.0014,0.6,0.03,0.97,423.3475871280001,0.7816091954022989,87,68,19,0.10279976441457402,639.4420532960002,623.3475871280001,518,0.6796875,0.011494252873563218,41,0,0,1000.0344827586207,0.007379592310145852,0,3002577,12.342412871999995,435.6900000000001,423.3475871280001,12.473653791
0.0014,0.6,0.03,0.975,423.3475871280001,0.7816091954022989,87,68,19,0.10279976441457402,639.4420532960002,623.3475871280001,518,0.6796875,0.011494252873563218,41,0,0,1000.0344827586207,0.007379592310145852,0,3002577,12.342412871999995,435.6900000000001,423.3475871280001,12.536753541
0.0014,0.6,0.03,0.98,423.3475871280001,0.7816091954022989,87,68,19,0.10279976441457402,639.4420532960002,623.3475871280001,518,0.6796875,0.011494252873563218,41,0,0,1000.0344827586207,0.007379592310145852,0,3002577,12.342412871999995,435.6900000000001,423.3475871280001,12.711323083
0.0014,0.6,0.03,0.985,423.3475871280001,0.7816091954022989,87,68,19,0.10279976441457402,639.4420532960002,623.3475871280001,522,0.6796875,0.011494252873563218,41,0,0,1000.0344827586207,0.007379592310145852,0,3002577,12.342412871999995,435.6900000000001,423.3475871280001,12.545686209
0.0014,0.6,0.05,0.965,781.20908956944,0.7472527472527473,91,68,23,0.20365768739864526,1025.33907744944,981.20908956944,518,0.6594202898550725,0.04395604395604396,47,2,2,1000.032967032967,0.006978683225651703,0,3002577,23.533110430559994,804.7422,781.20908956944,12.609126709
0.0014,0.6,0.05,0.97,781.20908956944,0.7472527472527473,91,68,23,0.20365768739864526,1025.33907744944,981.20908956944,518,0.6594202898550725,0.04395604395604396,47,2,2,1000.032967032967,0.006978683225651703,0,3002577,23.533110430559994,804.7422,781.20908956944,12.643678833
0.0014,0.6,0.05,0.975,781.20908956944,0.7472527472527473,91,68,23,0.20365768739864526,1025.33907744944,981.20908956944,518,0.6594202898550725,0.04395604395604396,47,2,2,1000.032967032967,0.006978683225651703,0,3002577,23.533110430559994,804.7422,781.20908956944,12.44696075
0.0014,0.6,0.05,0.98,781.20908956944,0.7472527472527473,91,68,23,0.20365768739864526,1025.33907744944,981.20908956944,518,0.6594202898550725,0.04395604395604396,47,2,2,1000.032967032967,0.006978683225651703,0,3002577,23.533110430559994,804.7422,781.20908956944,12.626488
0.0014,0.6,0.05,0.985,740.7482895694401,0.7391304347826086,92,68,24,0.20365768739864526,1025.33907744944,940.7482895694401,522,0.647887323943662,0.043478260869565216,50,3,3,1000.0326086956521,0.006848317062509104,0,3002577,23.993910430559993,764.7422000000001,740.7482895694401,12.552627083
0.0014,0.6,0.075,0.965,1930.9206018147997,0.7272727272727273,99,72,27,0.32003443974653956,2240.87695632192,2130.9206018147997,518,0.5823529411764706,0.13131313131313133,71,7,7,1000.10101010101,0.006375762972227129,0,3002577,52.50549818519999,1983.4260999999997,1930.9206018147997,12.587020083
0.0014,0.6,0.075,0.97,1930.9206018147997,0.7272727272727273,99,72,27,0.32003443974653956,2240.87695632192,2130.9206018147997,518,0.5823529411764706,0.13131313131313133,71,7,7,1000.10101010101,0.006375762972227129,0,3002577,52.50549818519999,1983.4260999999997,1930.9206018147997,12.570167834
0.0014,0.6,0.075,0.975,1930.9206018147997,0.7272727272727273,99,72,27,0.32003443974653956,2240.87695632192,2130.9206018147997,518,0.5823529411764706,0.13131313131313133,71,7,7,1000.10101010101,0.006375762972227129,0,3002577,52.50549818519999,1983.4260999999997,1930.9206018147997,12.488526125
0.0014,0.6,0.075,0.98,1930.9206018147997,0.7272727272727273,99,72,27,0.32003443974653956,2240.87695632192,2130.9206018147997,518,0.5823529411764706,0.13131313131313133,71,7,7,1000.10101010101,0.006375762972227129,0,3002577,52.50549818519999,1983.4260999999997,1930.9206018147997,12.729248
0.0014,0.6,0.075,0.985,1799.0183938147998,0.72,100,72,28,0.32003443974653956,2240.87695632192,1999.0183938147998,522,0.5747126436781609,0.13,74,8,8,1000.1,0.006203926003822825,0,3002577,54.00770618519999,1853.0260999999998,1799.0183938147998,12.603690333
0.0014,0.6,0.1,0.965,3448.2142716962394,0.7446808510638298,94,70,24,0.3094332391954121,3758.1706262033595,3648.2142716962394,518,0.6143790849673203,0.23404255319148937,59,3,3,1000.1063829787234,0.006245026969384169,0,3002577,83.81682830375999,3532.0310999999992,3448.2142716962394,12.58018575
0.0014,0.6,0.1,0.97,3448.2142716962394,0.7446808510638298,94,70,24,0.3094332391954121,3758.1706262033595,3648.2142716962394,518,0.6143790849673203,0.23404255319148937,59,3,3,1000.1063829787234,0.006245026969384169,0,3002577,83.81682830375999,3532.0310999999992,3448.2142716962394,12.677802542
0.0014,0.6,0.1,0.975,3448.2142716962394,0.7446808510638298,94,70,24,0.3094332391954121,3758.1706262033595,3648.2142716962394,518,0.6143790849673203,0.23404255319148937,59,3,3,1000.1063829787234,0.006245026969384169,0,3002577,83.81682830375999,3532.0310999999992,3448.2142716962394,12.592043
0.0014,0.6,0.1,0.98,3448.2142716962394,0.7446808510638298,94,70,24,0.3094332391954121,3758.1706262033595,3648.2142716962394,518,0.6143790849673203,0.23404255319148937,59,3,3,1000.1063829787234,0.006245026969384169,0,3002577,83.81682830375999,3532.0310999999992,3448.2142716962394,12.60519025
0.0014,0.6,0.1,0.985,3167.2949372962394,0.7368421052631579,95,70,25,0.3094332391954121,3758.1706262033595,3367.2949372962394,522,0.6050955414012739,0.24210526315789474,62,4,4,1000.1052631578947,0.006021875045032617,0,3002577,87.01616270375999,3254.3110999999994,3167.2949372962394,12.468394709
0.0014,0.6,0.125,0.965,4725.416862549039,0.7319587628865979,97,71,26,0.44046950416977343,5035.373217056159,4925.416862549039,518,0.563953488372093,0.30927835051546393,75,8,8,999.979381443299,0.006016233670053615,0,3002577,111.61103745096,4837.027899999999,4725.416862549039,12.859311667
0.0014,0.6,0.125,0.97,4725.416862549039,0.7319587628865979,97,71,26,0.44046950416977343,5035.373217056159,4925.416862549039,518,0.563953488372093,0.30927835051546393,75,8,8,999.979381443299,0.006016233670053615,0,3002577,111.61103745096,4837.027899999999,4725.416862549039,12.71457075
0.0014,0.6,0.125,0.975,4725.416862549039,0.7319587628865979,97,71,26,0.44046950416977343,5035.373217056159,4925.416862549039,518,0.563953488372093,0.30927835051546393,75,8,8,999.979381443299,0.006016233670053615,0,3002577,111.61103745096,4837.027899999999,4725.416862549039,12.760526292
0.0014,0.6,0.125,0.98,4725.416862549039,0.7319587628865979,97,71,26,0.44046950416977343,5035.373217056159,4925.416862549039,518,0.563953488372093,0.30927835051546393,75,8,8,999.979381443299,0.006016233670053615,0,3002577,111.61103745096,4837.027899999999,4725.416862549039,12.682526542
0.0014,0.6,0.125,0.985,4444.49752814904,0.7244897959183674,98,71,27,0.44046950416977343,5035.373217056159,4644.49752814904,522,0.5568181818181818,0.3163265306122449,78,9,9,999.9795918367347,0.005853540169070607,0,3002577,114.81037185096,4559.3079,4444.49752814904,12.569053833
0.0014,0.65,0.03,0.965,428.8132417999999,0.7884615384615384,104,82,22,0.08413723344930721,645.9282511439999,628.8132417999999,545,0.6797385620915033,0.009615384615384616,49,0,0,1000.0673076923077,0.010611972736902085,0,3002577,14.036758200000007,442.8499999999999,428.8132417999999,12.687173625
0.0014,0.65,0.03,0.97,428.8132417999999,0.7884615384615384,104,82,22,0.08413723344930721,645.9282511439999,628.8132417999999,545,0.6797385620915033,0.009615384615384616,49,0,0,1000.0673076923077,0.010611972736902085,0,3002577,14.036758200000007,442.8499999999999,428.8132417999999,12.667987708
0.0014,0.65,0.03,0.975,428.8132417999999,0.7884615384615384,104,82,22,0.08413723344930721,645.9282511439999,628.8132417999999,545,0.6797385620915033,0.009615384615384616,49,0,0,1000.0673076923077,0.010611972736902085,0,3002577,14.036758200000007,442.8499999999999,428.8132417999999,12.753957916
0.0014,0.65,0.03,0.98,428.8132417999999,0.7884615384615384,104,82,22,0.08413723344930721,645.9282511439999,628.8132417999999,545,0.6797385620915033,0.009615384615384616,49,0,0,1000.0673076923077,0.010611972736902085,0,3002577,14.036758200000007,442.8499999999999,428.8132417999999,12.628041917000001
0.0014,0.65,0.03,0.985,428.8132417999999,0.7884615384615384,104,82,22,0.08413723344930721,645.9282511439999,628.8132417999999,549,0.6797385620915033,0.009615384615384616,49,0,0,1000.0673076923077,0.010611972736902085,0,3002577,14.036758200000007,442.8499999999999,428.8132417999999,12.6510225
0.0014,0.65,0.05,0.965,929.9697901976799,0.7543859649122807,114,86,28,0.1562923027114667,1183.67550917368,1129.96979019768,545,0.6162162162162163,0.07894736842105263,71,7,7,999.9824561403509,0.009678356343883672,0,3002577,30.378909802319992,960.3486999999999,929.9697901976799,12.682384834
0.0014,0.65,0.05,0.97,929.9697901976799,0.7543859649122807,114,86,28,0.1562923027114667,1183.67550917368,1129.96979019768,545,0.6162162162162163,0.07894736842105263,71,7,7,999.9824561403509,0.009678356343883672,0,3002577,30.378909802319992,960.3486999999999,929.9697901976799,12.742109125
0.0014,0.65,0.05,0.975,929.9697901976799,0.7543859649122807,114,86,28,0.1562923027114667,1183.67550917368,1129.96979019768,545,0.6162162162162163,0.07894736842105263,71,7,7,999.9824561403509,0.009678356343883672,0,3002577,30.378909802319992,960.3486999999999,929.9697901976799,12.540288
0.0014,0.65,0.05,0.98,929.9697901976799,0.7543859649122807,114,86,28,0.1562923027114667,1183.67550917368,1129.96979019768,545,0.6162162162162163,0.07894736842105263,71,7,7,999.9824561403509,0.009678356343883672,0,3002577,30.378909802319992,960.3486999999999,929.9697901976799,12.601965292
0.0014,0.65,0.05,0.985,883.84447819768,0.7478260869565218,115,86,29,0.1562923027114667,1183.67550917368,1083.84447819768,549,0.6084656084656085,0.0782608695652174,74,8,8,999.9826086956522,0.009515339683195524,0,3002577,30.90422180231999,914.7487,883.84447819768,12.711577958
0.0014,0.65,0.075,0.965,2114.2927163024005,0.7435897435897436,117,87,30,0.24844790559359894,2401.7976278691203,2314.2927163024005,545,0.5879396984924623,0.1452991452991453,82,8,8,1000.025641025641,0.009249999367430012,0,3002577,61.7676836976,2176.0604000000008,2114.2927163024005,12.805687166
0.0014,0.65,0.075,0.97,2114.2927163024005,0.7435897435897436,117,87,30,0.24844790559359894,2401.7976278691203,2314.2927163024005,545,0.5879396984924623,0.1452991452991453,82,8,8,1000.025641025641,0.009249999367430012,0,3002577,61.7676836976,2176.0604000000008,2114.2927163024005,12.583433209
0.0014,0.65,0.075,0.975,2114.2927163024005,0.7435897435897436,117,87,30,0.24844790559359894,2401.7976278691203,2314.2927163024005,545,0.5879396984924623,0.1452991452991453,82,8,8,1000.025641025641,0.009249999367430012,0,3002577,61.7676836976,2176.0604000000008,2114.2927163024005,12.4738295
0.0014,0.65,0.075,0.98,2114.2927163024005,0.7435897435897436,117,87,30,0.24844790559359894,2401.7976278691203,2314.2927163024005,545,0.5879396984924623,0.1452991452991453,82,8,8,1000.025641025641,0.009249999367430012,0,3002577,61.7676836976,2176.0604000000008,2114.2927163024005,12.542338833
0.0014,0.65,0.075,0.985,1971.0614843024005,0.7372881355932204,118,87,31,0.24844790559359894,2401.7976278691203,2171.0614843024005,549,0.5812807881773399,0.1440677966101695,85,9,9,1000.0254237288135,0.009014874809490762,0,3002577,63.398915697599996,2034.4604000000004,1971.0614843024005,12.798392917
0.0014,0.65,0.1,0.965,3619.726216630639,0.7478260869565218,115,86,29,0.3473455353121836,3907.231128197359,3819.726216630639,545,0.6020942408376964,0.25217391304347825,76,6,6,1000.1217391304348,0.008967523185427357,0,3002577,96.99828336935997,3716.724499999999,3619.726216630639,12.808412375
0.0014,0.65,0.1,0.97,3619.726216630639,0.7478260869565218,115,86,29,0.3473455353121836,3907.231128197359,3819.726216630639,545,0.6020942408376964,0.25217391304347825,76,6,6,1000.1217391304348,0.008967523185427357,0,3002577,96.99828336935997,3716.724499999999,3619.726216630639,12.652937834
0.0014,0.65,0.1,0.975,3619.726216630639,0.7478260869565218,115,86,29,0.3473455353121836,3907.231128197359,3819.726216630639,545,0.6020942408376964,0.25217391304347825,76,6,6,1000.1217391304348,0.008967523185427357,0,3002577,96.99828336935997,3716.724499999999,3619.726216630639,12.519963209
0.0014,0.65,0.1,0.98,3619.726216630639,0.7478260869565218,115,86,29,0.3473455353121836,3907.231128197359,3819.726216630639,545,0.6020942408376964,0.25217391304347825,76,6,6,1000.1217391304348,0.008967523185427357,0,3002577,96.99828336935997,3716.724499999999,3619.726216630639,13.928761291
0.0014,0.65,0.1,0.985,3338.806882230639,0.7413793103448276,116,86,30,0.3473455353121836,3907.231128197359,3538.806882230639,549,0.5948717948717949,0.25862068965517243,79,7,7,1000.1206896551724,0.00868455206324906,0,3002577,100.19761776935997,3439.004499999999,3338.806882230639,12.898116333
0.0014,0.65,0.125,0.965,5040.835521274639,0.7522123893805309,113,85,28,0.35623492377797533,5328.340432841359,5240.835521274639,545,0.6174863387978142,0.30973451327433627,70,4,4,1000.1238938053098,0.009339768621098334,0,3002577,130.22357872536,5171.0590999999995,5040.835521274639,12.760283208
0.0014,0.65,0.125,0.97,5040.835521274639,0.7522123893805309,113,85,28,0.35623492377797533,5328.340432841359,5240.835521274639,545,0.6174863387978142,0.30973451327433627,70,4,4,1000.1238938053098,0.009339768621098334,0,3002577,130.22357872536,5171.0590999999995,5040.835521274639,11.977065875
0.0014,0.65,0.125,0.975,5040.835521274639,0.7522123893805309,113,85,28,0.35623492377797533,5328.340432841359,5240.835521274639,545,0.6174863387978142,0.30973451327433627,70,4,4,1000.1238938053098,0.009339768621098334,0,3002577,130.22357872536,5171.0590999999995,5040.835521274639,12.512313291
0.0014,0.65,0.125,0.98,5040.835521274639,0.7522123893805309,113,85,28,0.35623492377797533,5328.340432841359,5240.835521274639,545,0.6174863387978142,0.30973451327433627,70,4,4,1000.1238938053098,0.009339768621098334,0,3002577,130.22357872536,5171.0590999999995,5040.835521274639,12.55145025
0.0014,0.65,0.125,0.985,4759.91618687464,0.7456140350877193,114,85,29,0.35623492377797533,5328.340432841359,4959.91618687464,549,0.6096256684491979,0.3157894736842105,73,5,5,1000.1228070175439,0.00911839782821689,0,3002577,133.42291312536,4893.339099999999,4759.91618687464,12.642111667
0.0014,0.7,0.03,0.965,419.5020106160001,0.7829457364341085,129,101,28,0.10100437819236353,638.6877786160002,619.5020106160001,577,0.7010869565217391,0.007751937984496124,55,0,0,1000.1395348837209,0.02059127548292993,0,3002577,15.907989384000008,435.41000000000014,419.5020106160001,12.734054292
0.0014,0.7,0.03,0.97,419.5020106160001,0.7829457364341085,129,101,28,0.10100437819236353,638.6877786160002,619.5020106160001,577,0.7010869565217391,0.007751937984496124,55,0,0,1000.1395348837209,0.02059127548292993,0,3002577,15.907989384000008,435.41000000000014,419.5020106160001,12.687303708
0.0014,0.7,0.03,0.975,419.5020106160001,0.7829457364341085,129,101,28,0.10100437819236353,638.6877786160002,619.5020106160001,577,0.7010869565217391,0.007751937984496124,55,0,0,1000.1395348837209,0.02059127548292993,0,3002577,15.907989384000008,435.41000000000014,419.5020106160001,12.802564834
0.0014,0.7,0.03,0.98,419.5020106160001,0.7829457364341085,129,101,28,0.10100437819236353,638.6877786160002,619.5020106160001,577,0.7010869565217391,0.007751937984496124,55,0,0,1000.1395348837209,0.02059127548292993,0,3002577,15.907989384000008,435.41000000000014,419.5020106160001,12.749394125
0.0014,0.7,0.03,0.985,419.5020106160001,0.7829457364341085,129,101,28,0.10100437819236353,638.6877786160002,619.5020106160001,581,0.7010869565217391,0.007751937984496124,55,0,0,1000.1395348837209,0.02059127548292993,0,3002577,15.907989384000008,435.41000000000014,419.5020106160001,12.649197125
0.0014,0.7,0.05,0.965,914.2922904981604,0.75177304964539,141,106,35,0.15594920390000705,1173.2707624981604,1114.2922904981604,577,0.6527777777777778,0.04964539007092199,75,7,7,1000.0992907801418,0.022186715102916955,0,3002577,33.12900950184002,947.4213000000004,914.2922904981604,12.668287708
0.0014,0.7,0.05,0.97,914.2922904981604,0.75177304964539,141,106,35,0.15594920390000705,1173.2707624981604,1114.2922904981604,577,0.6527777777777778,0.04964539007092199,75,7,7,1000.0992907801418,0.022186715102916955,0,3002577,33.12900950184002,947.4213000000004,914.2922904981604,12.763411083
0.0014,0.7,0.05,0.975,914.2922904981604,0.75177304964539,141,106,35,0.15594920390000705,1173.2707624981604,1114.2922904981604,577,0.6527777777777778,0.04964539007092199,75,7,7,1000.0992907801418,0.022186715102916955,0,3002577,33.12900950184002,947.4213000000004,914.2922904981604,12.690730333
0.0014,0.7,0.05,0.98,914.2922904981604,0.75177304964539,141,106,35,0.15594920390000705,1173.2707624981604,1114.2922904981604,577,0.6527777777777778,0.04964539007092199,75,7,7,1000.0992907801418,0.022186715102916955,0,3002577,33.12900950184002,947.4213000000004,914.2922904981604,12.701632833
0.0014,0.7,0.05,0.985,868.9761944981603,0.7464788732394366,142,106,36,0.15594920390000705,1173.2707624981604,1068.9761944981603,581,0.6454545454545455,0.04929577464788732,78,8,8,1000.0985915492957,0.021843949696339116,0,3002577,33.645105501840014,902.6213000000004,868.9761944981603,12.626915417
0.0014,0.7,0.075,0.965,1907.0547879252,0.7464788732394366,142,106,36,0.27433215221661045,2280.4372839252,2107.0547879252,577,0.6173913043478261,0.11267605633802817,88,8,8,1000.0985915492957,0.02578644623291562,0,3002577,64.6241120748,1971.6788999999999,1907.0547879252,12.543852083
0.0014,0.7,0.075,0.97,1907.0547879252,0.7464788732394366,142,106,36,0.27433215221661045,2280.4372839252,2107.0547879252,577,0.6173913043478261,0.11267605633802817,88,8,8,1000.0985915492957,0.02578644623291562,0,3002577,64.6241120748,1971.6788999999999,1907.0547879252,12.97705625
0.0014,0.7,0.075,0.975,1907.0547879252,0.7464788732394366,142,106,36,0.27433215221661045,2280.4372839252,2107.0547879252,577,0.6173913043478261,0.11267605633802817,88,8,8,1000.0985915492957,0.02578644623291562,0,3002577,64.6241120748,1971.6788999999999,1907.0547879252,12.541157375000001
0.0014,0.7,0.075,0.98,1907.0547879252,0.7464788732394366,142,106,36,0.27433215221661045,2280.4372839252,2107.0547879252,577,0.6173913043478261,0.11267605633802817,88,8,8,1000.0985915492957,0.02578644623291562,0,3002577,64.6241120748,1971.6788999999999,1907.0547879252,12.610784791
0.0014,0.7,0.075,0.985,1776.7710119252,0.7412587412587412,143,106,37,0.27433215221661045,2280.4372839252,1976.7710119252,581,0.6111111111111112,0.11188811188811189,91,9,9,1000.0979020979021,0.025203574053514376,0,3002577,66.1078880748,1842.8789,1776.7710119252,12.827129125
0.0014,0.7,0.1,0.965,3183.2520830694402,0.75,140,105,35,0.35932637663806855,3764.83569106944,3383.2520830694402,577,0.6306306306306306,0.2,82,6,6,1000.1785714285714,0.028451423375290063,0,3002577,104.77591693055999,3288.0280000000002,3183.2520830694402,13.183672792
0.0014,0.7,0.1,0.97,3183.2520830694402,0.75,140,105,35,0.35932637663806855,3764.83569106944,3383.2520830694402,577,0.6306306306306306,0.2,82,6,6,1000.1785714285714,0.028451423375290063,0,3002577,104.77591693055999,3288.0280000000002,3183.2520830694402,12.668624916
0.0014,0.7,0.1,0.975,3183.2520830694402,0.75,140,105,35,0.35932637663806855,3764.83569106944,3383.2520830694402,577,0.6306306306306306,0.2,82,6,6,1000.1785714285714,0.028451423375290063,0,3002577,104.77591693055999,3288.0280000000002,3183.2520830694402,12.678043458
0.0014,0.7,0.1,0.98,3183.2520830694402,0.75,140,105,35,0.35932637663806855,3764.83569106944,3383.2520830694402,577,0.6306306306306306,0.2,82,6,6,1000.1785714285714,0.028451423375290063,0,3002577,104.77591693055999,3288.0280000000002,3183.2520830694402,12.916599
0.0014,0.7,0.1,0.985,2904.07256306944,0.7446808510638298,141,105,36,0.35932637663806855,3764.83569106944,3104.07256306944,581,0.6238938053097345,0.19858156028368795,85,7,7,1000.177304964539,0.027606585443297606,0,3002577,107.95543693055998,3012.0280000000002,2904.07256306944,12.6913185
0.0014,0.7,0.125,0.965,4164.469145624399,0.7482014388489209,139,104,35,0.45371847190654063,4783.699493944399,4364.469145624399,577,0.6150442477876106,0.26618705035971224,87,8,8,1000.0935251798561,0.027444055879534326,0,3002577,132.7047543756,4297.173899999999,4164.469145624399,13.069419584
0.0014,0.7,0.125,0.97,4164.469145624399,0.7482014388489209,139,104,35,0.45371847190654063,4783.699493944399,4364.469145624399,577,0.6150442477876106,0.26618705035971224,87,8,8,1000.0935251798561,0.027444055879534326,0,3002577,132.7047543756,4297.173899999999,4164.469145624399,12.728508125
0.0014,0.7,0.125,0.975,4164.469145624399,0.7482014388489209,139,104,35,0.45371847190654063,4783.699493944399,4364.469145624399,577,0.6150442477876106,0.26618705035971224,87,8,8,1000.0935251798561,0.027444055879534326,0,3002577,132.7047543756,4297.173899999999,4164.469145624399,12.573327333
0.0014,0.7,0.125,0.98,4164.469145624399,0.7482014388489209,139,104,35,0.45371847190654063,4783.699493944399,4364.469145624399,577,0.6150442477876106,0.26618705035971224,87,8,8,1000.0935251798561,0.027444055879534326,0,3002577,132.7047543756,4297.173899999999,4164.469145624399,12.722574833
0.0014,0.7,0.125,0.985,3883.549811224399,0.7428571428571429,140,104,36,0.45371847190654063,4783.699493944399,4083.549811224399,581,0.6086956521739131,0.2714285714285714,90,9,9,1000.0928571428572,0.02679314163354359,0,3002577,135.9040887756,4019.453899999999,3883.549811224399,12.676595208
0.0016,0.5,0.03,0.965,83.03233185599998,0.7083333333333334,24,17,7,0.053964460907420485,283.032331856,283.032331856,419,0.6486486486486487,0,13,0,0,1000.0416666666666,0.0018944099378882004,0,3002577,2.527668143999999,85.55999999999999,83.03233185599998,12.650857667
0.0016,0.5,0.03,0.97,83.03233185599998,0.7083333333333334,24,17,7,0.053964460907420485,283.032331856,283.032331856,419,0.6486486486486487,0,13,0,0,1000.0416666666666,0.0018944099378882004,0,3002577,2.527668143999999,85.55999999999999,83.03233185599998,12.826643375
0.0016,0.5,0.03,0.975,83.03233185599998,0.7083333333333334,24,17,7,0.053964460907420485,283.032331856,283.032331856,419,0.6486486486486487,0,13,0,0,1000.0416666666666,0.0018944099378882004,0,3002577,2.527668143999999,85.55999999999999,83.03233185599998,12.87105
0.0016,0.5,0.03,0.98,83.03233185599998,0.7083333333333334,24,17,7,0.053964460907420485,283.032331856,283.032331856,419,0.6486486486486487,0,13,0,0,1000.0416666666666,0.0018944099378882004,0,3002577,2.527668143999999,85.55999999999999,83.03233185599998,12.706443
0.0016,0.5,0.03,0.985,83.03233185599998,0.7083333333333334,24,17,7,0.053964460907420485,283.032331856,283.032331856,423,0.6486486486486487,0,13,0,0,1000.0416666666666,0.0018944099378882004,0,3002577,2.527668143999999,85.55999999999999,83.03233185599998,12.628733042
0.0016,0.5,0.05,0.965,150.07955783552006,0.6785714285714286,28,19,9,0.11001363939699588,350.07955783552006,350.07955783552006,403,0.6511627906976745,0.07142857142857142,15,0,0,1000.0357142857143,0.001633875689291308,0,3002577,4.697842164480001,154.77740000000006,150.07955783552006,12.706386416
0.0016,0.5,0.05,0.97,150.07955783552006,0.6785714285714286,28,19,9,0.11001363939699588,350.07955783552006,350.07955783552006,403,0.6511627906976745,0.07142857142857142,15,0,0,1000.0357142857143,0.001633875689291308,0,3002577,4.697842164480001,154.77740000000006,150.07955783552006,12.679255667
0.0016,0.5,0.05,0.975,150.07955783552006,0.6785714285714286,28,19,9,0.11001363939699588,350.07955783552006,350.07955783552006,403,0.6511627906976745,0.07142857142857142,15,0,0,1000.0357142857143,0.001633875689291308,0,3002577,4.697842164480001,154.77740000000006,150.07955783552006,12.459206625
0.0016,0.5,0.05,0.98,150.07955783552006,0.6785714285714286,28,19,9,0.11001363939699588,350.07955783552006,350.07955783552006,403,0.6511627906976745,0.07142857142857142,15,0,0,1000.0357142857143,0.001633875689291308,0,3002577,4.697842164480001,154.77740000000006,150.07955783552006,12.641915709
0.0016,0.5,0.05,0.985,150.07955783552006,0.6785714285714286,28,19,9,0.11001363939699588,350.07955783552006,350.07955783552006,407,0.6511627906976745,0.07142857142857142,15,0,0,1000.0357142857143,0.001633875689291308,0,3002577,4.697842164480001,154.77740000000006,150.07955783552006,12.746665333
0.0016,0.5,0.075,0.965,232.4163557642401,0.6111111111111112,36,22,14,0.2037851754719747,432.4163557642401,432.4163557642401,419,0.43373493975903615,0.1111111111111111,47,8,8,999.9444444444445,0.0013859059786698986,0,3002577,8.590144235759997,241.0065000000001,232.4163557642401,12.711778042
0.0016,0.5,0.075,0.97,232.4163557642401,0.6111111111111112,36,22,14,0.2037851754719747,432.4163557642401,432.4163557642401,419,0.43373493975903615,0.1111111111111111,47,8,8,999.9444444444445,0.0013859059786698986,0,3002577,8.590144235759997,241.0065000000001,232.4163557642401,12.548188958
0.0016,0.5,0.075,0.975,232.4163557642401,0.6111111111111112,36,22,14,0.2037851754719747,432.4163557642401,432.4163557642401,419,0.43373493975903615,0.1111111111111111,47,8,8,999.9444444444445,0.0013859059786698986,0,3002577,8.590144235759997,241.0065000000001,232.4163557642401,12.626207958
0.0016,0.5,0.075,0.98,232.4163557642401,0.6111111111111112,36,22,14,0.2037851754719747,432.4163557642401,432.4163557642401,419,0.43373493975903615,0.1111111111111111,47,8,8,999.9444444444445,0.0013859059786698986,0,3002577,8.590144235759997,241.0065000000001,232.4163557642401,12.767684625
0.0016,0.5,0.075,0.985,205.71222776424008,0.5945945945945946,37,22,15,0.2037851754719747,432.4163557642401,405.7122277642401,423,0.42528735632183906,0.10810810810810811,50,9,9,999.9459459459459,0.0013451636467297391,0,3002577,8.894272235759997,214.60650000000007,205.71222776424008,12.812097125
0.0016,0.5,0.1,0.965,345.1361674722401,0.6111111111111112,36,22,14,0.252822083063321,545.1361674722401,545.1361674722401,419,0.43373493975903615,0.1388888888888889,47,8,8,999.9444444444445,0.0014080868104896023,0,3002577,12.259332527759998,357.39550000000014,345.1361674722401,12.645038333
0.0016,0.5,0.1,0.97,345.1361674722401,0.6111111111111112,36,22,14,0.252822083063321,545.1361674722401,545.1361674722401,419,0.43373493975903615,0.1388888888888889,47,8,8,999.9444444444445,0.0014080868104896023,0,3002577,12.259332527759998,357.39550000000014,345.1361674722401,12.608020583
0.0016,0.5,0.1,0.975,345.1361674722401,0.6111111111111112,36,22,14,0.252822083063321,545.1361674722401,545.1361674722401,419,0.43373493975903615,0.1388888888888889,47,8,8,999.9444444444445,0.0014080868104896023,0,3002577,12.259332527759998,357.39550000000014,345.1361674722401,12.586053583
0.0016,0.5,0.1,0.98,345.1361674722401,0.6111111111111112,36,22,14,0.252822083063321,545.1361674722401,545.1361674722401,419,0.43373493975903615,0.1388888888888889,47,8,8,999.9444444444445,0.0014080868104896023,0,3002577,12.259332527759998,357.39550000000014,345.1361674722401,12.633586
0.0016,0.5,0.1,0.985,300.6292874722401,0.5945945945945946,37,22,15,0.252822083063321,545.1361674722401,500.6292874722401,423,0.42528735632183906,0.13513513513513514,50,9,9,999.9459459459459,0.001359780439121758,0,3002577,12.766212527759999,313.3955000000001,300.6292874722401,12.7585355
0.0016,0.5,0.125,0.965,419.08253350424,0.6,35,21,14,0.3017608422878561,619.08253350424,619.08253350424,419,0.4430379746835443,0.17142857142857143,44,7,7,1000.2571428571429,0.0014240180958256232,0,3002577,15.392966495759998,434.4755,419.08253350424,12.680719916
0.0016,0.5,0.125,0.97,419.08253350424,0.6,35,21,14,0.3017608422878561,619.08253350424,619.08253350424,419,0.4430379746835443,0.17142857142857143,44,7,7,1000.2571428571429,0.0014240180958256232,0,3002577,15.392966495759998,434.4755,419.08253350424,12.552426417
0.0016,0.5,0.125,0.975,419.08253350424,0.6,35,21,14,0.3017608422878561,619.08253350424,619.08253350424,419,0.4430379746835443,0.17142857142857143,44,7,7,1000.2571428571429,0.0014240180958256232,0,3002577,15.392966495759998,434.4755,419.08253350424,12.716312209
0.0016,0.5,0.125,0.98,419.08253350424,0.6,35,21,14,0.3017608422878561,619.08253350424,619.08253350424,419,0.4430379746835443,0.17142857142857143,44,7,7,1000.2571428571429,0.0014240180958256232,0,3002577,15.392966495759998,434.4755,419.08253350424,12.672668625
0.0016,0.5,0.125,0.985,355.96368550424006,0.5833333333333334,36,21,15,0.3017608422878561,619.08253350424,555.9636855042401,423,0.43373493975903615,0.16666666666666666,47,8,8,1000.25,0.0013691182285488347,0,3002577,16.111814495759997,372.07550000000003,355.96368550424006,12.790297291
0.0016,0.55,0.03,0.965,227.73017488000005,0.7916666666666666,48,38,10,0.07530358525704658,440.19040675200006,427.73017488000005,455,0.7058823529411765,0,20,0,0,1000.0833333333334,0.004114441416893736,0,3002577,6.309825119999999,234.04000000000005,227.73017488000005,12.711171917
0.0016,0.55,0.03,0.97,227.73017488000005,0.7916666666666666,48,38,10,0.07530358525704658,440.19040675200006,427.73017488000005,455,0.7058823529411765,0,20,0,0,1000.0833333333334,0.004114441416893736,0,3002577,6.309825119999999,234.04000000000005,227.73017488000005,12.646231167
0.0016,0.55,0.03,0.975,227.73017488000005,0.7916666666666666,48,38,10,0.07530358525704658,440.19040675200006,427.73017488000005,455,0.7058823529411765,0,20,0,0,1000.0833333333334,0.004114441416893736,0,3002577,6.309825119999999,234.04000000000005,227.73017488000005,12.686379542
0.0016,0.55,0.03,0.98,227.73017488000005,0.7916666666666666,48,38,10,0.07530358525704658,440.19040675200006,427.73017488000005,455,0.7058823529411765,0,20,0,0,1000.0833333333334,0.004114441416893736,0,3002577,6.309825119999999,234.04000000000005,227.73017488000005,12.76884225
0.0016,0.55,0.03,0.985,227.73017488000005,0.7916666666666666,48,38,10,0.07530358525704658,440.19040675200006,427.73017488000005,459,0.7058823529411765,0,20,0,0,1000.0833333333334,0.004114441416893736,0,3002577,6.309825119999999,234.04000000000005,227.73017488000005,12.741022292
0.0016,0.55,0.05,0.965,499.4119021425598,0.75,56,42,14,0.16275968045975867,733.6775397905599,699.4119021425598,455,0.6086956521739131,0.07142857142857142,36,4,4,999.875,0.0036253315852059665,0,3002577,14.26969785744,513.6815999999998,499.4119021425598,12.54102525
0.0016,0.55,0.05,0.97,499.4119021425598,0.75,56,42,14,0.16275968045975867,733.6775397905599,699.4119021425598,455,0.6086956521739131,0.07142857142857142,36,4,4,999.875,0.0036253315852059665,0,3002577,14.26969785744,513.6815999999998,499.4119021425598,12.567595542
0.0016,0.55,0.05,0.975,499.4119021425598,0.75,56,42,14,0.16275968045975867,733.6775397905599,699.4119021425598,455,0.6086956521739131,0.07142857142857142,36,4,4,999.875,0.0036253315852059665,0,3002577,14.26969785744,513.6815999999998,499.4119021425598,12.399286
0.0016,0.55,0.05,0.98,499.4119021425598,0.75,56,42,14,0.16275968045975867,733.6775397905599,699.4119021425598,455,0.6086956521739131,0.07142857142857142,36,4,4,999.875,0.0036253315852059665,0,3002577,14.26969785744,513.6815999999998,499.4119021425598,12.727044375
0.0016,0.55,0.05,0.985,471.0893421425599,0.7368421052631579,57,42,15,0.16275968045975867,733.6775397905599,671.0893421425599,459,0.59375,0.07017543859649122,39,5,5,999.8771929824561,0.003549571603427175,0,3002577,14.59225785744,485.6815999999999,471.0893421425599,12.532090417
0.0016,0.55,0.075,0.965,986.7512550664799,0.7166666666666667,60,43,17,0.23575587400235698,1277.0879361384798,1186.7512550664799,455,0.5263157894736842,0.16666666666666666,54,8,8,1000.0166666666667,0.0031375460178465937,0,3002577,28.667444933519995,1015.4186999999998,986.7512550664799,12.869712167
0.0016,0.55,0.075,0.97,986.7512550664799,0.7166666666666667,60,43,17,0.23575587400235698,1277.0879361384798,1186.7512550664799,455,0.5263157894736842,0.16666666666666666,54,8,8,1000.0166666666667,0.0031375460178465937,0,3002577,28.667444933519995,1015.4186999999998,986.7512550664799,12.574080625
0.0016,0.55,0.075,0.975,986.7512550664799,0.7166666666666667,60,43,17,0.23575587400235698,1277.0879361384798,1186.7512550664799,455,0.5263157894736842,0.16666666666666666,54,8,8,1000.0166666666667,0.0031375460178465937,0,3002577,28.667444933519995,1015.4186999999998,986.7512550664799,12.592960875
0.0016,0.55,0.075,0.98,986.7512550664799,0.7166666666666667,60,43,17,0.23575587400235698,1277.0879361384798,1186.7512550664799,455,0.5263157894736842,0.16666666666666666,54,8,8,1000.0166666666667,0.0031375460178465937,0,3002577,28.667444933519995,1015.4186999999998,986.7512550664799,12.753273292
0.0016,0.55,0.075,0.985,913.9218150664799,0.7049180327868853,61,43,18,0.23575587400235698,1277.0879361384798,1113.92181506648,459,0.5169491525423728,0.16393442622950818,57,9,9,1000.016393442623,0.003054256935124694,0,3002577,29.496884933519993,943.4187,913.9218150664799,12.699392917
0.0016,0.55,0.1,0.965,1824.82534804856,0.7166666666666667,60,43,17,0.2781376796029652,2134.78170255568,2024.82534804856,455,0.5263157894736842,0.23333333333333334,54,8,8,1000.0166666666667,0.0028560123279540734,0,3002577,48.16695195143999,1872.9923000000001,1824.82534804856,12.632413041
0.0016,0.55,0.1,0.97,1824.82534804856,0.7166666666666667,60,43,17,0.2781376796029652,2134.78170255568,2024.82534804856,455,0.5263157894736842,0.23333333333333334,54,8,8,1000.0166666666667,0.0028560123279540734,0,3002577,48.16695195143999,1872.9923000000001,1824.82534804856,12.66770025
0.0016,0.55,0.1,0.975,1824.82534804856,0.7166666666666667,60,43,17,0.2781376796029652,2134.78170255568,2024.82534804856,455,0.5263157894736842,0.23333333333333334,54,8,8,1000.0166666666667,0.0028560123279540734,0,3002577,48.16695195143999,1872.9923000000001,1824.82534804856,12.630592583
0.0016,0.55,0.1,0.98,1824.82534804856,0.7166666666666667,60,43,17,0.2781376796029652,2134.78170255568,2024.82534804856,455,0.5263157894736842,0.23333333333333334,54,8,8,1000.0166666666667,0.0028560123279540734,0,3002577,48.16695195143999,1872.9923000000001,1824.82534804856,12.584644791
0.0016,0.55,0.1,0.985,1658.12685204856,0.7049180327868853,61,43,18,0.2781376796029652,2134.78170255568,1858.12685204856,459,0.5169491525423728,0.22950819672131148,57,9,9,1000.016393442623,0.0027530736969921792,0,3002577,50.06544795143999,1708.1923000000002,1658.12685204856,12.824580375
0.0016,0.55,0.125,0.965,2679.3248675955197,0.7241379310344828,58,42,16,0.3214081866762194,2989.2812221026397,2879.3248675955197,455,0.5471698113207547,0.3275862068965517,48,6,6,1000.2068965517242,0.002771221445924786,0,3002577,67.57313240447999,2746.8979999999997,2679.3248675955197,12.598882583
0.0016,0.55,0.125,0.97,2679.3248675955197,0.7241379310344828,58,42,16,0.3214081866762194,2989.2812221026397,2879.3248675955197,455,0.5471698113207547,0.3275862068965517,48,6,6,1000.2068965517242,0.002771221445924786,0,3002577,67.57313240447999,2746.8979999999997,2679.3248675955197,12.691350209
0.0016,0.55,0.125,0.975,2679.3248675955197,0.7241379310344828,58,42,16,0.3214081866762194,2989.2812221026397,2879.3248675955197,455,0.5471698113207547,0.3275862068965517,48,6,6,1000.2068965517242,0.002771221445924786,0,3002577,67.57313240447999,2746.8979999999997,2679.3248675955197,12.690716708
0.0016,0.55,0.125,0.98,2679.3248675955197,0.7241379310344828,58,42,16,0.3214081866762194,2989.2812221026397,2879.3248675955197,455,0.5471698113207547,0.3275862068965517,48,6,6,1000.2068965517242,0.002771221445924786,0,3002577,67.57313240447999,2746.8979999999997,2679.3248675955197,12.674069666
0.0016,0.55,0.125,0.985,2398.4055331955196,0.711864406779661,59,42,17,0.3214081866762194,2989.2812221026397,2598.4055331955196,459,0.5363636363636364,0.3389830508474576,51,7,7,1000.2033898305085,0.0026515075154895378,0,3002577,70.77246680447999,2469.1779999999994,2398.4055331955196,12.562765833
0.0016,0.6,0.03,0.965,255.5800962400001,0.7966101694915254,59,47,12,0.0693095618420589,467.5211517840001,455.5800962400001,469,0.7283950617283951,0.01694915254237288,22,0,0,1000.1016949152543,0.005458823529411763,0,3002577,7.499903759999998,263.0800000000001,255.5800962400001,12.786330917
0.0016,0.6,0.03,0.97,255.5800962400001,0.7966101694915254,59,47,12,0.0693095618420589,467.5211517840001,455.5800962400001,469,0.7283950617283951,0.01694915254237288,22,0,0,1000.1016949152543,0.005458823529411763,0,3002577,7.499903759999998,263.0800000000001,255.5800962400001,12.659447875
0.0016,0.6,0.03,0.975,255.5800962400001,0.7966101694915254,59,47,12,0.0693095618420589,467.5211517840001,455.5800962400001,469,0.7283950617283951,0.01694915254237288,22,0,0,1000.1016949152543,0.005458823529411763,0,3002577,7.499903759999998,263.0800000000001,255.5800962400001,12.737352
0.0016,0.6,0.03,0.98,255.5800962400001,0.7966101694915254,59,47,12,0.0693095618420589,467.5211517840001,455.5800962400001,469,0.7283950617283951,0.01694915254237288,22,0,0,1000.1016949152543,0.005458823529411763,0,3002577,7.499903759999998,263.0800000000001,255.5800962400001,12.538136292
0.0016,0.6,0.03,0.985,255.5800962400001,0.7966101694915254,59,47,12,0.0693095618420589,467.5211517840001,455.5800962400001,473,0.7283950617283951,0.01694915254237288,22,0,0,1000.1016949152543,0.005458823529411763,0,3002577,7.499903759999998,263.0800000000001,255.5800962400001,12.561864
0.0016,0.6,0.05,0.965,555.4653737992801,0.7536231884057971,69,52,17,0.1437563727677118,789.2118351192801,755.4653737992801,469,0.6106194690265486,0.11594202898550725,44,6,6,999.9565217391304,0.004617197561827691,0,3002577,16.925326200719994,572.3907,555.4653737992801,12.70724975
0.0016,0.6,0.05,0.97,555.4653737992801,0.7536231884057971,69,52,17,0.1437563727677118,789.2118351192801,755.4653737992801,469,0.6106194690265486,0.11594202898550725,44,6,6,999.9565217391304,0.004617197561827691,0,3002577,16.925326200719994,572.3907,555.4653737992801,12.664947834
0.0016,0.6,0.05,0.975,555.4653737992801,0.7536231884057971,69,52,17,0.1437563727677118,789.2118351192801,755.4653737992801,469,0.6106194690265486,0.11594202898550725,44,6,6,999.9565217391304,0.004617197561827691,0,3002577,16.925326200719994,572.3907,555.4653737992801,12.5169135
0.0016,0.6,0.05,0.98,555.4653737992801,0.7536231884057971,69,52,17,0.1437563727677118,789.2118351192801,755.4653737992801,469,0.6106194690265486,0.11594202898550725,44,6,6,999.9565217391304,0.004617197561827691,0,3002577,16.925326200719994,572.3907,555.4653737992801,12.684126042
0.0016,0.6,0.05,0.985,524.71516579928,0.7428571428571429,70,52,18,0.1437563727677118,789.2118351192801,724.71516579928,473,0.5982905982905983,0.11428571428571428,47,7,7,999.9571428571429,0.004527489607992515,0,3002577,17.275534200719992,541.9907000000001,524.71516579928,12.824316083
0.0016,0.6,0.075,0.965,1110.93123673384,0.7323943661971831,71,52,19,0.21573001930431554,1401.7870941338401,1310.93123673384,469,0.5590551181102362,0.19718309859154928,56,8,8,1000.0422535211268,0.0039850213127597695,0,3002577,33.28806326616,1144.2193,1110.93123673384,12.697064875
0.0016,0.6,0.075,0.97,1110.93123673384,0.7323943661971831,71,52,19,0.21573001930431554,1401.7870941338401,1310.93123673384,469,0.5590551181102362,0.19718309859154928,56,8,8,1000.0422535211268,0.0039850213127597695,0,3002577,33.28806326616,1144.2193,1110.93123673384,12.664878708
0.0016,0.6,0.075,0.975,1110.93123673384,0.7323943661971831,71,52,19,0.21573001930431554,1401.7870941338401,1310.93123673384,469,0.5590551181102362,0.19718309859154928,56,8,8,1000.0422535211268,0.0039850213127597695,0,3002577,33.28806326616,1144.2193,1110.93123673384,14.280553583
0.0016,0.6,0.075,0.98,1110.93123673384,0.7323943661971831,71,52,19,0.21573001930431554,1401.7870941338401,1310.93123673384,469,0.5590551181102362,0.19718309859154928,56,8,8,1000.0422535211268,0.0039850213127597695,0,3002577,33.28806326616,1144.2193,1110.93123673384,12.714759958
0.0016,0.6,0.075,0.985,1030.0096367338401,0.7222222222222222,72,52,20,0.21573001930431554,1401.7870941338401,1230.0096367338401,473,0.549618320610687,0.19444444444444445,59,9,9,1000.0416666666666,0.0038819253107739266,0,3002577,34.20966326616,1064.2193000000002,1030.0096367338401,12.77615025
0.0016,0.6,0.1,0.965,2086.22234596392,0.7323943661971831,71,52,19,0.2669529758717931,2396.17870047104,2286.22234596392,469,0.5590551181102362,0.2676056338028169,56,8,8,1000.0422535211268,0.0036349260351301624,0,3002577,56.372554036080004,2142.5949,2086.22234596392,11.850336375
0.0016,0.6,0.1,0.97,2086.22234596392,0.7323943661971831,71,52,19,0.2669529758717931,2396.17870047104,2286.22234596392,469,0.5590551181102362,0.2676056338028169,56,8,8,1000.0422535211268,0.0036349260351301624,0,3002577,56.372554036080004,2142.5949,2086.22234596392,12.393627042
0.0016,0.6,0.1,0.975,2086.22234596392,0.7323943661971831,71,52,19,0.2669529758717931,2396.17870047104,2286.22234596392,469,0.5590551181102362,0.2676056338028169,56,8,8,1000.0422535211268,0.0036349260351301624,0,3002577,56.372554036080004,2142.5949,2086.22234596392,12.422437625
0.0016,0.6,0.1,0.98,2086.22234596392,0.7323943661971831,71,52,19,0.2669529758717931,2396.17870047104,2286.22234596392,469,0.5590551181102362,0.2676056338028169,56,8,8,1000.0422535211268,0.0036349260351301624,0,3002577,56.372554036080004,2142.5949,2086.22234596392,12.558672334
0.0016,0.6,0.1,0.985,1897.6750179639198,0.7222222222222222,72,52,20,0.2669529758717931,2396.17870047104,2097.67501796392,473,0.549618320610687,0.2638888888888889,59,9,9,1000.0416666666666,0.0035062504178086764,0,3002577,58.519882036080006,1956.1948999999997,1897.6750179639198,12.73341575
0.0016,0.6,0.125,0.965,3068.5375174275996,0.7391304347826086,69,51,18,0.3120512969559703,3378.4938719347197,3268.5375174275996,469,0.5798319327731093,0.36231884057971014,50,6,6,1000.2028985507246,0.0032983206065566005,0,3002577,79.01818257240001,3147.5556999999994,3068.5375174275996,12.642544834
0.0016,0.6,0.125,0.97,3068.5375174275996,0.7391304347826086,69,51,18,0.3120512969559703,3378.4938719347197,3268.5375174275996,469,0.5798319327731093,0.36231884057971014,50,6,6,1000.2028985507246,0.0032983206065566005,0,3002577,79.01818257240001,3147.5556999999994,3068.5375174275996,12.634172125
0.0016,0.6,0.125,0.975,3068.5375174275996,0.7391304347826086,69,51,18,0.3120512969559703,3378.4938719347197,3268.5375174275996,469,0.5798319327731093,0.36231884057971014,50,6,6,1000.2028985507246,0.0032983206065566005,0,3002577,79.01818257240001,3147.5556999999994,3068.5375174275996,12.319060708
0.0016,0.6,0.125,0.98,3068.5375174275996,0.7391304347826086,69,51,18,0.3120512969559703,3378.4938719347197,3268.5375174275996,469,0.5798319327731093,0.36231884057971014,50,6,6,1000.2028985507246,0.0032983206065566005,0,3002577,79.01818257240001,3147.5556999999994,3068.5375174275996,12.346206458
0.0016,0.6,0.125,0.985,2787.6181830275996,0.7285714285714285,70,51,19,0.3120512969559703,3378.4938719347197,2987.6181830275996,473,0.5691056910569106,0.37142857142857144,53,7,7,1000.2,0.0031741086393128385,0,3002577,82.2175169724,2869.8356999999996,2787.6181830275996,12.786446417
0.0016,0.65,0.03,0.965,272.191004936,0.8181818181818182,66,54,12,0.07217079895558477,472.191004936,472.191004936,480,0.717391304347826,0.015151515151515152,26,0,0,999.939393939394,0.011521739130434786,0,3002577,7.878995064000001,280.07,272.191004936,12.559223875
0.0016,0.65,0.03,0.97,272.191004936,0.8181818181818182,66,54,12,0.07217079895558477,472.191004936,472.191004936,480,0.717391304347826,0.015151515151515152,26,0,0,999.939393939394,0.011521739130434786,0,3002577,7.878995064000001,280.07,272.191004936,12.66648925
0.0016,0.65,0.03,0.975,272.191004936,0.8181818181818182,66,54,12,0.07217079895558477,472.191004936,472.191004936,480,0.717391304347826,0.015151515151515152,26,0,0,999.939393939394,0.011521739130434786,0,3002577,7.878995064000001,280.07,272.191004936,12.3386505
0.0016,0.65,0.03,0.98,272.191004936,0.8181818181818182,66,54,12,0.07217079895558477,472.191004936,472.191004936,480,0.717391304347826,0.015151515151515152,26,0,0,999.939393939394,0.011521739130434786,0,3002577,7.878995064000001,280.07,272.191004936,12.592257959
0.0016,0.65,0.03,0.985,272.191004936,0.8181818181818182,66,54,12,0.07217079895558477,472.191004936,472.191004936,484,0.717391304347826,0.015151515151515152,26,0,0,999.939393939394,0.011521739130434786,0,3002577,7.878995064000001,280.07,272.191004936,12.511189417
0.0016,0.65,0.05,0.965,567.8815854837597,0.7763157894736842,76,59,17,0.11977968128755019,767.8815854837597,767.8815854837597,480,0.6129032258064516,0.09210526315789473,48,6,6,999.828947368421,0.011194629578038275,0,3002577,16.791714516239992,584.6732999999997,567.8815854837597,12.659847541
0.0016,0.65,0.05,0.97,567.8815854837597,0.7763157894736842,76,59,17,0.11977968128755019,767.8815854837597,767.8815854837597,480,0.6129032258064516,0.09210526315789473,48,6,6,999.828947368421,0.011194629578038275,0,3002577,16.791714516239992,584.6732999999997,567.8815854837597,12.519858917
0.0016,0.65,0.05,0.975,567.8815854837597,0.7763157894736842,76,59,17,0.11977968128755019,767.8815854837597,767.8815854837597,480,0.6129032258064516,0.09210526315789473,48,6,6,999.828947368421,0.011194629578038275,0,3002577,16.791714516239992,584.6732999999997,567.8815854837597,12.519341125
0.0016,0.65,0.05,0.98,567.8815854837597,0.7763157894736842,76,59,17,0.11977968128755019,767.8815854837597,767.8815854837597,480,0.6129032258064516,0.09210526315789473,48,6,6,999.828947368421,0.011194629578038275,0,3002577,16.791714516239992,584.6732999999997,567.8815854837597,12.581666708
0.0016,0.65,0.05,0.985,536.4326111477598,0.7662337662337663,77,59,18,0.11977968128755019,747.9667449077598,736.4326111477598,484,0.6015625,0.09090909090909091,51,7,7,999.8311688311688,0.010877678027037823,0,3002577,17.12068885223999,553.5532999999997,536.4326111477598,12.65045525
0.0016,0.65,0.075,0.965,1108.0924920938398,0.7564102564102564,78,59,19,0.18745678770298768,1308.0924920938398,1308.0924920938398,480,0.5652173913043478,0.1794871794871795,60,8,8,999.9102564102565,0.011731572718068649,0,3002577,31.52680790616,1139.6192999999998,1108.0924920938398,12.469747917
0.0016,0.65,0.075,0.97,1108.0924920938398,0.7564102564102564,78,59,19,0.18745678770298768,1308.0924920938398,1308.0924920938398,480,0.5652173913043478,0.1794871794871795,60,8,8,999.9102564102565,0.011731572718068649,0,3002577,31.52680790616,1139.6192999999998,1108.0924920938398,12.456797917
0.0016,0.65,0.075,0.975,1108.0924920938398,0.7564102564102564,78,59,19,0.18745678770298768,1308.0924920938398,1308.0924920938398,480,0.5652173913043478,0.1794871794871795,60,8,8,999.9102564102565,0.011731572718068649,0,3002577,31.52680790616,1139.6192999999998,1108.0924920938398,12.753746042
0.0016,0.65,0.075,0.98,1108.0924920938398,0.7564102564102564,78,59,19,0.18745678770298768,1308.0924920938398,1308.0924920938398,480,0.5652173913043478,0.1794871794871795,60,8,8,999.9102564102565,0.011731572718068649,0,3002577,31.52680790616,1139.6192999999998,1108.0924920938398,12.613638708
0.0016,0.65,0.075,0.985,1027.2633075818399,0.7468354430379747,79,59,20,0.18745678770298768,1257.4319327338399,1227.2633075818399,484,0.5563380281690141,0.17721518987341772,63,9,9,999.9113924050633,0.011197072369794203,0,3002577,32.31599241816,1059.5792999999999,1027.2633075818399,12.614873833
0.0016,0.65,0.1,0.965,1961.1687148290398,0.7564102564102564,78,59,19,0.23377761834745697,2161.16871482904,2161.16871482904,480,0.5652173913043478,0.24358974358974358,60,8,8,999.9102564102565,0.01132127936277109,0,3002577,52.20278517096001,2013.3714999999997,1961.1687148290398,12.505667
0.0016,0.65,0.1,0.97,1961.1687148290398,0.7564102564102564,78,59,19,0.23377761834745697,2161.16871482904,2161.16871482904,480,0.5652173913043478,0.24358974358974358,60,8,8,999.9102564102565,0.01132127936277109,0,3002577,52.20278517096001,2013.3714999999997,1961.1687148290398,12.493070834
0.0016,0.65,0.1,0.975,1961.1687148290398,0.7564102564102564,78,59,19,0.23377761834745697,2161.16871482904,2161.16871482904,480,0.5652173913043478,0.24358974358974358,60,8,8,999.9102564102565,0.01132127936277109,0,3002577,52.20278517096001,2013.3714999999997,1961.1687148290398,12.62386
0.0016,0.65,0.1,0.98,1961.1687148290398,0.7564102564102564,78,59,19,0.23377761834745697,2161.16871482904,2161.16871482904,480,0.5652173913043478,0.24358974358974358,60,8,8,999.9102564102565,0.01132127936277109,0,3002577,52.20278517096001,2013.3714999999997,1961.1687148290398,12.762513209
0.0016,0.65,0.1,0.985,1789.61492282904,0.7468354430379747,79,59,20,0.23377761834745697,2078.83307745816,1989.61492282904,484,0.5563380281690141,0.24050632911392406,63,9,9,999.9113924050633,0.010921398784086158,0,3002577,54.15657717096001,1843.7715,1789.61492282904,12.732262959
0.0016,0.65,0.125,0.965,2939.9759627907993,0.7564102564102564,78,59,19,0.2956563272312059,3139.9759627907993,3139.9759627907993,480,0.5652173913043478,0.3076923076923077,60,8,8,999.9102564102565,0.009729409247445244,0,3002577,75.39433720919999,3015.370299999999,2939.9759627907993,12.787357875
0.0016,0.65,0.125,0.97,2939.9759627907993,0.7564102564102564,78,59,19,0.2956563272312059,3139.9759627907993,3139.9759627907993,480,0.5652173913043478,0.3076923076923077,60,8,8,999.9102564102565,0.009729409247445244,0,3002577,75.39433720919999,3015.370299999999,2939.9759627907993,12.669753
0.0016,0.65,0.125,0.975,2939.9759627907993,0.7564102564102564,78,59,19,0.2956563272312059,3139.9759627907993,3139.9759627907993,480,0.5652173913043478,0.3076923076923077,60,8,8,999.9102564102565,0.009729409247445244,0,3002577,75.39433720919999,3015.370299999999,2939.9759627907993,12.634171459000001
0.0016,0.65,0.125,0.98,2939.9759627907993,0.7564102564102564,78,59,19,0.2956563272312059,3139.9759627907993,3139.9759627907993,480,0.5652173913043478,0.3076923076923077,60,8,8,999.9102564102565,0.009729409247445244,0,3002577,75.39433720919999,3015.370299999999,2939.9759627907993,12.793294625
0.0016,0.65,0.125,0.985,2659.0566283907992,0.7468354430379747,79,59,20,0.2956563272312059,3057.6403254199195,2859.0566283907992,484,0.5563380281690141,0.31645569620253167,63,9,9,999.9113924050633,0.009341759134710293,0,3002577,78.59367160919999,2737.6502999999993,2659.0566283907992,12.811538041
0.0016,0.7,0.03,0.965,278.2962389360001,0.8095238095238095,84,68,16,0.12839053652363627,478.2962389360001,478.2962389360001,503,0.7368421052631579,0.011904761904761904,30,0,0,1000.0833333333334,0.017493120499071684,0,3002577,9.453761064,287.7500000000001,278.2962389360001,12.539171667
0.0016,0.7,0.03,0.97,278.2962389360001,0.8095238095238095,84,68,16,0.12839053652363627,478.2962389360001,478.2962389360001,503,0.7368421052631579,0.011904761904761904,30,0,0,1000.0833333333334,0.017493120499071684,0,3002577,9.453761064,287.7500000000001,278.2962389360001,12.613144625
0.0016,0.7,0.03,0.975,278.2962389360001,0.8095238095238095,84,68,16,0.12839053652363627,478.2962389360001,478.2962389360001,503,0.7368421052631579,0.011904761904761904,30,0,0,1000.0833333333334,0.017493120499071684,0,3002577,9.453761064,287.7500000000001,278.2962389360001,12.536272042
0.0016,0.7,0.03,0.98,278.2962389360001,0.8095238095238095,84,68,16,0.12839053652363627,478.2962389360001,478.2962389360001,503,0.7368421052631579,0.011904761904761904,30,0,0,1000.0833333333334,0.017493120499071684,0,3002577,9.453761064,287.7500000000001,278.2962389360001,12.613886542
0.0016,0.7,0.03,0.985,278.2962389360001,0.8095238095238095,84,68,16,0.12839053652363627,478.2962389360001,478.2962389360001,507,0.7368421052631579,0.011904761904761904,30,0,0,1000.0833333333334,0.017493120499071684,0,3002577,9.453761064,287.7500000000001,278.2962389360001,12.536710125
0.0016,0.7,0.05,0.965,575.29953430776,0.776595744680851,94,73,21,0.17808999876279671,775.29953430776,775.29953430776,503,0.6438356164383562,0.07446808510638298,52,6,6,999.9787234042553,0.01811438477995638,0,3002577,19.183765692239994,594.4833,575.29953430776,12.902313208
0.0016,0.7,0.05,0.97,575.29953430776,0.776595744680851,94,73,21,0.17808999876279671,775.29953430776,775.29953430776,503,0.6438356164383562,0.07446808510638298,52,6,6,999.9787234042553,0.01811438477995638,0,3002577,19.183765692239994,594.4833,575.29953430776,12.693590208
0.0016,0.7,0.05,0.975,575.29953430776,0.776595744680851,94,73,21,0.17808999876279671,775.29953430776,775.29953430776,503,0.6438356164383562,0.07446808510638298,52,6,6,999.9787234042553,0.01811438477995638,0,3002577,19.183765692239994,594.4833,575.29953430776,12.6849855
0.0016,0.7,0.05,0.98,575.29953430776,0.776595744680851,94,73,21,0.17808999876279671,775.29953430776,775.29953430776,503,0.6438356164383562,0.07446808510638298,52,6,6,999.9787234042553,0.01811438477995638,0,3002577,19.183765692239994,594.4833,575.29953430776,12.652447792
0.0016,0.7,0.05,0.985,543.50117680376,0.7684210526315789,95,73,22,0.17808999876279671,756.4328432357601,743.50117680376,507,0.6333333333333333,0.07368421052631578,55,7,7,999.978947368421,0.017672257146940613,0,3002577,19.502123196239992,563.0033,543.50117680376,12.803482
0.0016,0.7,0.075,0.965,1148.2578577007998,0.7628865979381443,97,74,23,0.22092507886539653,1348.2578577007998,1348.2578577007998,503,0.60625,0.15463917525773196,63,8,8,1000.0412371134021,0.01966440414260678,0,3002577,36.064742299200006,1184.3225999999997,1148.2578577007998,12.646865542
0.0016,0.7,0.075,0.97,1148.2578577007998,0.7628865979381443,97,74,23,0.22092507886539653,1348.2578577007998,1348.2578577007998,503,0.60625,0.15463917525773196,63,8,8,1000.0412371134021,0.01966440414260678,0,3002577,36.064742299200006,1184.3225999999997,1148.2578577007998,12.61524325
0.0016,0.7,0.075,0.975,1148.2578577007998,0.7628865979381443,97,74,23,0.22092507886539653,1348.2578577007998,1348.2578577007998,503,0.60625,0.15463917525773196,63,8,8,1000.0412371134021,0.01966440414260678,0,3002577,36.064742299200006,1184.3225999999997,1148.2578577007998,12.842230333
0.0016,0.7,0.075,0.98,1148.2578577007998,0.7628865979381443,97,74,23,0.22092507886539653,1348.2578577007998,1348.2578577007998,503,0.60625,0.15463917525773196,63,8,8,1000.0412371134021,0.01966440414260678,0,3002577,36.064742299200006,1184.3225999999997,1148.2578577007998,12.830108041999999
0.0016,0.7,0.075,0.985,1065.0010251887998,0.7551020408163265,98,74,24,0.22092507886539653,1299.6935973487998,1265.0010251887998,507,0.5975609756097561,0.15306122448979592,66,9,9,1000.0408163265306,0.01899721525306505,0,3002577,36.88157481120001,1101.8825999999997,1065.0010251887998,12.958207375
0.0016,0.7,0.1,0.965,2007.9685681433598,0.7628865979381443,97,74,23,0.25332352598021246,2207.96856814336,2207.96856814336,503,0.60625,0.21649484536082475,63,8,8,1000.0412371134021,0.01996095787561389,0,3002577,58.18803185664001,2066.1566,2007.9685681433598,13.181362708
0.0016,0.7,0.1,0.97,2007.9685681433598,0.7628865979381443,97,74,23,0.25332352598021246,2207.96856814336,2207.96856814336,503,0.60625,0.21649484536082475,63,8,8,1000.0412371134021,0.01996095787561389,0,3002577,58.18803185664001,2066.1566,2007.9685681433598,12.748160958
0.0016,0.7,0.1,0.975,2007.9685681433598,0.7628865979381443,97,74,23,0.25332352598021246,2207.96856814336,2207.96856814336,503,0.60625,0.21649484536082475,63,8,8,1000.0412371134021,0.01996095787561389,0,3002577,58.18803185664001,2066.1566,2007.9685681433598,12.766928625
0.0016,0.7,0.1,0.98,2007.9685681433598,0.7628865979381443,97,74,23,0.25332352598021246,2207.96856814336,2207.96856814336,503,0.60625,0.21649484536082475,63,8,8,1000.0412371134021,0.01996095787561389,0,3002577,58.18803185664001,2066.1566,2007.9685681433598,12.607330791999999
0.0016,0.7,0.1,0.985,1833.17791214336,0.7551020408163265,98,74,24,0.25332352598021246,2125.63293077248,2033.17791214336,507,0.5975609756097561,0.21428571428571427,66,9,9,1000.0408163265306,0.019300923814139347,0,3002577,60.17868785664001,1893.3565999999998,1833.17791214336,12.631026625
0.0016,0.7,0.125,0.965,2890.6647706842396,0.7604166666666666,96,73,23,0.3008701139376868,3090.6647706842396,3090.6647706842396,503,0.6153846153846154,0.28125,60,7,7,1000.15625,0.01857897011214688,0,3002577,80.79872931576,2971.4634999999994,2890.6647706842396,12.687880167
0.0016,0.7,0.125,0.97,2890.6647706842396,0.7604166666666666,96,73,23,0.3008701139376868,3090.6647706842396,3090.6647706842396,503,0.6153846153846154,0.28125,60,7,7,1000.15625,0.01857897011214688,0,3002577,80.79872931576,2971.4634999999994,2890.6647706842396,12.965220458
0.0016,0.7,0.125,0.975,2890.6647706842396,0.7604166666666666,96,73,23,0.3008701139376868,3090.6647706842396,3090.6647706842396,503,0.6153846153846154,0.28125,60,7,7,1000.15625,0.01857897011214688,0,3002577,80.79872931576,2971.4634999999994,2890.6647706842396,12.593704375
0.0016,0.7,0.125,0.98,2890.6647706842396,0.7604166666666666,96,73,23,0.3008701139376868,3090.6647706842396,3090.6647706842396,503,0.6153846153846154,0.28125,60,7,7,1000.15625,0.01857897011214688,0,3002577,80.79872931576,2971.4634999999994,2890.6647706842396,12.605454292
0.0016,0.7,0.125,0.985,2609.7454362842395,0.7525773195876289,97,73,24,0.3008701139376868,3008.3291333133598,2809.7454362842395,507,0.60625,0.28865979381443296,63,8,8,1000.1546391752578,0.017873157274879942,0,3002577,83.99806371576,2693.7434999999996,2609.7454362842395,12.512774375
0.0018,0.5,0.03,0.965,67.43590691583995,0.7,20,14,6,0.05420680862120752,267.43590691583995,267.43590691583995,410,0.6666666666666666,0.05,10,0,0,1000.05,0.001361521878900194,0,3002577,2.0372930841599994,69.47319999999995,67.43590691583995,12.59663625
0.0018,0.5,0.03,0.97,67.43590691583995,0.7,20,14,6,0.05420680862120752,267.43590691583995,267.43590691583995,410,0.6666666666666666,0.05,10,0,0,1000.05,0.001361521878900194,0,3002577,2.0372930841599994,69.47319999999995,67.43590691583995,12.612592666
0.0018,0.5,0.03,0.975,67.43590691583995,0.7,20,14,6,0.05420680862120752,267.43590691583995,267.43590691583995,410,0.6666666666666666,0.05,10,0,0,1000.05,0.001361521878900194,0,3002577,2.0372930841599994,69.47319999999995,67.43590691583995,12.611868832999999
0.0018,0.5,0.03,0.98,67.43590691583995,0.7,20,14,6,0.05420680862120752,267.43590691583995,267.43590691583995,410,0.6666666666666666,0.05,10,0,0,1000.05,0.001361521878900194,0,3002577,2.0372930841599994,69.47319999999995,67.43590691583995,12.633136625
0.0018,0.5,0.03,0.985,67.43590691583995,0.7,20,14,6,0.05420680862120752,267.43590691583995,267.43590691583995,414,0.6666666666666666,0.05,10,0,0,1000.05,0.001361521878900194,0,3002577,2.0372930841599994,69.47319999999995,67.43590691583995,12.651120542
0.0018,0.5,0.05,0.965,116.01264592736004,0.6666666666666666,24,16,8,0.11109766314038508,316.01264592736004,316.01264592736004,394,0.7058823529411765,0.125,10,0,0,1000.0416666666666,0.0013376648194152504,0,3002577,3.7079540726399993,119.72060000000003,116.01264592736004,12.936078542
0.0018,0.5,0.05,0.97,116.01264592736004,0.6666666666666666,24,16,8,0.11109766314038508,316.01264592736004,316.01264592736004,394,0.7058823529411765,0.125,10,0,0,1000.0416666666666,0.0013376648194152504,0,3002577,3.7079540726399993,119.72060000000003,116.01264592736004,12.832168208
0.0018,0.5,0.05,0.975,116.01264592736004,0.6666666666666666,24,16,8,0.11109766314038508,316.01264592736004,316.01264592736004,394,0.7058823529411765,0.125,10,0,0,1000.0416666666666,0.0013376648194152504,0,3002577,3.7079540726399993,119.72060000000003,116.01264592736004,12.711125958
0.0018,0.5,0.05,0.98,116.01264592736004,0.6666666666666666,24,16,8,0.11109766314038508,316.01264592736004,316.01264592736004,394,0.7058823529411765,0.125,10,0,0,1000.0416666666666,0.0013376648194152504,0,3002577,3.7079540726399993,119.72060000000003,116.01264592736004,12.630049459
0.0018,0.5,0.05,0.985,116.01264592736004,0.6666666666666666,24,16,8,0.11109766314038508,316.01264592736004,316.01264592736004,398,0.7058823529411765,0.125,10,0,0,1000.0416666666666,0.0013376648194152504,0,3002577,3.7079540726399993,119.72060000000003,116.01264592736004,12.676924209
0.0018,0.5,0.075,0.965,161.60620919087995,0.59375,32,19,13,0.20604970474283194,361.60620919087995,361.60620919087995,410,0.42105263157894735,0.1875,44,8,8,999.9375,0.0011322934719815148,0,3002577,6.69499080912,168.30119999999994,161.60620919087995,12.706513417
0.0018,0.5,0.075,0.97,161.60620919087995,0.59375,32,19,13,0.20604970474283194,361.60620919087995,361.60620919087995,410,0.42105263157894735,0.1875,44,8,8,999.9375,0.0011322934719815148,0,3002577,6.69499080912,168.30119999999994,161.60620919087995,12.649775541
0.0018,0.5,0.075,0.975,161.60620919087995,0.59375,32,19,13,0.20604970474283194,361.60620919087995,361.60620919087995,410,0.42105263157894735,0.1875,44,8,8,999.9375,0.0011322934719815148,0,3002577,6.69499080912,168.30119999999994,161.60620919087995,12.805272791
0.0018,0.5,0.075,0.98,161.60620919087995,0.59375,32,19,13,0.20604970474283194,361.60620919087995,361.60620919087995,410,0.42105263157894735,0.1875,44,8,8,999.9375,0.0011322934719815148,0,3002577,6.69499080912,168.30119999999994,161.60620919087995,12.659232625
0.0018,0.5,0.075,0.985,161.60620919087995,0.59375,32,19,13,0.20604970474283194,361.60620919087995,361.60620919087995,414,0.41025641025641024,0.1875,46,8,8,999.9375,0.0011322934719815148,0,3002577,6.69499080912,168.30119999999994,161.60620919087995,12.683438833
0.0018,0.5,0.1,0.965,215.67060506688006,0.59375,32,19,13,0.2539177226792275,415.67060506688006,415.67060506688006,410,0.42105263157894735,0.21875,44,8,8,999.9375,0.0011520341139654056,0,3002577,9.009594933119999,224.68020000000007,215.67060506688006,12.791246458
0.0018,0.5,0.1,0.97,215.67060506688006,0.59375,32,19,13,0.2539177226792275,415.67060506688006,415.67060506688006,410,0.42105263157894735,0.21875,44,8,8,999.9375,0.0011520341139654056,0,3002577,9.009594933119999,224.68020000000007,215.67060506688006,12.583591833
0.0018,0.5,0.1,0.975,215.67060506688006,0.59375,32,19,13,0.2539177226792275,415.67060506688006,415.67060506688006,410,0.42105263157894735,0.21875,44,8,8,999.9375,0.0011520341139654056,0,3002577,9.009594933119999,224.68020000000007,215.67060506688006,12.654806292
0.0018,0.5,0.1,0.98,215.67060506688006,0.59375,32,19,13,0.2539177226792275,415.67060506688006,415.67060506688006,410,0.42105263157894735,0.21875,44,8,8,999.9375,0.0011520341139654056,0,3002577,9.009594933119999,224.68020000000007,215.67060506688006,12.791970375
0.0018,0.5,0.1,0.985,181.68353306688005,0.5757575757575758,33,19,14,0.2539177226792275,415.67060506688006,381.68353306688005,414,0.4125,0.21212121212121213,47,9,9,999.939393939394,0.0011118855587639825,0,3002577,9.396666933119999,191.08020000000005,181.68353306688005,12.758777167
0.0018,0.5,0.125,0.965,244.69629879487997,0.5806451612903226,31,18,13,0.301655173287122,444.69629879487997,444.69629879487997,410,0.4305555555555556,0.25806451612903225,41,7,7,1000.2903225806451,0.0012068820342979046,0,3002577,11.023901205119998,255.72019999999998,244.69629879487997,12.653453625000001
0.0018,0.5,0.125,0.97,244.69629879487997,0.5806451612903226,31,18,13,0.301655173287122,444.69629879487997,444.69629879487997,410,0.4305555555555556,0.25806451612903225,41,7,7,1000.2903225806451,0.0012068820342979046,0,3002577,11.023901205119998,255.72019999999998,244.69629879487997,12.499669542
0.0018,0.5,0.125,0.975,244.69629879487997,0.5806451612903226,31,18,13,0.301655173287122,444.69629879487997,444.69629879487997,410,0.4305555555555556,0.25806451612903225,41,7,7,1000.2903225806451,0.0012068820342979046,0,3002577,11.023901205119998,255.72019999999998,244.69629879487997,12.764099583
0.0018,0.5,0.125,0.98,244.69629879487997,0.5806451612903226,31,18,13,0.301655173287122,444.69629879487997,444.69629879487997,410,0.4305555555555556,0.25806451612903225,41,7,7,1000.2903225806451,0.0012068820342979046,0,3002577,11.023901205119998,255.72019999999998,244.69629879487997,12.692678791
0.0018,0.5,0.125,0.985,199.38020279487995,0.5625,32,18,14,0.301655173287122,444.69629879487997,399.38020279487995,414,0.42105263157894735,0.25,44,8,8,1000.28125,0.001161251991682196,0,3002577,11.539997205119997,210.92019999999994,199.38020279487995,12.707391832999999
0.0018,0.55,0.03,0.965,178.43722758400003,0.8108108108108109,37,30,7,0.07708741485564004,378.437227584,378.437227584,436,0.7115384615384616,0,15,0,0,1000.1081081081081,0.006169811320754721,0,3002577,4.482772416,182.92000000000002,178.43722758400003,12.586912917
0.0018,0.55,0.03,0.97,178.43722758400003,0.8108108108108109,37,30,7,0.07708741485564004,378.437227584,378.437227584,436,0.7115384615384616,0,15,0,0,1000.1081081081081,0.006169811320754721,0,3002577,4.482772416,182.92000000000002,178.43722758400003,12.78106125
0.0018,0.55,0.03,0.975,178.43722758400003,0.8108108108108109,37,30,7,0.07708741485564004,378.437227584,378.437227584,436,0.7115384615384616,0,15,0,0,1000.1081081081081,0.006169811320754721,0,3002577,4.482772416,182.92000000000002,178.43722758400003,12.7008975
0.0018,0.55,0.03,0.98,178.43722758400003,0.8108108108108109,37,30,7,0.07708741485564004,378.437227584,378.437227584,436,0.7115384615384616,0,15,0,0,1000.1081081081081,0.006169811320754721,0,3002577,4.482772416,182.92000000000002,178.43722758400003,12.723532833
0.0018,0.55,0.03,0.985,178.43722758400003,0.8108108108108109,37,30,7,0.07708741485564004,378.437227584,378.437227584,440,0.7115384615384616,0,15,0,0,1000.1081081081081,0.006169811320754721,0,3002577,4.482772416,182.92000000000002,178.43722758400003,12.408756584
0.0018,0.55,0.05,0.965,376.92339338536,0.7727272727272727,44,34,10,0.14510671103151332,576.92339338536,576.92339338536,436,0.5945945945945946,0.09090909090909091,30,3,3,999.8409090909091,0.005755141671815699,0,3002577,9.704706614640001,386.62809999999996,376.92339338536,11.161869875
0.0018,0.55,0.05,0.97,376.92339338536,0.7727272727272727,44,34,10,0.14510671103151332,576.92339338536,576.92339338536,436,0.5945945945945946,0.09090909090909091,30,3,3,999.8409090909091,0.005755141671815699,0,3002577,9.704706614640001,386.62809999999996,376.92339338536,12.648372917
0.0018,0.55,0.05,0.975,376.92339338536,0.7727272727272727,44,34,10,0.14510671103151332,576.92339338536,576.92339338536,436,0.5945945945945946,0.09090909090909091,30,3,3,999.8409090909091,0.005755141671815699,0,3002577,9.704706614640001,386.62809999999996,376.92339338536,12.592048292
0.0018,0.55,0.05,0.98,376.92339338536,0.7727272727272727,44,34,10,0.14510671103151332,576.92339338536,576.92339338536,436,0.5945945945945946,0.09090909090909091,30,3,3,999.8409090909091,0.005755141671815699,0,3002577,9.704706614640001,386.62809999999996,376.92339338536,12.672315333
0.0018,0.55,0.05,0.985,353.45612938536,0.7555555555555555,45,34,11,0.14510671103151332,576.92339338536,553.45612938536,440,0.5769230769230769,0.08888888888888889,33,4,4,999.8444444444444,0.005611498407780364,0,3002577,9.971970614640002,363.4281,353.45612938536,12.789539917
0.0018,0.55,0.075,0.965,609.4889531660799,0.7142857142857143,49,35,14,0.25080933064728983,809.4889531660799,809.4889531660799,436,0.5,0.1836734693877551,49,8,8,1000.0204081632653,0.005480335267569314,0,3002577,17.11724683392,626.6062,609.4889531660799,12.910957792
0.0018,0.55,0.075,0.97,609.4889531660799,0.7142857142857143,49,35,14,0.25080933064728983,809.4889531660799,809.4889531660799,436,0.5,0.1836734693877551,49,8,8,1000.0204081632653,0.005480335267569314,0,3002577,17.11724683392,626.6062,609.4889531660799,12.471767958
0.0018,0.55,0.075,0.975,609.4889531660799,0.7142857142857143,49,35,14,0.25080933064728983,809.4889531660799,809.4889531660799,436,0.5,0.1836734693877551,49,8,8,1000.0204081632653,0.005480335267569314,0,3002577,17.11724683392,626.6062,609.4889531660799,12.721895458
0.0018,0.55,0.075,0.98,609.4889531660799,0.7142857142857143,49,35,14,0.25080933064728983,809.4889531660799,809.4889531660799,436,0.5,0.1836734693877551,49,8,8,1000.0204081632653,0.005480335267569314,0,3002577,17.11724683392,626.6062,609.4889531660799,12.578099792
0.0018,0.55,0.075,0.985,560.1267771660799,0.7,50,35,15,0.25080933064728983,809.4889531660799,760.1267771660799,440,0.49019607843137253,0.18,52,9,9,1000.02,0.0053194049968709415,0,3002577,17.67942283392,577.8062,560.1267771660799,12.741899708
0.0018,0.55,0.1,0.965,896.4325388380798,0.7083333333333334,48,34,14,0.314478188109535,1096.4325388380798,1096.4325388380798,436,0.5106382978723404,0.20833333333333334,46,7,7,1000.25,0.005574983872610602,0,3002577,25.12366116192,921.5561999999999,896.4325388380798,12.772468959
0.0018,0.55,0.1,0.97,896.4325388380798,0.7083333333333334,48,34,14,0.314478188109535,1096.4325388380798,1096.4325388380798,436,0.5106382978723404,0.20833333333333334,46,7,7,1000.25,0.005574983872610602,0,3002577,25.12366116192,921.5561999999999,896.4325388380798,12.52441025
0.0018,0.55,0.1,0.975,896.4325388380798,0.7083333333333334,48,34,14,0.314478188109535,1096.4325388380798,1096.4325388380798,436,0.5106382978723404,0.20833333333333334,46,7,7,1000.25,0.005574983872610602,0,3002577,25.12366116192,921.5561999999999,896.4325388380798,12.608640209
0.0018,0.55,0.1,0.98,896.4325388380798,0.7083333333333334,48,34,14,0.314478188109535,1096.4325388380798,1096.4325388380798,436,0.5106382978723404,0.20833333333333334,46,7,7,1000.25,0.005574983872610602,0,3002577,25.12366116192,921.5561999999999,896.4325388380798,12.707779875
0.0018,0.55,0.1,0.985,806.6095628380798,0.6938775510204082,49,34,15,0.314478188109535,1096.4325388380798,1006.6095628380798,440,0.5,0.20408163265306123,49,8,8,1000.2448979591836,0.005372509243202568,0,3002577,26.14663716192,832.7561999999998,806.6095628380798,12.730980375
0.0018,0.55,0.125,0.965,1306.3483636694398,0.7333333333333333,45,33,12,0.33431129774501717,1506.3483636694398,1506.3483636694398,436,0.5487804878048781,0.26666666666666666,37,4,4,1000.2666666666667,0.0057243566886551415,0,3002577,34.672636330559996,1341.0209999999997,1306.3483636694398,12.803779166
0.0018,0.55,0.125,0.97,1306.3483636694398,0.7333333333333333,45,33,12,0.33431129774501717,1506.3483636694398,1506.3483636694398,436,0.5487804878048781,0.26666666666666666,37,4,4,1000.2666666666667,0.0057243566886551415,0,3002577,34.672636330559996,1341.0209999999997,1306.3483636694398,12.723953958
0.0018,0.55,0.125,0.975,1306.3483636694398,0.7333333333333333,45,33,12,0.33431129774501717,1506.3483636694398,1506.3483636694398,436,0.5487804878048781,0.26666666666666666,37,4,4,1000.2666666666667,0.0057243566886551415,0,3002577,34.672636330559996,1341.0209999999997,1306.3483636694398,12.6002535
0.0018,0.55,0.125,0.98,1306.3483636694398,0.7333333333333333,45,33,12,0.33431129774501717,1506.3483636694398,1506.3483636694398,436,0.5487804878048781,0.26666666666666666,37,4,4,1000.2666666666667,0.0057243566886551415,0,3002577,34.672636330559996,1341.0209999999997,1306.3483636694398,12.656879875
0.0018,0.55,0.125,0.985,1150.9788916694397,0.717391304347826,46,33,13,0.33431129774501717,1506.3483636694398,1350.9788916694397,440,0.5348837209302325,0.2608695652173913,40,5,5,1000.2608695652174,0.005464557213365864,0,3002577,36.442108330559996,1187.4209999999996,1150.9788916694397,12.730554167
0.0018,0.6,0.03,0.965,211.88824624800014,0.8409090909090909,44,37,7,0.07016698748131205,411.88824624800014,411.88824624800014,446,0.7213114754098361,0.022727272727272728,17,0,0,1000.0909090909091,0.007549342105263161,0,3002577,5.281753752000001,217.17000000000016,211.88824624800014,12.783358583
0.0018,0.6,0.03,0.97,211.88824624800014,0.8409090909090909,44,37,7,0.07016698748131205,411.88824624800014,411.88824624800014,446,0.7213114754098361,0.022727272727272728,17,0,0,1000.0909090909091,0.007549342105263161,0,3002577,5.281753752000001,217.17000000000016,211.88824624800014,12.792404084
0.0018,0.6,0.03,0.975,211.88824624800014,0.8409090909090909,44,37,7,0.07016698748131205,411.88824624800014,411.88824624800014,446,0.7213114754098361,0.022727272727272728,17,0,0,1000.0909090909091,0.007549342105263161,0,3002577,5.281753752000001,217.17000000000016,211.88824624800014,12.721448917
0.0018,0.6,0.03,0.98,211.88824624800014,0.8409090909090909,44,37,7,0.07016698748131205,411.88824624800014,411.88824624800014,446,0.7213114754098361,0.022727272727272728,17,0,0,1000.0909090909091,0.007549342105263161,0,3002577,5.281753752000001,217.17000000000016,211.88824624800014,12.580811292
0.0018,0.6,0.03,0.985,211.88824624800014,0.8409090909090909,44,37,7,0.07016698748131205,411.88824624800014,411.88824624800014,450,0.7213114754098361,0.022727272727272728,17,0,0,1000.0909090909091,0.007549342105263161,0,3002577,5.281753752000001,217.17000000000016,211.88824624800014,12.839809667
0.0018,0.6,0.05,0.965,428.26846972272006,0.7884615384615384,52,41,11,0.14801759227146044,628.26846972272,628.26846972272,446,0.5714285714285714,0.15384615384615385,39,6,6,999.9038461538462,0.0064910738178064935,0,3002577,11.369530277279999,439.63800000000003,428.26846972272006,12.832761958
0.0018,0.6,0.05,0.97,428.26846972272006,0.7884615384615384,52,41,11,0.14801759227146044,628.26846972272,628.26846972272,446,0.5714285714285714,0.15384615384615385,39,6,6,999.9038461538462,0.0064910738178064935,0,3002577,11.369530277279999,439.63800000000003,428.26846972272006,12.548174042
0.0018,0.6,0.05,0.975,428.26846972272006,0.7884615384615384,52,41,11,0.14801759227146044,628.26846972272,628.26846972272,446,0.5714285714285714,0.15384615384615385,39,6,6,999.9038461538462,0.0064910738178064935,0,3002577,11.369530277279999,439.63800000000003,428.26846972272006,12.562298833
0.0018,0.6,0.05,0.98,428.26846972272006,0.7884615384615384,52,41,11,0.14801759227146044,628.26846972272,628.26846972272,446,0.5714285714285714,0.15384615384615385,39,6,6,999.9038461538462,0.0064910738178064935,0,3002577,11.369530277279999,439.63800000000003,428.26846972272006,12.803514833
0.0018,0.6,0.05,0.985,402.3735577227201,0.7735849056603774,53,41,12,0.14801759227146044,628.26846972272,602.3735577227201,450,0.5578947368421052,0.1509433962264151,42,7,7,999.9056603773585,0.006336057315571479,0,3002577,11.66444227728,414.03800000000007,402.3735577227201,12.615914042
0.0018,0.6,0.075,0.965,746.1049778787199,0.75,56,42,14,0.22948110820614365,946.1049778787199,946.1049778787199,446,0.5233644859813084,0.19642857142857142,51,8,8,1000.0178571428571,0.006249550430106162,0,3002577,20.502022121279996,766.6069999999999,746.1049778787199,12.823897958
0.0018,0.6,0.075,0.97,746.1049778787199,0.75,56,42,14,0.22948110820614365,946.1049778787199,946.1049778787199,446,0.5233644859813084,0.19642857142857142,51,8,8,1000.0178571428571,0.006249550430106162,0,3002577,20.502022121279996,766.6069999999999,746.1049778787199,12.642958042
0.0018,0.6,0.075,0.975,746.1049778787199,0.75,56,42,14,0.22948110820614365,946.1049778787199,946.1049778787199,446,0.5233644859813084,0.19642857142857142,51,8,8,1000.0178571428571,0.006249550430106162,0,3002577,20.502022121279996,766.6069999999999,746.1049778787199,12.573453083
0.0018,0.6,0.075,0.98,746.1049778787199,0.75,56,42,14,0.22948110820614365,946.1049778787199,946.1049778787199,446,0.5233644859813084,0.19642857142857142,51,8,8,1000.0178571428571,0.006249550430106162,0,3002577,20.502022121279996,766.6069999999999,746.1049778787199,12.667295917
0.0018,0.6,0.075,0.985,687.8414258787199,0.7368421052631579,57,42,15,0.22948110820614365,946.1049778787199,887.8414258787199,450,0.5135135135135135,0.19298245614035087,54,9,9,1000.0175438596491,0.0060647868701675725,0,3002577,21.165574121279995,709.0069999999998,687.8414258787199,12.845484791
0.0018,0.6,0.1,0.965,1193.7200012028802,0.75,56,42,14,0.299930181976919,1393.7200012028802,1393.7200012028802,446,0.5233644859813084,0.25,51,8,8,1000.0178571428571,0.00620420431825642,0,3002577,32.12939879712,1225.8494000000003,1193.7200012028802,12.587279708
0.0018,0.6,0.1,0.97,1193.7200012028802,0.75,56,42,14,0.299930181976919,1393.7200012028802,1393.7200012028802,446,0.5233644859813084,0.25,51,8,8,1000.0178571428571,0.00620420431825642,0,3002577,32.12939879712,1225.8494000000003,1193.7200012028802,12.72186
0.0018,0.6,0.1,0.975,1193.7200012028802,0.75,56,42,14,0.299930181976919,1393.7200012028802,1393.7200012028802,446,0.5233644859813084,0.25,51,8,8,1000.0178571428571,0.00620420431825642,0,3002577,32.12939879712,1225.8494000000003,1193.7200012028802,12.64804375
0.0018,0.6,0.1,0.98,1193.7200012028802,0.75,56,42,14,0.299930181976919,1393.7200012028802,1393.7200012028802,446,0.5233644859813084,0.25,51,8,8,1000.0178571428571,0.00620420431825642,0,3002577,32.12939879712,1225.8494000000003,1193.7200012028802,12.536106292
0.0018,0.6,0.1,0.985,1078.8113292028802,0.7368421052631579,57,42,15,0.299930181976919,1393.7200012028802,1278.8113292028802,450,0.5135135135135135,0.24561403508771928,54,9,9,1000.0175438596491,0.0059740714328628776,0,3002577,33.43807079712,1112.2494000000002,1078.8113292028802,12.74254075
0.0018,0.6,0.125,0.965,1639.41483799904,0.7692307692307693,52,40,12,0.31999224178404373,1839.41483799904,1839.41483799904,446,0.5714285714285714,0.3076923076923077,39,4,4,1000.2307692307693,0.006158828826805149,0,3002577,42.88276200096,1682.2975999999999,1639.41483799904,12.8095665
0.0018,0.6,0.125,0.97,1639.41483799904,0.7692307692307693,52,40,12,0.31999224178404373,1839.41483799904,1839.41483799904,446,0.5714285714285714,0.3076923076923077,39,4,4,1000.2307692307693,0.006158828826805149,0,3002577,42.88276200096,1682.2975999999999,1639.41483799904,12.58470525
0.0018,0.6,0.125,0.975,1639.41483799904,0.7692307692307693,52,40,12,0.31999224178404373,1839.41483799904,1839.41483799904,446,0.5714285714285714,0.3076923076923077,39,4,4,1000.2307692307693,0.006158828826805149,0,3002577,42.88276200096,1682.2975999999999,1639.41483799904,12.670094292
0.0018,0.6,0.125,0.98,1639.41483799904,0.7692307692307693,52,40,12,0.31999224178404373,1839.41483799904,1839.41483799904,446,0.5714285714285714,0.3076923076923077,39,4,4,1000.2307692307693,0.006158828826805149,0,3002577,42.88276200096,1682.2975999999999,1639.41483799904,12.638306542
0.0018,0.6,0.125,0.985,1450.05829399904,0.7547169811320755,53,40,13,0.31999224178404373,1839.41483799904,1650.05829399904,450,0.5578947368421052,0.3018867924528302,42,5,5,1000.2264150943396,0.005877952901693055,0,3002577,45.039306000959996,1495.0976,1450.05829399904,12.430642042
0.0018,0.65,0.03,0.965,187.62417675199998,0.8163265306122449,49,40,9,0.06614470388540111,387.624176752,387.624176752,454,0.7101449275362319,0.02040816326530612,20,0,0,1000.0612244897959,0.011173553719008267,0,3002577,5.355823248,192.98,187.62417675199998,12.554170625
0.0018,0.65,0.03,0.97,187.62417675199998,0.8163265306122449,49,40,9,0.06614470388540111,387.624176752,387.624176752,454,0.7101449275362319,0.02040816326530612,20,0,0,1000.0612244897959,0.011173553719008267,0,3002577,5.355823248,192.98,187.62417675199998,9.224690542
0.0018,0.65,0.03,0.975,187.62417675199998,0.8163265306122449,49,40,9,0.06614470388540111,387.624176752,387.624176752,454,0.7101449275362319,0.02040816326530612,20,0,0,1000.0612244897959,0.011173553719008267,0,3002577,5.355823248,192.98,187.62417675199998,8.383799583
0.0018,0.65,0.03,0.98,187.62417675199998,0.8163265306122449,49,40,9,0.06614470388540111,387.624176752,387.624176752,454,0.7101449275362319,0.02040816326530612,20,0,0,1000.0612244897959,0.011173553719008267,0,3002577,5.355823248,192.98,187.62417675199998,12.787593542
0.0018,0.65,0.03,0.985,187.62417675199998,0.8163265306122449,49,40,9,0.06614470388540111,387.624176752,387.624176752,458,0.7101449275362319,0.02040816326530612,20,0,0,1000.0612244897959,0.011173553719008267,0,3002577,5.355823248,192.98,187.62417675199998,12.858793292
0.0018,0.65,0.05,0.965,364.2303163836799,0.7627118644067796,59,45,14,0.10894200017538633,564.2303163836799,564.2303163836799,454,0.5959595959595959,0.06779661016949153,40,6,6,999.8983050847457,0.010110667590888453,0,3002577,11.089683616320002,375.31999999999994,364.2303163836799,12.672439875
0.0018,0.65,0.05,0.97,364.2303163836799,0.7627118644067796,59,45,14,0.10894200017538633,564.2303163836799,564.2303163836799,454,0.5959595959595959,0.06779661016949153,40,6,6,999.8983050847457,0.010110667590888453,0,3002577,11.089683616320002,375.31999999999994,364.2303163836799,12.742410958
0.0018,0.65,0.05,0.975,364.2303163836799,0.7627118644067796,59,45,14,0.10894200017538633,564.2303163836799,564.2303163836799,454,0.5959595959595959,0.06779661016949153,40,6,6,999.8983050847457,0.010110667590888453,0,3002577,11.089683616320002,375.31999999999994,364.2303163836799,12.756469291
0.0018,0.65,0.05,0.98,364.2303163836799,0.7627118644067796,59,45,14,0.10894200017538633,564.2303163836799,564.2303163836799,454,0.5959595959595959,0.06779661016949153,40,6,6,999.8983050847457,0.010110667590888453,0,3002577,11.089683616320002,375.31999999999994,364.2303163836799,12.536307209
0.0018,0.65,0.05,0.985,341.5722683836799,0.75,60,45,15,0.10894200017538633,564.2303163836799,541.5722683836799,458,0.5825242718446602,0.06666666666666667,43,7,7,999.9,0.00989003281090476,0,3002577,11.347731616320003,352.9199999999999,341.5722683836799,12.840849917
0.0018,0.65,0.075,0.965,596.7530484627199,0.7377049180327869,61,45,16,0.17810091893551502,796.7530484627199,796.7530484627199,454,0.5304347826086957,0.16393442622950818,54,8,8,1000,0.010142959827489818,0,3002577,18.74395153728,615.497,596.7530484627199,12.566806083
0.0018,0.65,0.075,0.97,596.7530484627199,0.7377049180327869,61,45,16,0.17810091893551502,796.7530484627199,796.7530484627199,454,0.5304347826086957,0.16393442622950818,54,8,8,1000,0.010142959827489818,0,3002577,18.74395153728,615.497,596.7530484627199,12.692793042
0.0018,0.65,0.075,0.975,596.7530484627199,0.7377049180327869,61,45,16,0.17810091893551502,796.7530484627199,796.7530484627199,454,0.5304347826086957,0.16393442622950818,54,8,8,1000,0.010142959827489818,0,3002577,18.74395153728,615.497,596.7530484627199,12.6408205
0.0018,0.65,0.075,0.98,596.7530484627199,0.7377049180327869,61,45,16,0.17810091893551502,796.7530484627199,796.7530484627199,454,0.5304347826086957,0.16393442622950818,54,8,8,1000,0.010142959827489818,0,3002577,18.74395153728,615.497,596.7530484627199,12.79396925
0.0018,0.65,0.075,0.985,548.2000884627199,0.7258064516129032,62,45,17,0.17810091893551502,796.7530484627199,748.2000884627199,458,0.5210084033613446,0.16129032258064516,57,9,9,1000,0.009864888945749965,0,3002577,19.29691153728,567.497,548.2000884627199,12.754978583
0.0018,0.65,0.1,0.965,901.43304425472,0.7377049180327869,61,45,16,0.23947983332761152,1101.43304425472,1101.43304425472,454,0.5304347826086957,0.19672131147540983,54,8,8,1000,0.010353860867395735,0,3002577,27.60395574528,929.037,901.43304425472,12.820803042
0.0018,0.65,0.1,0.97,901.43304425472,0.7377049180327869,61,45,16,0.23947983332761152,1101.43304425472,1101.43304425472,454,0.5304347826086957,0.19672131147540983,54,8,8,1000,0.010353860867395735,0,3002577,27.60395574528,929.037,901.43304425472,12.665276833
0.0018,0.65,0.1,0.975,901.43304425472,0.7377049180327869,61,45,16,0.23947983332761152,1101.43304425472,1101.43304425472,454,0.5304347826086957,0.19672131147540983,54,8,8,1000,0.010353860867395735,0,3002577,27.60395574528,929.037,901.43304425472,12.866790125
0.0018,0.65,0.1,0.98,901.43304425472,0.7377049180327869,61,45,16,0.23947983332761152,1101.43304425472,1101.43304425472,454,0.5304347826086957,0.19672131147540983,54,8,8,1000,0.010353860867395735,0,3002577,27.60395574528,929.037,901.43304425472,12.783898667
0.0018,0.65,0.1,0.985,810.80085225472,0.7258064516129032,62,45,17,0.23947983332761152,1101.43304425472,1010.80085225472,458,0.5210084033613446,0.1935483870967742,57,9,9,1000,0.00999576947661941,0,3002577,28.63614774528,839.437,810.80085225472,12.888266292
0.0018,0.65,0.125,0.965,1171.6104995646397,0.7333333333333333,60,44,16,0.31735042979918887,1371.6104995646397,1371.6104995646397,454,0.5405405405405406,0.26666666666666666,51,7,7,1000.1833333333333,0.010465507982229168,0,3002577,36.24270043536001,1207.8531999999996,1171.6104995646397,12.530003209
0.0018,0.65,0.125,0.97,1171.6104995646397,0.7333333333333333,60,44,16,0.31735042979918887,1371.6104995646397,1371.6104995646397,454,0.5405405405405406,0.26666666666666666,51,7,7,1000.1833333333333,0.010465507982229168,0,3002577,36.24270043536001,1207.8531999999996,1171.6104995646397,12.56197975
0.0018,0.65,0.125,0.975,1171.6104995646397,0.7333333333333333,60,44,16,0.31735042979918887,1371.6104995646397,1371.6104995646397,454,0.5405405405405406,0.26666666666666666,51,7,7,1000.1833333333333,0.010465507982229168,0,3002577,36.24270043536001,1207.8531999999996,1171.6104995646397,11.696313458
0.0018,0.65,0.125,0.98,1171.6104995646397,0.7333333333333333,60,44,16,0.31735042979918887,1371.6104995646397,1371.6104995646397,454,0.5405405405405406,0.26666666666666666,51,7,7,1000.1833333333333,0.010465507982229168,0,3002577,36.24270043536001,1207.8531999999996,1171.6104995646397,12.43864775
0.0018,0.65,0.125,0.985,1030.8069155646397,0.7213114754098361,61,44,17,0.31735042979918887,1371.6104995646397,1230.8069155646397,458,0.5304347826086957,0.26229508196721313,54,8,8,1000.1803278688525,0.010039104575469492,0,3002577,37.846284435360005,1068.6531999999997,1030.8069155646397,8.807598084
0.0018,0.7,0.03,0.965,202.54930849215998,0.8305084745762712,59,49,10,0.0800473538755142,402.54930849216,402.54930849216,467,0.7283950617283951,0.03389830508474576,22,0,0,1000.1355932203389,0.019227678859875027,0,3002577,6.28589150784,208.8352,202.54930849215998,8.472339166
0.0018,0.7,0.03,0.97,202.54930849215998,0.8305084745762712,59,49,10,0.0800473538755142,402.54930849216,402.54930849216,467,0.7283950617283951,0.03389830508474576,22,0,0,1000.1355932203389,0.019227678859875027,0,3002577,6.28589150784,208.8352,202.54930849215998,12.573890166
0.0018,0.7,0.03,0.975,202.54930849215998,0.8305084745762712,59,49,10,0.0800473538755142,402.54930849216,402.54930849216,467,0.7283950617283951,0.03389830508474576,22,0,0,1000.1355932203389,0.019227678859875027,0,3002577,6.28589150784,208.8352,202.54930849215998,12.526844542
0.0018,0.7,0.03,0.98,202.54930849215998,0.8305084745762712,59,49,10,0.0800473538755142,402.54930849216,402.54930849216,467,0.7283950617283951,0.03389830508474576,22,0,0,1000.1355932203389,0.019227678859875027,0,3002577,6.28589150784,208.8352,202.54930849215998,12.758525667
0.0018,0.7,0.03,0.985,202.54930849215998,0.8305084745762712,59,49,10,0.0800473538755142,402.54930849216,402.54930849216,471,0.7283950617283951,0.03389830508474576,22,0,0,1000.1355932203389,0.019227678859875027,0,3002577,6.28589150784,208.8352,202.54930849215998,12.750108292
0.0018,0.7,0.05,0.965,379.6883226038401,0.782608695652174,69,54,15,0.12408616390765433,579.6883226038401,579.6883226038401,467,0.6216216216216216,0.07246376811594203,42,6,6,999.9855072463768,0.01915405401844143,0,3002577,12.34687739616,392.0352000000001,379.6883226038401,12.718933958000001
0.0018,0.7,0.05,0.97,379.6883226038401,0.782608695652174,69,54,15,0.12408616390765433,579.6883226038401,579.6883226038401,467,0.6216216216216216,0.07246376811594203,42,6,6,999.9855072463768,0.01915405401844143,0,3002577,12.34687739616,392.0352000000001,379.6883226038401,12.639162666
0.0018,0.7,0.05,0.975,379.6883226038401,0.782608695652174,69,54,15,0.12408616390765433,579.6883226038401,579.6883226038401,467,0.6216216216216216,0.07246376811594203,42,6,6,999.9855072463768,0.01915405401844143,0,3002577,12.34687739616,392.0352000000001,379.6883226038401,12.605737542
0.0018,0.7,0.05,0.98,379.6883226038401,0.782608695652174,69,54,15,0.12408616390765433,579.6883226038401,579.6883226038401,467,0.6216216216216216,0.07246376811594203,42,6,6,999.9855072463768,0.01915405401844143,0,3002577,12.34687739616,392.0352000000001,379.6883226038401,12.537329083
0.0018,0.7,0.05,0.985,356.2210586038401,0.7714285714285715,70,54,16,0.12408616390765433,574.9222973116802,556.2210586038401,471,0.6086956521739131,0.07142857142857142,45,7,7,999.9857142857143,0.018755019826265398,0,3002577,12.61414139616,368.8352000000001,356.2210586038401,12.68710875
0.0018,0.7,0.075,0.965,626.6625378828801,0.7605633802816901,71,54,17,0.18467482166648064,826.6625378828801,826.6625378828801,467,0.5590551181102362,0.15492957746478872,56,8,8,1000.0704225352113,0.0201869897923688,0,3002577,20.98966211712,647.6522000000001,626.6625378828801,12.625071042
0.0018,0.7,0.075,0.97,626.6625378828801,0.7605633802816901,71,54,17,0.18467482166648064,826.6625378828801,826.6625378828801,467,0.5590551181102362,0.15492957746478872,56,8,8,1000.0704225352113,0.0201869897923688,0,3002577,20.98966211712,647.6522000000001,626.6625378828801,12.610738417
0.0018,0.7,0.075,0.975,626.6625378828801,0.7605633802816901,71,54,17,0.18467482166648064,826.6625378828801,826.6625378828801,467,0.5590551181102362,0.15492957746478872,56,8,8,1000.0704225352113,0.0201869897923688,0,3002577,20.98966211712,647.6522000000001,626.6625378828801,12.83325025
0.0018,0.7,0.075,0.98,626.6625378828801,0.7605633802816901,71,54,17,0.18467482166648064,826.6625378828801,826.6625378828801,467,0.5590551181102362,0.15492957746478872,56,8,8,1000.0704225352113,0.0201869897923688,0,3002577,20.98966211712,647.6522000000001,626.6625378828801,12.575747625
0.0018,0.7,0.075,0.985,576.4911458828801,0.75,72,54,18,0.18467482166648064,821.8965125907201,776.4911458828801,471,0.549618320610687,0.1527777777777778,59,9,9,1000.0694444444445,0.0196616686559605,0,3002577,21.56105411712,598.0522000000001,576.4911458828801,12.731596125
0.0018,0.7,0.1,0.965,987.7725299126398,0.7605633802816901,71,54,17,0.22926692009638389,1187.7725299126398,1187.7725299126398,467,0.5590551181102362,0.2112676056338028,56,8,8,1000.0704225352113,0.021627044650653078,0,3002577,31.947870087359995,1019.7203999999998,987.7725299126398,12.552144958
0.0018,0.7,0.1,0.97,987.7725299126398,0.7605633802816901,71,54,17,0.22926692009638389,1187.7725299126398,1187.7725299126398,467,0.5590551181102362,0.2112676056338028,56,8,8,1000.0704225352113,0.021627044650653078,0,3002577,31.947870087359995,1019.7203999999998,987.7725299126398,12.678743417
0.0018,0.7,0.1,0.975,987.7725299126398,0.7605633802816901,71,54,17,0.22926692009638389,1187.7725299126398,1187.7725299126398,467,0.5590551181102362,0.2112676056338028,56,8,8,1000.0704225352113,0.021627044650653078,0,3002577,31.947870087359995,1019.7203999999998,987.7725299126398,12.556827167
0.0018,0.7,0.1,0.98,987.7725299126398,0.7605633802816901,71,54,17,0.22926692009638389,1187.7725299126398,1187.7725299126398,467,0.5590551181102362,0.2112676056338028,56,8,8,1000.0704225352113,0.021627044650653078,0,3002577,31.947870087359995,1019.7203999999998,987.7725299126398,12.666213125
0.0018,0.7,0.1,0.985,890.6666099126398,0.75,72,54,18,0.22926692009638389,1183.0065046204797,1090.6666099126398,471,0.549618320610687,0.20833333333333334,59,9,9,1000.0694444444445,0.02091367711609352,0,3002577,33.05379008735999,923.7203999999998,890.6666099126398,12.65929225
0.0018,0.7,0.125,0.965,1408.55522026824,0.7605633802816901,71,54,17,0.2903197778114107,1608.55522026824,1608.55522026824,467,0.5590551181102362,0.28169014084507044,56,8,8,1000.0704225352113,0.021881436447830683,0,3002577,44.18067973176,1452.7359,1408.55522026824,12.55090375
0.0018,0.7,0.125,0.97,1408.55522026824,0.7605633802816901,71,54,17,0.2903197778114107,1608.55522026824,1608.55522026824,467,0.5590551181102362,0.28169014084507044,56,8,8,1000.0704225352113,0.021881436447830683,0,3002577,44.18067973176,1452.7359,1408.55522026824,12.778931
0.0018,0.7,0.125,0.975,1408.55522026824,0.7605633802816901,71,54,17,0.2903197778114107,1608.55522026824,1608.55522026824,467,0.5590551181102362,0.28169014084507044,56,8,8,1000.0704225352113,0.021881436447830683,0,3002577,44.18067973176,1452.7359,1408.55522026824,12.558451541
0.0018,0.7,0.125,0.98,1408.55522026824,0.7605633802816901,71,54,17,0.2903197778114107,1608.55522026824,1608.55522026824,467,0.5590551181102362,0.28169014084507044,56,8,8,1000.0704225352113,0.021881436447830683,0,3002577,44.18067973176,1452.7359,1408.55522026824,12.563622875
0.0018,0.7,0.125,0.985,1243.47515626824,0.75,72,54,18,0.2903197778114107,1603.78919497608,1443.47515626824,471,0.549618320610687,0.2777777777777778,59,9,9,1000.0694444444445,0.02100079325241451,0,3002577,46.06074373176,1289.5358999999999,1243.47515626824,12.7577535
