LATENCY_ARB_MOMENTUM_THRESHOLD,LATENCY_ARB_MAX_ASK,LATENCY_ARB_MAX_POSITION_FRACTION,SPREAD_CAPTURE_THRESHOLD,pnl,win_rate,trades,wins,losses,max_dd,hwm,final_balance,signals,fill_rate,partial_fill_rate,no_fill_count,spread_legging_count,residual_position_count,avg_fill_latency_ms,avg_slippage,raw_event_batches,legacy_snapshot_batches,dislocation_regime_count,structural_pair_regime_count,calm_regime_count,dislocation_queued,structural_pair_queued,calm_queued,dislocation_filled,structural_pair_filled,calm_filled,dislocation_missed,structural_pair_missed,calm_missed,latency_arb_candidates,spread_capture_candidates,calm_persistence_candidates,router_blocked_count,capital_blocked_count,latency_spread_overlap_count,latency_calm_overlap_count,spread_calm_overlap_count,total_fees,gross_pnl,pnl_net,elapsed_s
0.0008,0.5,0.03,0.965,95.95695731199999,0.5526315789473685,38,21,17,0.10915555692678272,313.161738224,295.956957312,19056,0.04481132075471698,0.05263157894736842,810,1,1,281.63157894736844,0.00860152404900262,10141915,0,8213040,3,1866919,33,2,813,26,1,11,7,1,802,39,3,19011,0,0,0,0,0,4.688042688,100.64499999999998,95.95695731199999,98.731511875
0.0008,0.5,0.03,0.97,95.95695731199999,0.5526315789473685,38,21,17,0.10915555692678272,313.161738224,295.956957312,19056,0.04481132075471698,0.05263157894736842,810,1,1,281.63157894736844,0.00860152404900262,10141915,0,8213039,5,1866918,33,2,813,26,1,11,7,1,802,39,3,19011,0,0,0,0,0,4.688042688,100.64499999999998,95.95695731199999,95.403806625
0.0008,0.5,0.03,0.975,95.95695731199999,0.5526315789473685,38,21,17,0.10915555692678272,313.161738224,295.956957312,19058,0.04481132075471698,0.05263157894736842,810,1,1,281.63157894736844,0.00860152404900262,10141915,0,8213039,5,1866918,33,2,813,26,1,11,7,1,802,39,4,19011,0,0,0,0,0,4.688042688,100.64499999999998,95.95695731199999,94.200084208
0.0008,0.5,0.03,0.98,95.95695731199999,0.5526315789473685,38,21,17,0.10915555692678272,313.161738224,295.956957312,19058,0.04481132075471698,0.05263157894736842,810,1,1,281.63157894736844,0.00860152404900262,10141915,0,8213030,17,1866915,33,2,813,26,1,11,7,1,802,39,4,19011,0,0,0,0,0,4.688042688,100.64499999999998,95.95695731199999,96.397304334
0.0008,0.5,0.03,0.985,95.95695731199999,0.5526315789473685,38,21,17,0.10915555692678272,313.161738224,295.956957312,19058,0.04481132075471698,0.05263157894736842,810,1,1,281.63157894736844,0.00860152404900262,10141915,0,8213030,17,1866915,33,2,813,26,1,11,7,1,802,39,4,19011,0,0,0,0,0,4.688042688,100.64499999999998,95.95695731199999,94.692258458
0.0008,0.5,0.05,0.965,168.7439690423198,0.5714285714285714,42,24,18,0.14535128462644656,409.1847480319999,368.7439690423198,19056,0.04929577464788732,0.11904761904761904,810,1,1,279.6904761904762,0.007589867017592465,10141915,0,8213040,3,1866919,37,2,813,30,1,11,7,1,802,39,3,19011,0,0,0,0,0,8.304130957679998,177.0480999999998,168.7439690423198,94.943782084
0.0008,0.5,0.05,0.97,168.7439690423198,0.5714285714285714,42,24,18,0.14535128462644656,409.1847480319999,368.7439690423198,19056,0.04929577464788732,0.11904761904761904,810,1,1,279.6904761904762,0.007589867017592465,10141915,0,8213039,5,1866918,37,2,813,30,1,11,7,1,802,39,3,19011,0,0,0,0,0,8.304130957679998,177.0480999999998,168.7439690423198,95.975074
0.0008,0.5,0.05,0.975,168.7439690423198,0.5714285714285714,42,24,18,0.14535128462644656,409.1847480319999,368.7439690423198,19058,0.04929577464788732,0.11904761904761904,810,1,1,279.6904761904762,0.007589867017592465,10141915,0,8213039,5,1866918,37,2,813,30,1,11,7,1,802,39,4,19011,0,0,0,0,0,8.304130957679998,177.0480999999998,168.7439690423198,214.407105083
0.0008,0.5,0.05,0.98,168.7439690423198,0.5714285714285714,42,24,18,0.14535128462644656,409.1847480319999,368.7439690423198,19058,0.04929577464788732,0.11904761904761904,810,1,1,279.6904761904762,0.007589867017592465,10141915,0,8213030,17,1866915,37,2,813,30,1,11,7,1,802,39,4,19011,0,0,0,0,0,8.304130957679998,177.0480999999998,168.7439690423198,211.789994541
0.0008,0.5,0.05,0.985,168.7439690423198,0.5714285714285714,42,24,18,0.14535128462644656,409.1847480319999,368.7439690423198,19058,0.04929577464788732,0.11904761904761904,810,1,1,279.6904761904762,0.007589867017592465,10141915,0,8213030,17,1866915,37,2,813,30,1,11,7,1,802,39,4,19011,0,0,0,0,0,8.304130957679998,177.0480999999998,168.7439690423198,207.60399425
0.0008,0.5,0.075,0.965,239.54914811272,0.5813953488372093,43,25,18,0.18952386531411677,491.07435737672,439.54914811272,19056,0.05035128805620609,0.13953488372093023,811,2,2,280.16279069767444,0.007718226039235251,10141915,0,8213040,3,1866919,37,4,813,30,2,11,7,2,802,39,3,19011,0,0,0,0,0,12.165951887280004,251.7151,239.54914811272,142.073445792
0.0008,0.5,0.075,0.97,239.54914811272,0.5813953488372093,43,25,18,0.18952386531411677,491.07435737672,439.54914811272,19056,0.05035128805620609,0.13953488372093023,811,2,2,280.16279069767444,0.007718226039235251,10141915,0,8213039,5,1866918,37,4,813,30,2,11,7,2,802,39,3,19011,0,0,0,0,0,12.165951887280004,251.7151,239.54914811272,96.325641083
0.0008,0.5,0.075,0.975,239.54914811272,0.5813953488372093,43,25,18,0.18952386531411677,491.07435737672,439.54914811272,19058,0.05035128805620609,0.13953488372093023,811,2,2,280.16279069767444,0.007718226039235251,10141915,0,8213039,5,1866918,37,4,813,30,2,11,7,2,802,39,4,19011,0,0,0,0,0,12.165951887280004,251.7151,239.54914811272,98.891552541
0.0008,0.5,0.075,0.98,239.54914811272,0.5813953488372093,43,25,18,0.18952386531411677,491.07435737672,439.54914811272,19058,0.05035128805620609,0.13953488372093023,811,2,2,280.16279069767444,0.007718226039235251,10141915,0,8213030,17,1866915,37,4,813,30,2,11,7,2,802,39,4,19011,0,0,0,0,0,12.165951887280004,251.7151,239.54914811272,96.915342959
0.0008,0.5,0.075,0.985,239.54914811272,0.5813953488372093,43,25,18,0.18952386531411677,491.07435737672,439.54914811272,19058,0.05035128805620609,0.13953488372093023,811,2,2,280.16279069767444,0.007718226039235251,10141915,0,8213030,17,1866915,37,4,813,30,2,11,7,2,802,39,4,19011,0,0,0,0,0,12.165951887280004,251.7151,239.54914811272,96.193554791
0.0008,0.5,0.1,0.965,281.3708150487201,0.5813953488372093,43,25,18,0.23310781420593046,567.6067943927201,481.3708150487201,19056,0.05035128805620609,0.16279069767441862,811,2,2,280.16279069767444,0.007153885349169631,10141915,0,8213040,3,1866919,37,4,813,30,2,11,7,2,802,39,3,19011,0,0,0,0,0,16.13428495128,297.5051000000001,281.3708150487201,95.824661292
0.0008,0.5,0.1,0.97,281.3708150487201,0.5813953488372093,43,25,18,0.23310781420593046,567.6067943927201,481.3708150487201,19056,0.05035128805620609,0.16279069767441862,811,2,2,280.16279069767444,0.007153885349169631,10141915,0,8213039,5,1866918,37,4,813,30,2,11,7,2,802,39,3,19011,0,0,0,0,0,16.13428495128,297.5051000000001,281.3708150487201,96.068571375
0.0008,0.5,0.1,0.975,281.3708150487201,0.5813953488372093,43,25,18,0.23310781420593046,567.6067943927201,481.3708150487201,19058,0.05035128805620609,0.16279069767441862,811,2,2,280.16279069767444,0.007153885349169631,10141915,0,8213039,5,1866918,37,4,813,30,2,11,7,2,802,39,4,19011,0,0,0,0,0,16.13428495128,297.5051000000001,281.3708150487201,96.027309917
0.0008,0.5,0.1,0.98,281.3708150487201,0.5813953488372093,43,25,18,0.23310781420593046,567.6067943927201,481.3708150487201,19058,0.05035128805620609,0.16279069767441862,811,2,2,280.16279069767444,0.007153885349169631,10141915,0,8213030,17,1866915,37,4,813,30,2,11,7,2,802,39,4,19011,0,0,0,0,0,16.13428495128,297.5051000000001,281.3708150487201,95.20818025
0.0008,0.5,0.1,0.985,281.3708150487201,0.5813953488372093,43,25,18,0.23310781420593046,567.6067943927201,481.3708150487201,19058,0.05035128805620609,0.16279069767441862,811,2,2,280.16279069767444,0.007153885349169631,10141915,0,8213030,17,1866915,37,4,813,30,2,11,7,2,802,39,4,19011,0,0,0,0,0,16.13428495128,297.5051000000001,281.3708150487201,95.505522208
0.0008,0.5,0.125,0.965,323.2271826919199,0.5681818181818182,44,25,19,0.27689694586242564,598.1153742095998,523.2271826919199,19056,0.05152224824355972,0.18181818181818182,810,2,2,282.65909090909093,0.007221227861069366,10141915,0,8213040,3,1866919,37,4,813,31,2,11,6,2,802,39,3,19011,0,0,0,0,0,17.991917308079998,341.2190999999999,323.2271826919199,95.801024458
0.0008,0.5,0.125,0.97,323.2271826919199,0.5681818181818182,44,25,19,0.27689694586242564,598.1153742095998,523.2271826919199,19056,0.05152224824355972,0.18181818181818182,810,2,2,282.65909090909093,0.007221227861069366,10141915,0,8213039,5,1866918,37,4,813,31,2,11,6,2,802,39,3,19011,0,0,0,0,0,17.991917308079998,341.2190999999999,323.2271826919199,95.229097667
0.0008,0.5,0.125,0.975,323.2271826919199,0.5681818181818182,44,25,19,0.27689694586242564,598.1153742095998,523.2271826919199,19058,0.05152224824355972,0.18181818181818182,810,2,2,282.65909090909093,0.007221227861069366,10141915,0,8213039,5,1866918,37,4,813,31,2,11,6,2,802,39,4,19011,0,0,0,0,0,17.991917308079998,341.2190999999999,323.2271826919199,95.067013958
0.0008,0.5,0.125,0.98,323.2271826919199,0.5681818181818182,44,25,19,0.27689694586242564,598.1153742095998,523.2271826919199,19058,0.05152224824355972,0.18181818181818182,810,2,2,282.65909090909093,0.007221227861069366,10141915,0,8213030,17,1866915,37,4,813,31,2,11,6,2,802,39,4,19011,0,0,0,0,0,17.991917308079998,341.2190999999999,323.2271826919199,94.860570125
0.0008,0.5,0.125,0.985,323.2271826919199,0.5681818181818182,44,25,19,0.27689694586242564,598.1153742095998,523.2271826919199,19058,0.05152224824355972,0.18181818181818182,810,2,2,282.65909090909093,0.007221227861069366,10141915,0,8213030,17,1866915,37,4,813,31,2,11,6,2,802,39,4,19011,0,0,0,0,0,17.991917308079998,341.2190999999999,323.2271826919199,94.949165334
0.0008,0.55,0.03,0.965,235.86107959432007,0.6349206349206349,63,40,23,0.07879758056954947,465.6129228183201,435.8610795943201,19385,0.08056265984654731,0.047619047619047616,719,2,2,291.8253968253968,0.010334111634203665,10141915,0,8259720,3,1879382,49,4,729,42,2,19,7,2,710,59,3,19320,0,0,0,0,0,10.352020405679998,246.21310000000008,235.86107959432007,94.20508125
0.0008,0.55,0.03,0.97,235.86107959432007,0.6349206349206349,63,40,23,0.07879758056954947,465.6129228183201,435.8610795943201,19385,0.08056265984654731,0.047619047619047616,719,2,2,291.8253968253968,0.010334111634203665,10141915,0,8259719,5,1879381,49,4,729,42,2,19,7,2,710,59,3,19320,0,0,0,0,0,10.352020405679998,246.21310000000008,235.86107959432007,95.062651
0.0008,0.55,0.03,0.975,235.86107959432007,0.6349206349206349,63,40,23,0.07879758056954947,465.6129228183201,435.8610795943201,19387,0.08056265984654731,0.047619047619047616,719,2,2,291.8253968253968,0.010334111634203665,10141915,0,8259719,5,1879381,49,4,729,42,2,19,7,2,710,59,4,19320,0,0,0,0,0,10.352020405679998,246.21310000000008,235.86107959432007,95.40654375
0.0008,0.55,0.03,0.98,235.86107959432007,0.6349206349206349,63,40,23,0.07879758056954947,465.6129228183201,435.8610795943201,19387,0.08056265984654731,0.047619047619047616,719,2,2,291.8253968253968,0.010334111634203665,10141915,0,8259710,17,1879378,49,4,729,42,2,19,7,2,710,59,4,19320,0,0,0,0,0,10.352020405679998,246.21310000000008,235.86107959432007,95.664602167
0.0008,0.55,0.03,0.985,235.86107959432007,0.6349206349206349,63,40,23,0.07879758056954947,465.6129228183201,435.8610795943201,19387,0.08056265984654731,0.047619047619047616,719,2,2,291.8253968253968,0.010334111634203665,10141915,0,8259710,17,1879378,49,4,729,42,2,19,7,2,710,59,4,19320,0,0,0,0,0,10.352020405679998,246.21310000000008,235.86107959432007,96.451791791
0.0008,0.55,0.05,0.965,310.93607559688,0.6231884057971014,69,43,26,0.10930096353725648,548.87431965032,510.93607559688,19385,0.08756345177664974,0.08695652173913043,719,2,2,289.5072463768116,0.011805871961125144,10141915,0,8259720,3,1879382,55,4,729,48,2,19,7,2,710,59,3,19320,0,0,0,0,0,16.725824403120004,327.6619,310.93607559688,97.070146709
0.0008,0.55,0.05,0.97,310.93607559688,0.6231884057971014,69,43,26,0.10930096353725648,548.87431965032,510.93607559688,19385,0.08756345177664974,0.08695652173913043,719,2,2,289.5072463768116,0.011805871961125144,10141915,0,8259719,5,1879381,55,4,729,48,2,19,7,2,710,59,3,19320,0,0,0,0,0,16.725824403120004,327.6619,310.93607559688,96.560746292
0.0008,0.55,0.05,0.975,310.93607559688,0.6231884057971014,69,43,26,0.10930096353725648,548.87431965032,510.93607559688,19387,0.08756345177664974,0.08695652173913043,719,2,2,289.5072463768116,0.011805871961125144,10141915,0,8259719,5,1879381,55,4,729,48,2,19,7,2,710,59,4,19320,0,0,0,0,0,16.725824403120004,327.6619,310.93607559688,96.0853
0.0008,0.55,0.05,0.98,310.93607559688,0.6231884057971014,69,43,26,0.10930096353725648,548.87431965032,510.93607559688,19387,0.08756345177664974,0.08695652173913043,719,2,2,289.5072463768116,0.011805871961125144,10141915,0,8259710,17,1879378,55,4,729,48,2,19,7,2,710,59,4,19320,0,0,0,0,0,16.725824403120004,327.6619,310.93607559688,95.854728834
0.0008,0.55,0.05,0.985,310.93607559688,0.6231884057971014,69,43,26,0.10930096353725648,548.87431965032,510.93607559688,19387,0.08756345177664974,0.08695652173913043,719,2,2,289.5072463768116,0.011805871961125144,10141915,0,8259710,17,1879378,55,4,729,48,2,19,7,2,710,59,4,19320,0,0,0,0,0,16.725824403120004,327.6619,310.93607559688,94.78688825
0.0008,0.55,0.075,0.965,374.5672010992798,0.6231884057971014,69,43,26,0.16917674852467762,651.2109789447197,574.5672010992798,19385,0.08756345177664974,0.13043478260869565,719,2,2,289.5072463768116,0.012024964631770023,10141915,0,8259720,3,1879382,55,4,729,48,2,19,7,2,710,59,3,19320,0,0,0,0,0,23.881698900720004,398.4488999999998,374.5672010992798,95.458035167
0.0008,0.55,0.075,0.97,374.5672010992798,0.6231884057971014,69,43,26,0.16917674852467762,651.2109789447197,574.5672010992798,19385,0.08756345177664974,0.13043478260869565,719,2,2,289.5072463768116,0.012024964631770023,10141915,0,8259719,5,1879381,55,4,729,48,2,19,7,2,710,59,3,19320,0,0,0,0,0,23.881698900720004,398.4488999999998,374.5672010992798,95.069602125
0.0008,0.55,0.075,0.975,374.5672010992798,0.6231884057971014,69,43,26,0.16917674852467762,651.2109789447197,574.5672010992798,19387,0.08756345177664974,0.13043478260869565,719,2,2,289.5072463768116,0.012024964631770023,10141915,0,8259719,5,1879381,55,4,729,48,2,19,7,2,710,59,4,19320,0,0,0,0,0,23.881698900720004,398.4488999999998,374.5672010992798,96.322755791
0.0008,0.55,0.075,0.98,374.5672010992798,0.6231884057971014,69,43,26,0.16917674852467762,651.2109789447197,574.5672010992798,19387,0.08756345177664974,0.13043478260869565,719,2,2,289.5072463768116,0.012024964631770023,10141915,0,8259710,17,1879378,55,4,729,48,2,19,7,2,710,59,4,19320,0,0,0,0,0,23.881698900720004,398.4488999999998,374.5672010992798,96.7143265
0.0008,0.55,0.075,0.985,374.5672010992798,0.6231884057971014,69,43,26,0.16917674852467762,651.2109789447197,574.5672010992798,19387,0.08756345177664974,0.13043478260869565,719,2,2,289.5072463768116,0.012024964631770023,10141915,0,8259710,17,1879378,55,4,729,48,2,19,7,2,710,59,4,19320,0,0,0,0,0,23.881698900720004,398.4488999999998,374.5672010992798,96.584587917
0.0008,0.55,0.1,0.965,403.20382513128004,0.6231884057971014,69,43,26,0.2344726760149787,737.2174700407201,603.20382513128,19385,0.08756345177664974,0.13043478260869565,719,2,2,289.5072463768116,0.011948387809652102,10141915,0,8259720,3,1879382,55,4,729,48,2,19,7,2,710,59,3,19320,0,0,0,0,0,30.405074868719996,433.60890000000006,403.20382513128004,96.180983666
0.0008,0.55,0.1,0.97,403.20382513128004,0.6231884057971014,69,43,26,0.2344726760149787,737.2174700407201,603.20382513128,19385,0.08756345177664974,0.13043478260869565,719,2,2,289.5072463768116,0.011948387809652102,10141915,0,8259719,5,1879381,55,4,729,48,2,19,7,2,710,59,3,19320,0,0,0,0,0,30.405074868719996,433.60890000000006,403.20382513128004,95.23803425
0.0008,0.55,0.1,0.975,403.20382513128004,0.6231884057971014,69,43,26,0.2344726760149787,737.2174700407201,603.20382513128,19387,0.08756345177664974,0.13043478260869565,719,2,2,289.5072463768116,0.011948387809652102,10141915,0,8259719,5,1879381,55,4,729,48,2,19,7,2,710,59,4,19320,0,0,0,0,0,30.405074868719996,433.60890000000006,403.20382513128004,95.69029175
0.0008,0.55,0.1,0.98,403.20382513128004,0.6231884057971014,69,43,26,0.2344726760149787,737.2174700407201,603.20382513128,19387,0.08756345177664974,0.13043478260869565,719,2,2,289.5072463768116,0.011948387809652102,10141915,0,8259710,17,1879378,55,4,729,48,2,19,7,2,710,59,4,19320,0,0,0,0,0,30.405074868719996,433.60890000000006,403.20382513128004,96.675392375
0.0008,0.55,0.1,0.985,403.20382513128004,0.6231884057971014,69,43,26,0.2344726760149787,737.2174700407201,603.20382513128,19387,0.08756345177664974,0.13043478260869565,719,2,2,289.5072463768116,0.011948387809652102,10141915,0,8259710,17,1879378,55,4,729,48,2,19,7,2,710,59,4,19320,0,0,0,0,0,30.405074868719996,433.60890000000006,403.20382513128004,98.188165333
0.0008,0.55,0.125,0.965,384.3022485984799,0.6142857142857143,70,43,27,0.2581222294963913,736.67402935592,584.3022485984799,19385,0.08883248730964467,0.15714285714285714,718,2,2,290.1142857142857,0.012664682874669377,10141915,0,8259720,3,1879382,55,4,729,49,2,19,6,2,710,59,3,19320,0,0,0,0,0,33.960651401519996,418.2628999999999,384.3022485984799,95.692668958
0.0008,0.55,0.125,0.97,384.3022485984799,0.6142857142857143,70,43,27,0.2581222294963913,736.67402935592,584.3022485984799,19385,0.08883248730964467,0.15714285714285714,718,2,2,290.1142857142857,0.012664682874669377,10141915,0,8259719,5,1879381,55,4,729,49,2,19,6,2,710,59,3,19320,0,0,0,0,0,33.960651401519996,418.2628999999999,384.3022485984799,98.259282209
0.0008,0.55,0.125,0.975,384.3022485984799,0.6142857142857143,70,43,27,0.2581222294963913,736.67402935592,584.3022485984799,19387,0.08883248730964467,0.15714285714285714,718,2,2,290.1142857142857,0.012664682874669377,10141915,0,8259719,5,1879381,55,4,729,49,2,19,6,2,710,59,4,19320,0,0,0,0,0,33.960651401519996,418.2628999999999,384.3022485984799,96.910298542
0.0008,0.55,0.125,0.98,384.3022485984799,0.6142857142857143,70,43,27,0.2581222294963913,736.67402935592,584.3022485984799,19387,0.08883248730964467,0.15714285714285714,718,2,2,290.1142857142857,0.012664682874669377,10141915,0,8259710,17,1879378,55,4,729,49,2,19,6,2,710,59,4,19320,0,0,0,0,0,33.960651401519996,418.2628999999999,384.3022485984799,96.041710584
0.0008,0.55,0.125,0.985,384.3022485984799,0.6142857142857143,70,43,27,0.2581222294963913,736.67402935592,584.3022485984799,19387,0.08883248730964467,0.15714285714285714,718,2,2,290.1142857142857,0.012664682874669377,10141915,0,8259710,17,1879378,55,4,729,49,2,19,6,2,710,59,4,19320,0,0,0,0,0,33.960651401519996,418.2628999999999,384.3022485984799,96.052524417
0.0008,0.6,0.03,0.965,475.9608643373599,0.7037037037037037,108,76,32,0.07938940891682486,713.6585689213599,675.9608643373599,19428,0.17447495961227788,0.05555555555555555,511,2,2,293.23148148148147,0.010272328917851896,10141915,0,8223928,3,1873386,88,4,527,76,2,30,12,2,497,102,3,19320,0,0,0,0,0,22.81543566264001,498.77629999999994,475.9608643373599,95.912024125
0.0008,0.6,0.03,0.97,475.9608643373599,0.7037037037037037,108,76,32,0.07938940891682486,713.6585689213599,675.9608643373599,19428,0.17447495961227788,0.05555555555555555,511,2,2,293.23148148148147,0.010272328917851896,10141915,0,8223927,5,1873385,88,4,527,76,2,30,12,2,497,102,3,19320,0,0,0,0,0,22.81543566264001,498.77629999999994,475.9608643373599,96.103083208
0.0008,0.6,0.03,0.975,475.9608643373599,0.7037037037037037,108,76,32,0.07938940891682486,713.6585689213599,675.9608643373599,19430,0.17447495961227788,0.05555555555555555,511,2,2,293.23148148148147,0.010272328917851896,10141915,0,8223927,5,1873385,88,4,527,76,2,30,12,2,497,102,4,19320,0,0,0,0,0,22.81543566264001,498.77629999999994,475.9608643373599,95.105057166
0.0008,0.6,0.03,0.98,475.9608643373599,0.7037037037037037,108,76,32,0.07938940891682486,713.6585689213599,675.9608643373599,19430,0.17447495961227788,0.05555555555555555,511,2,2,293.23148148148147,0.010272328917851896,10141915,0,8223918,17,1873382,88,4,527,76,2,30,12,2,497,102,4,19320,0,0,0,0,0,22.81543566264001,498.77629999999994,475.9608643373599,95.200641167
0.0008,0.6,0.03,0.985,475.9608643373599,0.7037037037037037,108,76,32,0.07938940891682486,713.6585689213599,675.9608643373599,19430,0.17447495961227788,0.05555555555555555,511,2,2,293.23148148148147,0.010272328917851896,10141915,0,8223918,17,1873382,88,4,527,76,2,30,12,2,497,102,4,19320,0,0,0,0,0,22.81543566264001,498.77629999999994,475.9608643373599,96.303272791
0.0008,0.6,0.05,0.965,683.3642048132002,0.6929824561403509,114,79,35,0.16669500461538592,956.7764623946402,883.3642048132002,19230,0.1859706362153344,0.10526315789473684,499,2,2,292.35087719298247,0.010882579414467337,10141915,0,8215304,3,1870473,93,4,516,82,2,30,11,2,486,101,3,19123,0,1,0,0,0,37.984495186800004,721.3487000000002,683.3642048132002,95.235037292
0.0008,0.6,0.05,0.97,683.3642048132002,0.6929824561403509,114,79,35,0.16669500461538592,956.7764623946402,883.3642048132002,19230,0.1859706362153344,0.10526315789473684,499,2,2,292.35087719298247,0.010882579414467337,10141915,0,8215303,5,1870472,93,4,516,82,2,30,11,2,486,101,3,19123,0,1,0,0,0,37.984495186800004,721.3487000000002,683.3642048132002,95.042649708
0.0008,0.6,0.05,0.975,683.3642048132002,0.6929824561403509,114,79,35,0.16669500461538592,956.7764623946402,883.3642048132002,19232,0.1859706362153344,0.10526315789473684,499,2,2,292.35087719298247,0.010882579414467337,10141915,0,8215303,5,1870472,93,4,516,82,2,30,11,2,486,101,4,19123,0,1,0,0,0,37.984495186800004,721.3487000000002,683.3642048132002,94.887714458
0.0008,0.6,0.05,0.98,683.3642048132002,0.6929824561403509,114,79,35,0.16669500461538592,956.7764623946402,883.3642048132002,19232,0.1859706362153344,0.10526315789473684,499,2,2,292.35087719298247,0.010882579414467337,10141915,0,8215294,17,1870469,93,4,516,82,2,30,11,2,486,101,4,19123,0,1,0,0,0,37.984495186800004,721.3487000000002,683.3642048132002,94.989098167
0.0008,0.6,0.05,0.985,683.3642048132002,0.6929824561403509,114,79,35,0.16669500461538592,956.7764623946402,883.3642048132002,19232,0.1859706362153344,0.10526315789473684,499,2,2,292.35087719298247,0.010882579414467337,10141915,0,8215294,17,1870469,93,4,516,82,2,30,11,2,486,101,4,19123,0,1,0,0,0,37.984495186800004,721.3487000000002,683.3642048132002,94.649597083
0.0008,0.6,0.075,0.965,984.3204568308008,0.6956521739130435,115,80,35,0.240186307940344,1358.7899349882405,1184.3204568308008,19230,0.18729641693811075,0.1391304347826087,499,2,2,292.02608695652174,0.010034905168063782,10141915,0,8215304,3,1870473,94,4,516,83,2,30,11,2,486,101,3,19123,0,1,0,0,0,61.51524316919998,1045.8357000000008,984.3204568308008,94.393871292
0.0008,0.6,0.075,0.97,984.3204568308008,0.6956521739130435,115,80,35,0.240186307940344,1358.7899349882405,1184.3204568308008,19230,0.18729641693811075,0.1391304347826087,499,2,2,292.02608695652174,0.010034905168063782,10141915,0,8215303,5,1870472,94,4,516,83,2,30,11,2,486,101,3,19123,0,1,0,0,0,61.51524316919998,1045.8357000000008,984.3204568308008,95.090895958
0.0008,0.6,0.075,0.975,984.3204568308008,0.6956521739130435,115,80,35,0.240186307940344,1358.7899349882405,1184.3204568308008,19232,0.18729641693811075,0.1391304347826087,499,2,2,292.02608695652174,0.010034905168063782,10141915,0,8215303,5,1870472,94,4,516,83,2,30,11,2,486,101,4,19123,0,1,0,0,0,61.51524316919998,1045.8357000000008,984.3204568308008,95.4215695
0.0008,0.6,0.075,0.98,984.3204568308008,0.6956521739130435,115,80,35,0.240186307940344,1358.7899349882405,1184.3204568308008,19232,0.18729641693811075,0.1391304347826087,499,2,2,292.02608695652174,0.010034905168063782,10141915,0,8215294,17,1870469,94,4,516,83,2,30,11,2,486,101,4,19123,0,1,0,0,0,61.51524316919998,1045.8357000000008,984.3204568308008,96.289621292
0.0008,0.6,0.075,0.985,984.3204568308008,0.6956521739130435,115,80,35,0.240186307940344,1358.7899349882405,1184.3204568308008,19232,0.18729641693811075,0.1391304347826087,499,2,2,292.02608695652174,0.010034905168063782,10141915,0,8215294,17,1870469,94,4,516,83,2,30,11,2,486,101,4,19123,0,1,0,0,0,61.51524316919998,1045.8357000000008,984.3204568308008,96.638560167
0.0008,0.6,0.1,0.965,1194.1502241177593,0.6909090909090909,110,76,34,0.32873275065784535,1685.7189015871995,1394.1502241177593,19230,0.18803418803418803,0.19090909090909092,475,2,2,293.1181818181818,0.009061335731856654,10141915,0,8215304,3,1870473,90,4,491,79,2,29,11,2,462,101,3,19123,0,358,0,0,0,81.63277588224,1275.7829999999992,1194.1502241177593,97.202013625
0.0008,0.6,0.1,0.97,1194.1502241177593,0.6909090909090909,110,76,34,0.32873275065784535,1685.7189015871995,1394.1502241177593,19230,0.18803418803418803,0.19090909090909092,475,2,2,293.1181818181818,0.009061335731856654,10141915,0,8215303,5,1870472,90,4,491,79,2,29,11,2,462,101,3,19123,0,358,0,0,0,81.63277588224,1275.7829999999992,1194.1502241177593,95.388193625
0.0008,0.6,0.1,0.975,1194.1502241177593,0.6909090909090909,110,76,34,0.32873275065784535,1685.7189015871995,1394.1502241177593,19232,0.18803418803418803,0.19090909090909092,475,2,2,293.1181818181818,0.009061335731856654,10141915,0,8215303,5,1870472,90,4,491,79,2,29,11,2,462,101,4,19123,0,358,0,0,0,81.63277588224,1275.7829999999992,1194.1502241177593,95.123726208
0.0008,0.6,0.1,0.98,1194.1502241177593,0.6909090909090909,110,76,34,0.32873275065784535,1685.7189015871995,1394.1502241177593,19232,0.18803418803418803,0.19090909090909092,475,2,2,293.1181818181818,0.009061335731856654,10141915,0,8215294,17,1870469,90,4,491,79,2,29,11,2,462,101,4,19123,0,358,0,0,0,81.63277588224,1275.7829999999992,1194.1502241177593,95.702743917
0.0008,0.6,0.1,0.985,1194.1502241177593,0.6909090909090909,110,76,34,0.32873275065784535,1685.7189015871995,1394.1502241177593,19232,0.18803418803418803,0.19090909090909092,475,2,2,293.1181818181818,0.009061335731856654,10141915,0,8215294,17,1870469,90,4,491,79,2,29,11,2,462,101,4,19123,0,358,0,0,0,81.63277588224,1275.7829999999992,1194.1502241177593,95.807514459
0.0008,0.6,0.125,0.965,1129.10137121904,0.6880733944954128,109,75,34,0.3270798869608161,1694.71522758688,1329.10137121904,19230,0.1892361111111111,0.22935779816513763,467,2,2,292.9908256880734,0.009152257577663189,10141915,0,8215304,3,1870473,89,4,483,78,2,29,11,2,454,101,3,19123,0,450,0,0,0,87.86482878095998,1216.9661999999998,1129.10137121904,95.17821225
0.0008,0.6,0.125,0.97,1129.10137121904,0.6880733944954128,109,75,34,0.3270798869608161,1694.71522758688,1329.10137121904,19230,0.1892361111111111,0.22935779816513763,467,2,2,292.9908256880734,0.009152257577663189,10141915,0,8215303,5,1870472,89,4,483,78,2,29,11,2,454,101,3,19123,0,450,0,0,0,87.86482878095998,1216.9661999999998,1129.10137121904,95.544750875
0.0008,0.6,0.125,0.975,1129.10137121904,0.6880733944954128,109,75,34,0.3270798869608161,1694.71522758688,1329.10137121904,19232,0.1892361111111111,0.22935779816513763,467,2,2,292.9908256880734,0.009152257577663189,10141915,0,8215303,5,1870472,89,4,483,78,2,29,11,2,454,101,4,19123,0,450,0,0,0,87.86482878095998,1216.9661999999998,1129.10137121904,95.808029458
0.0008,0.6,0.125,0.98,1129.10137121904,0.6880733944954128,109,75,34,0.3270798869608161,1694.71522758688,1329.10137121904,19232,0.1892361111111111,0.22935779816513763,467,2,2,292.9908256880734,0.009152257577663189,10141915,0,8215294,17,1870469,89,4,483,78,2,29,11,2,454,101,4,19123,0,450,0,0,0,87.86482878095998,1216.9661999999998,1129.10137121904,95.359794666
0.0008,0.6,0.125,0.985,1129.10137121904,0.6880733944954128,109,75,34,0.3270798869608161,1694.71522758688,1329.10137121904,19232,0.1892361111111111,0.22935779816513763,467,2,2,292.9908256880734,0.009152257577663189,10141915,0,8215294,17,1870469,89,4,483,78,2,29,11,2,454,101,4,19123,0,450,0,0,0,87.86482878095998,1216.9661999999998,1129.10137121904,95.040119792
0.0008,0.65,0.03,0.965,467.01128692504074,0.6927710843373494,166,115,51,0.18850588767629295,807.9229830610408,667.0112869250407,19472,0.4322916666666667,0.060240963855421686,218,2,2,291.40361445783134,0.01050270154073566,10141915,0,8206155,3,1869325,131,4,249,116,2,48,15,2,201,146,3,19320,0,0,0,0,0,39.44041307496,506.45170000000076,467.01128692504074,95.59633325
0.0008,0.65,0.03,0.97,467.01128692504074,0.6927710843373494,166,115,51,0.18850588767629295,807.9229830610408,667.0112869250407,19472,0.4322916666666667,0.060240963855421686,218,2,2,291.40361445783134,0.01050270154073566,10141915,0,8206154,5,1869324,131,4,249,116,2,48,15,2,201,146,3,19320,0,0,0,0,0,39.44041307496,506.45170000000076,467.01128692504074,95.298649084
0.0008,0.65,0.03,0.975,467.01128692504074,0.6927710843373494,166,115,51,0.18850588767629295,807.9229830610408,667.0112869250407,19474,0.4322916666666667,0.060240963855421686,218,2,2,291.40361445783134,0.01050270154073566,10141915,0,8206154,5,1869324,131,4,249,116,2,48,15,2,201,146,4,19320,0,0,0,0,0,39.44041307496,506.45170000000076,467.01128692504074,94.4703175
0.0008,0.65,0.03,0.98,467.01128692504074,0.6927710843373494,166,115,51,0.18850588767629295,807.9229830610408,667.0112869250407,19474,0.4322916666666667,0.060240963855421686,218,2,2,291.40361445783134,0.01050270154073566,10141915,0,8206145,17,1869321,131,4,249,116,2,48,15,2,201,146,4,19320,0,0,0,0,0,39.44041307496,506.45170000000076,467.01128692504074,94.908998541
0.0008,0.65,0.03,0.985,467.01128692504074,0.6927710843373494,166,115,51,0.18850588767629295,807.9229830610408,667.0112869250407,19474,0.4322916666666667,0.060240963855421686,218,2,2,291.40361445783134,0.01050270154073566,10141915,0,8206145,17,1869321,131,4,249,116,2,48,15,2,201,146,4,19320,0,0,0,0,0,39.44041307496,506.45170000000076,467.01128692504074,94.4152785
0.0008,0.65,0.05,0.965,558.1127060523202,0.6882352941176471,170,117,53,0.21698960694205052,947.8437993777601,758.1127060523202,19472,0.4381443298969072,0.11764705882352941,218,2,2,290.82941176470587,0.011364978186473008,10141915,0,8206155,3,1869325,135,4,249,120,2,48,15,2,201,146,3,19320,0,0,0,0,0,58.301093947679995,616.4138000000002,558.1127060523202,94.2724125
0.0008,0.65,0.05,0.97,558.1127060523202,0.6882352941176471,170,117,53,0.21698960694205052,947.8437993777601,758.1127060523202,19472,0.4381443298969072,0.11764705882352941,218,2,2,290.82941176470587,0.011364978186473008,10141915,0,8206154,5,1869324,135,4,249,120,2,48,15,2,201,146,3,19320,0,0,0,0,0,58.301093947679995,616.4138000000002,558.1127060523202,95.929344792
0.0008,0.65,0.05,0.975,558.1127060523202,0.6882352941176471,170,117,53,0.21698960694205052,947.8437993777601,758.1127060523202,19474,0.4381443298969072,0.11764705882352941,218,2,2,290.82941176470587,0.011364978186473008,10141915,0,8206154,5,1869324,135,4,249,120,2,48,15,2,201,146,4,19320,0,0,0,0,0,58.301093947679995,616.4138000000002,558.1127060523202,95.354300834
0.0008,0.65,0.05,0.98,558.1127060523202,0.6882352941176471,170,117,53,0.21698960694205052,947.8437993777601,758.1127060523202,19474,0.4381443298969072,0.11764705882352941,218,2,2,290.82941176470587,0.011364978186473008,10141915,0,8206145,17,1869321,135,4,249,120,2,48,15,2,201,146,4,19320,0,0,0,0,0,58.301093947679995,616.4138000000002,558.1127060523202,95.6650875
0.0008,0.65,0.05,0.985,558.1127060523202,0.6882352941176471,170,117,53,0.21698960694205052,947.8437993777601,758.1127060523202,19474,0.4381443298969072,0.11764705882352941,218,2,2,290.82941176470587,0.011364978186473008,10141915,0,8206145,17,1869321,135,4,249,120,2,48,15,2,201,146,4,19320,0,0,0,0,0,58.301093947679995,616.4138000000002,558.1127060523202,95.514410958
0.0008,0.65,0.075,0.965,698.3832097188798,0.6900584795321637,171,118,53,0.2435236001269759,1155.91167352432,898.3832097188798,19472,0.43958868894601544,0.15789473684210525,218,2,2,290.58479532163744,0.011059945786140774,10141915,0,8206155,3,1869325,136,4,249,121,2,48,15,2,201,146,3,19320,0,0,0,0,0,83.43319028111999,781.8163999999998,698.3832097188798,95.360601958
0.0008,0.65,0.075,0.97,698.3832097188798,0.6900584795321637,171,118,53,0.2435236001269759,1155.91167352432,898.3832097188798,19472,0.43958868894601544,0.15789473684210525,218,2,2,290.58479532163744,0.011059945786140774,10141915,0,8206154,5,1869324,136,4,249,121,2,48,15,2,201,146,3,19320,0,0,0,0,0,83.43319028111999,781.8163999999998,698.3832097188798,95.578621875
0.0008,0.65,0.075,0.975,698.3832097188798,0.6900584795321637,171,118,53,0.2435236001269759,1155.91167352432,898.3832097188798,19474,0.43958868894601544,0.15789473684210525,218,2,2,290.58479532163744,0.011059945786140774,10141915,0,8206154,5,1869324,136,4,249,121,2,48,15,2,201,146,4,19320,0,0,0,0,0,83.43319028111999,781.8163999999998,698.3832097188798,95.576731041
0.0008,0.65,0.075,0.98,698.3832097188798,0.6900584795321637,171,118,53,0.2435236001269759,1155.91167352432,898.3832097188798,19474,0.43958868894601544,0.15789473684210525,218,2,2,290.58479532163744,0.011059945786140774,10141915,0,8206145,17,1869321,136,4,249,121,2,48,15,2,201,146,4,19320,0,0,0,0,0,83.43319028111999,781.8163999999998,698.3832097188798,95.39002575
0.0008,0.65,0.075,0.985,698.3832097188798,0.6900584795321637,171,118,53,0.2435236001269759,1155.91167352432,898.3832097188798,19474,0.43958868894601544,0.15789473684210525,218,2,2,290.58479532163744,0.011059945786140774,10141915,0,8206145,17,1869321,136,4,249,121,2,48,15,2,201,146,4,19320,0,0,0,0,0,83.43319028111999,781.8163999999998,698.3832097188798,94.36131025
0.0008,0.65,0.1,0.965,804.8032304496797,0.6900584795321637,171,118,53,0.2915569649930059,1356.4067378151199,1004.8032304496797,19472,0.43958868894601544,0.19883040935672514,218,2,2,290.58479532163744,0.011197742099956618,10141915,0,8206155,3,1869325,136,4,249,121,2,48,15,2,201,146,3,19320,0,0,0,0,0,107.49126955032001,912.2944999999997,804.8032304496797,95.017682458
0.0008,0.65,0.1,0.97,804.8032304496797,0.6900584795321637,171,118,53,0.2915569649930059,1356.4067378151199,1004.8032304496797,19472,0.43958868894601544,0.19883040935672514,218,2,2,290.58479532163744,0.011197742099956618,10141915,0,8206154,5,1869324,136,4,249,121,2,48,15,2,201,146,3,19320,0,0,0,0,0,107.49126955032001,912.2944999999997,804.8032304496797,95.401538625
0.0008,0.65,0.1,0.975,804.8032304496797,0.6900584795321637,171,118,53,0.2915569649930059,1356.4067378151199,1004.8032304496797,19474,0.43958868894601544,0.19883040935672514,218,2,2,290.58479532163744,0.011197742099956618,10141915,0,8206154,5,1869324,136,4,249,121,2,48,15,2,201,146,4,19320,0,0,0,0,0,107.49126955032001,912.2944999999997,804.8032304496797,94.65884125
0.0008,0.65,0.1,0.98,804.8032304496797,0.6900584795321637,171,118,53,0.2915569649930059,1356.4067378151199,1004.8032304496797,19474,0.43958868894601544,0.19883040935672514,218,2,2,290.58479532163744,0.011197742099956618,10141915,0,8206145,17,1869321,136,4,249,121,2,48,15,2,201,146,4,19320,0,0,0,0,0,107.49126955032001,912.2944999999997,804.8032304496797,97.05309225
0.0008,0.65,0.1,0.985,804.8032304496797,0.6900584795321637,171,118,53,0.2915569649930059,1356.4067378151199,1004.8032304496797,19474,0.43958868894601544,0.19883040935672514,218,2,2,290.58479532163744,0.011197742099956618,10141915,0,8206145,17,1869321,136,4,249,121,2,48,15,2,201,146,4,19320,0,0,0,0,0,107.49126955032001,912.2944999999997,804.8032304496797,94.677670208
0.0008,0.65,0.125,0.965,803.3291311451189,0.6946107784431138,167,116,51,0.35591650516805107,1524.7623310225592,1003.3291311451189,19472,0.4360313315926893,0.24550898203592814,216,2,2,290.61077844311376,0.011438973426054226,10141915,0,8208475,3,1868063,132,4,247,117,2,48,15,2,199,146,3,19320,0,233,0,0,0,123.12706885488004,926.456199999999,803.3291311451189,94.470302833
0.0008,0.65,0.125,0.97,803.3291311451189,0.6946107784431138,167,116,51,0.35591650516805107,1524.7623310225592,1003.3291311451189,19472,0.4360313315926893,0.24550898203592814,216,2,2,290.61077844311376,0.011438973426054226,10141915,0,8208474,5,1868062,132,4,247,117,2,48,15,2,199,146,3,19320,0,233,0,0,0,123.12706885488004,926.456199999999,803.3291311451189,95.996925375
0.0008,0.65,0.125,0.975,803.3291311451189,0.6946107784431138,167,116,51,0.35591650516805107,1524.7623310225592,1003.3291311451189,19474,0.4360313315926893,0.24550898203592814,216,2,2,290.61077844311376,0.011438973426054226,10141915,0,8208474,5,1868062,132,4,247,117,2,48,15,2,199,146,4,19320,0,233,0,0,0,123.12706885488004,926.456199999999,803.3291311451189,93.432284583
0.0008,0.65,0.125,0.98,803.3291311451189,0.6946107784431138,167,116,51,0.35591650516805107,1524.7623310225592,1003.3291311451189,19474,0.4360313315926893,0.24550898203592814,216,2,2,290.61077844311376,0.011438973426054226,10141915,0,8208465,17,1868059,132,4,247,117,2,48,15,2,199,146,4,19320,0,233,0,0,0,123.12706885488004,926.456199999999,803.3291311451189,94.587889959
0.0008,0.65,0.125,0.985,803.3291311451189,0.6946107784431138,167,116,51,0.35591650516805107,1524.7623310225592,1003.3291311451189,19474,0.4360313315926893,0.24550898203592814,216,2,2,290.61077844311376,0.011438973426054226,10141915,0,8208465,17,1868059,132,4,247,117,2,48,15,2,199,146,4,19320,0,233,0,0,0,123.12706885488004,926.456199999999,803.3291311451189,95.479718125
0.0008,0.7,0.03,0.965,375.2125388253596,0.7044334975369458,203,143,60,0.22487995814297446,717.0297364493597,575.2125388253596,19055,0.697594501718213,0.029556650246305417,88,2,2,291.07881773399015,0.010897599680752101,10141915,0,8117672,3,1846225,157,4,130,142,2,59,15,2,71,186,3,18863,0,0,0,0,0,38.31376117464,413.5262999999996,375.2125388253596,210.79398775
0.0008,0.7,0.03,0.97,375.2125388253596,0.7044334975369458,203,143,60,0.22487995814297446,717.0297364493597,575.2125388253596,19055,0.697594501718213,0.029556650246305417,88,2,2,291.07881773399015,0.010897599680752101,10141915,0,8117671,5,1846224,157,4,130,142,2,59,15,2,71,186,3,18863,0,0,0,0,0,38.31376117464,413.5262999999996,375.2125388253596,210.817578458
0.0008,0.7,0.03,0.975,375.2125388253596,0.7044334975369458,203,143,60,0.22487995814297446,717.0297364493597,575.2125388253596,19057,0.697594501718213,0.029556650246305417,88,2,2,291.07881773399015,0.010897599680752101,10141915,0,8117671,5,1846224,157,4,130,142,2,59,15,2,71,186,4,18863,0,0,0,0,0,38.31376117464,413.5262999999996,375.2125388253596,206.086911208
0.0008,0.7,0.03,0.98,375.2125388253596,0.7044334975369458,203,143,60,0.22487995814297446,717.0297364493597,575.2125388253596,19057,0.697594501718213,0.029556650246305417,88,2,2,291.07881773399015,0.010897599680752101,10141915,0,8117662,17,1846221,157,4,130,142,2,59,15,2,71,186,4,18863,0,0,0,0,0,38.31376117464,413.5262999999996,375.2125388253596,147.39082225
0.0008,0.7,0.03,0.985,375.2125388253596,0.7044334975369458,203,143,60,0.22487995814297446,717.0297364493597,575.2125388253596,19057,0.697594501718213,0.029556650246305417,88,2,2,291.07881773399015,0.010897599680752101,10141915,0,8117662,17,1846221,157,4,130,142,2,59,15,2,71,186,4,18863,0,0,0,0,0,38.31376117464,413.5262999999996,375.2125388253596,95.940108083
0.0008,0.7,0.05,0.965,460.1743640485598,0.6981132075471698,212,148,64,0.27832603207974155,878.1681823925597,660.1743640485598,19055,0.7090301003344481,0.05188679245283019,87,2,2,290.25,0.011368571314728614,10141915,0,8117672,3,1846225,165,4,130,151,2,59,14,2,71,186,3,18863,0,0,0,0,0,57.00293595144001,517.1772999999998,460.1743640485598,98.156946333
0.0008,0.7,0.05,0.97,460.1743640485598,0.6981132075471698,212,148,64,0.27832603207974155,878.1681823925597,660.1743640485598,19055,0.7090301003344481,0.05188679245283019,87,2,2,290.25,0.011368571314728614,10141915,0,8117671,5,1846224,165,4,130,151,2,59,14,2,71,186,3,18863,0,0,0,0,0,57.00293595144001,517.1772999999998,460.1743640485598,96.33611325
0.0008,0.7,0.05,0.975,460.1743640485598,0.6981132075471698,212,148,64,0.27832603207974155,878.1681823925597,660.1743640485598,19057,0.7090301003344481,0.05188679245283019,87,2,2,290.25,0.011368571314728614,10141915,0,8117671,5,1846224,165,4,130,151,2,59,14,2,71,186,4,18863,0,0,0,0,0,57.00293595144001,517.1772999999998,460.1743640485598,95.151224375
0.0008,0.7,0.05,0.98,460.1743640485598,0.6981132075471698,212,148,64,0.27832603207974155,878.1681823925597,660.1743640485598,19057,0.7090301003344481,0.05188679245283019,87,2,2,290.25,0.011368571314728614,10141915,0,8117662,17,1846221,165,4,130,151,2,59,14,2,71,186,4,18863,0,0,0,0,0,57.00293595144001,517.1772999999998,460.1743640485598,95.764122125
0.0008,0.7,0.05,0.985,460.1743640485598,0.6981132075471698,212,148,64,0.27832603207974155,878.1681823925597,660.1743640485598,19057,0.7090301003344481,0.05188679245283019,87,2,2,290.25,0.011368571314728614,10141915,0,8117662,17,1846221,165,4,130,151,2,59,14,2,71,186,4,18863,0,0,0,0,0,57.00293595144001,517.1772999999998,460.1743640485598,95.690117167
0.0008,0.7,0.075,0.965,484.66923089976,0.7019230769230769,208,146,62,0.36199679677516117,1044.8144339125602,684.66923089976,19056,0.7098976109215017,0.08653846153846154,85,2,2,290.1682692307692,0.01130037603282202,10141915,0,8119992,3,1844963,161,4,128,147,2,59,14,2,69,187,3,18863,0,235,0,0,0,77.86406910023999,562.5333,484.66923089976,95.272235916
0.0008,0.7,0.075,0.97,484.66923089976,0.7019230769230769,208,146,62,0.36199679677516117,1044.8144339125602,684.66923089976,19056,0.7098976109215017,0.08653846153846154,85,2,2,290.1682692307692,0.01130037603282202,10141915,0,8119991,5,1844962,161,4,128,147,2,59,14,2,69,187,3,18863,0,235,0,0,0,77.86406910023999,562.5333,484.66923089976,95.184715125
0.0008,0.7,0.075,0.975,484.66923089976,0.7019230769230769,208,146,62,0.36199679677516117,1044.8144339125602,684.66923089976,19058,0.7098976109215017,0.08653846153846154,85,2,2,290.1682692307692,0.01130037603282202,10141915,0,8119991,5,1844962,161,4,128,147,2,59,14,2,69,187,4,18863,0,235,0,0,0,77.86406910023999,562.5333,484.66923089976,95.403085459
0.0008,0.7,0.075,0.98,484.66923089976,0.7019230769230769,208,146,62,0.36199679677516117,1044.8144339125602,684.66923089976,19058,0.7098976109215017,0.08653846153846154,85,2,2,290.1682692307692,0.01130037603282202,10141915,0,8119982,17,1844959,161,4,128,147,2,59,14,2,69,187,4,18863,0,235,0,0,0,77.86406910023999,562.5333,484.66923089976,95.650436625
0.0008,0.7,0.075,0.985,484.66923089976,0.7019230769230769,208,146,62,0.36199679677516117,1044.8144339125602,684.66923089976,19058,0.7098976109215017,0.08653846153846154,85,2,2,290.1682692307692,0.01130037603282202,10141915,0,8119982,17,1844959,161,4,128,147,2,59,14,2,69,187,4,18863,0,235,0,0,0,77.86406910023999,562.5333,484.66923089976,95.397201041
0.0008,0.7,0.1,0.965,502.1788598880797,0.7038834951456311,206,145,61,0.39558524185499794,1131.21829663208,702.1788598880797,19057,0.7079037800687286,0.12135922330097088,85,2,2,290.1456310679612,0.010926959132817058,10141915,0,8138640,3,1849772,160,4,127,146,2,58,14,2,69,188,3,18863,0,401,0,0,0,95.56564011191999,597.7444999999997,502.1788598880797,94.779547792
0.0008,0.7,0.1,0.97,502.1788598880797,0.7038834951456311,206,145,61,0.39558524185499794,1131.21829663208,702.1788598880797,19057,0.7079037800687286,0.12135922330097088,85,2,2,290.1456310679612,0.010926959132817058,10141915,0,8138639,5,1849771,160,4,127,146,2,58,14,2,69,188,3,18863,0,401,0,0,0,95.56564011191999,597.7444999999997,502.1788598880797,95.052323875
0.0008,0.7,0.1,0.975,502.1788598880797,0.7038834951456311,206,145,61,0.39558524185499794,1131.21829663208,702.1788598880797,19059,0.7079037800687286,0.12135922330097088,85,2,2,290.1456310679612,0.010926959132817058,10141915,0,8138639,5,1849771,160,4,127,146,2,58,14,2,69,188,4,18863,0,401,0,0,0,95.56564011191999,597.7444999999997,502.1788598880797,95.381908167
0.0008,0.7,0.1,0.98,502.1788598880797,0.7038834951456311,206,145,61,0.39558524185499794,1131.21829663208,702.1788598880797,19059,0.7079037800687286,0.12135922330097088,85,2,2,290.1456310679612,0.010926959132817058,10141915,0,8138630,17,1849768,160,4,127,146,2,58,14,2,69,188,4,18863,0,401,0,0,0,95.56564011191999,597.7444999999997,502.1788598880797,94.479998292
0.0008,0.7,0.1,0.985,502.1788598880797,0.7038834951456311,206,145,61,0.39558524185499794,1131.21829663208,702.1788598880797,19059,0.7079037800687286,0.12135922330097088,85,2,2,290.1456310679612,0.010926959132817058,10141915,0,8138630,17,1849768,160,4,127,146,2,58,14,2,69,188,4,18863,0,401,0,0,0,95.56564011191999,597.7444999999997,502.1788598880797,94.416536125
0.0008,0.7,0.125,0.965,548.6642637369604,0.7038834951456311,206,145,61,0.42800012612855337,1274.0779195289601,748.6642637369604,19057,0.7079037800687286,0.16019417475728157,85,2,2,290.0242718446602,0.010843122546318027,10141915,0,8138640,3,1849772,160,4,127,146,2,58,14,2,69,188,3,18863,0,401,0,0,0,115.87173626303999,664.5360000000004,548.6642637369604,94.820970917
0.0008,0.7,0.125,0.97,548.6642637369604,0.7038834951456311,206,145,61,0.42800012612855337,1274.0779195289601,748.6642637369604,19057,0.7079037800687286,0.16019417475728157,85,2,2,290.0242718446602,0.010843122546318027,10141915,0,8138639,5,1849771,160,4,127,146,2,58,14,2,69,188,3,18863,0,401,0,0,0,115.87173626303999,664.5360000000004,548.6642637369604,95.202118291
0.0008,0.7,0.125,0.975,548.6642637369604,0.7038834951456311,206,145,61,0.42800012612855337,1274.0779195289601,748.6642637369604,19059,0.7079037800687286,0.16019417475728157,85,2,2,290.0242718446602,0.010843122546318027,10141915,0,8138639,5,1849771,160,4,127,146,2,58,14,2,69,188,4,18863,0,401,0,0,0,115.87173626303999,664.5360000000004,548.6642637369604,96.271868167
0.0008,0.7,0.125,0.98,548.6642637369604,0.7038834951456311,206,145,61,0.42800012612855337,1274.0779195289601,748.6642637369604,19059,0.7079037800687286,0.16019417475728157,85,2,2,290.0242718446602,0.010843122546318027,10141915,0,8138630,17,1849768,160,4,127,146,2,58,14,2,69,188,4,18863,0,401,0,0,0,115.87173626303999,664.5360000000004,548.6642637369604,96.162729166
0.0008,0.7,0.125,0.985,548.6642637369604,0.7038834951456311,206,145,61,0.42800012612855337,1274.0779195289601,748.6642637369604,19059,0.7079037800687286,0.16019417475728157,85,2,2,290.0242718446602,0.010843122546318027,10141915,0,8138630,17,1849768,160,4,127,146,2,58,14,2,69,188,4,18863,0,401,0,0,0,115.87173626303999,664.5360000000004,548.6642637369604,96.978695416
0.001,0.5,0.03,0.965,57.01995000799997,0.5555555555555556,18,10,8,0.08619576893297318,265.862984456,257.01995000799997,19030,0.021897810218978103,0.1111111111111111,804,0,0,280.22222222222223,0.00809439307618069,10141915,0,8213040,3,1866919,9,0,813,7,0,11,2,0,802,13,3,19011,0,0,0,0,0,2.2350499919999995,59.25499999999997,57.01995000799997,95.317419375
0.001,0.5,0.03,0.97,57.01995000799997,0.5555555555555556,18,10,8,0.08619576893297318,265.862984456,257.01995000799997,19030,0.021897810218978103,0.1111111111111111,804,0,0,280.22222222222223,0.00809439307618069,10141915,0,8213039,5,1866918,9,0,813,7,0,11,2,0,802,13,3,19011,0,0,0,0,0,2.2350499919999995,59.25499999999997,57.01995000799997,94.896564084
0.001,0.5,0.03,0.975,57.01995000799997,0.5555555555555556,18,10,8,0.08619576893297318,265.862984456,257.01995000799997,19032,0.021897810218978103,0.1111111111111111,804,0,0,280.22222222222223,0.00809439307618069,10141915,0,8213039,5,1866918,9,0,813,7,0,11,2,0,802,13,4,19011,0,0,0,0,0,2.2350499919999995,59.25499999999997,57.01995000799997,95.555110875
0.001,0.5,0.03,0.98,57.01995000799997,0.5555555555555556,18,10,8,0.08619576893297318,265.862984456,257.01995000799997,19032,0.021897810218978103,0.1111111111111111,804,0,0,280.22222222222223,0.00809439307618069,10141915,0,8213030,17,1866915,9,0,813,7,0,11,2,0,802,13,4,19011,0,0,0,0,0,2.2350499919999995,59.25499999999997,57.01995000799997,96.126140083
0.001,0.5,0.03,0.985,57.01995000799997,0.5555555555555556,18,10,8,0.08619576893297318,265.862984456,257.01995000799997,19032,0.021897810218978103,0.1111111111111111,804,0,0,280.22222222222223,0.00809439307618069,10141915,0,8213030,17,1866915,9,0,813,7,0,11,2,0,802,13,4,19011,0,0,0,0,0,2.2350499919999995,59.25499999999997,57.01995000799997,98.773202625
0.001,0.5,0.05,0.965,58.89939866399999,0.5416666666666666,24,13,11,0.16700447263948073,294.418859752,258.899398664,19126,0.028846153846153848,0.08333333333333333,808,0,0,281.4583333333333,0.011470487765412343,10141915,0,8199224,3,1860223,15,0,817,13,0,11,2,0,806,15,3,19105,0,0,0,0,0,3.8156013359999994,62.71499999999999,58.89939866399999,95.383787166
0.001,0.5,0.05,0.97,58.89939866399999,0.5416666666666666,24,13,11,0.16700447263948073,294.418859752,258.899398664,19126,0.028846153846153848,0.08333333333333333,808,0,0,281.4583333333333,0.011470487765412343,10141915,0,8199223,5,1860222,15,0,817,13,0,11,2,0,806,15,3,19105,0,0,0,0,0,3.8156013359999994,62.71499999999999,58.89939866399999,95.2962005
0.001,0.5,0.05,0.975,58.89939866399999,0.5416666666666666,24,13,11,0.16700447263948073,294.418859752,258.899398664,19128,0.028846153846153848,0.08333333333333333,808,0,0,281.4583333333333,0.011470487765412343,10141915,0,8199223,5,1860222,15,0,817,13,0,11,2,0,806,15,4,19105,0,0,0,0,0,3.8156013359999994,62.71499999999999,58.89939866399999,94.68080275
0.001,0.5,0.05,0.98,58.89939866399999,0.5416666666666666,24,13,11,0.16700447263948073,294.418859752,258.899398664,19128,0.028846153846153848,0.08333333333333333,808,0,0,281.4583333333333,0.011470487765412343,10141915,0,8199214,17,1860219,15,0,817,13,0,11,2,0,806,15,4,19105,0,0,0,0,0,3.8156013359999994,62.71499999999999,58.89939866399999,95.835313625
0.001,0.5,0.05,0.985,58.89939866399999,0.5416666666666666,24,13,11,0.16700447263948073,294.418859752,258.899398664,19128,0.028846153846153848,0.08333333333333333,808,0,0,281.4583333333333,0.011470487765412343,10141915,0,8199214,17,1860219,15,0,817,13,0,11,2,0,806,15,4,19105,0,0,0,0,0,3.8156013359999994,62.71499999999999,58.89939866399999,95.061968292
0.001,0.5,0.075,0.965,51.52991693599998,0.5416666666666666,24,13,11,0.23460826840028456,311.27876476800003,251.52991693599998,19126,0.028846153846153848,0.08333333333333333,808,0,0,280.8333333333333,0.008773003631615454,10141915,0,8199224,3,1860223,15,0,817,13,0,11,2,0,806,15,3,19105,0,0,0,0,0,4.965083064,56.494999999999976,51.52991693599998,94.969997834
0.001,0.5,0.075,0.97,51.52991693599998,0.5416666666666666,24,13,11,0.23460826840028456,311.27876476800003,251.52991693599998,19126,0.028846153846153848,0.08333333333333333,808,0,0,280.8333333333333,0.008773003631615454,10141915,0,8199223,5,1860222,15,0,817,13,0,11,2,0,806,15,3,19105,0,0,0,0,0,4.965083064,56.494999999999976,51.52991693599998,96.45001075
0.001,0.5,0.075,0.975,51.52991693599998,0.5416666666666666,24,13,11,0.23460826840028456,311.27876476800003,251.52991693599998,19128,0.028846153846153848,0.08333333333333333,808,0,0,280.8333333333333,0.008773003631615454,10141915,0,8199223,5,1860222,15,0,817,13,0,11,2,0,806,15,4,19105,0,0,0,0,0,4.965083064,56.494999999999976,51.52991693599998,95.037064
0.001,0.5,0.075,0.98,51.52991693599998,0.5416666666666666,24,13,11,0.23460826840028456,311.27876476800003,251.52991693599998,19128,0.028846153846153848,0.08333333333333333,808,0,0,280.8333333333333,0.008773003631615454,10141915,0,8199214,17,1860219,15,0,817,13,0,11,2,0,806,15,4,19105,0,0,0,0,0,4.965083064,56.494999999999976,51.52991693599998,95.406459584
0.001,0.5,0.075,0.985,51.52991693599998,0.5416666666666666,24,13,11,0.23460826840028456,311.27876476800003,251.52991693599998,19128,0.028846153846153848,0.08333333333333333,808,0,0,280.8333333333333,0.008773003631615454,10141915,0,8199214,17,1860219,15,0,817,13,0,11,2,0,806,15,4,19105,0,0,0,0,0,4.965083064,56.494999999999976,51.52991693599998,97.004630917
0.001,0.5,0.1,0.965,38.035644622399985,0.5416666666666666,24,13,11,0.29906477894899,322.043367688,238.03564462239999,19126,0.028846153846153848,0.125,808,0,0,280.8333333333333,0.009269687783506292,10141915,0,8199224,3,1860223,15,0,817,13,0,11,2,0,806,15,3,19105,0,0,0,0,0,6.156355377600001,44.191999999999986,38.035644622399985,98.319498291
0.001,0.5,0.1,0.97,38.035644622399985,0.5416666666666666,24,13,11,0.29906477894899,322.043367688,238.03564462239999,19126,0.028846153846153848,0.125,808,0,0,280.8333333333333,0.009269687783506292,10141915,0,8199223,5,1860222,15,0,817,13,0,11,2,0,806,15,3,19105,0,0,0,0,0,6.156355377600001,44.191999999999986,38.035644622399985,96.967381583
0.001,0.5,0.1,0.975,38.035644622399985,0.5416666666666666,24,13,11,0.29906477894899,322.043367688,238.03564462239999,19128,0.028846153846153848,0.125,808,0,0,280.8333333333333,0.009269687783506292,10141915,0,8199223,5,1860222,15,0,817,13,0,11,2,0,806,15,4,19105,0,0,0,0,0,6.156355377600001,44.191999999999986,38.035644622399985,95.537918917
0.001,0.5,0.1,0.98,38.035644622399985,0.5416666666666666,24,13,11,0.29906477894899,322.043367688,238.03564462239999,19128,0.028846153846153848,0.125,808,0,0,280.8333333333333,0.009269687783506292,10141915,0,8199214,17,1860219,15,0,817,13,0,11,2,0,806,15,4,19105,0,0,0,0,0,6.156355377600001,44.191999999999986,38.035644622399985,95.043185834
0.001,0.5,0.1,0.985,38.035644622399985,0.5416666666666666,24,13,11,0.29906477894899,322.043367688,238.03564462239999,19128,0.028846153846153848,0.125,808,0,0,280.8333333333333,0.009269687783506292,10141915,0,8199214,17,1860219,15,0,817,13,0,11,2,0,806,15,4,19105,0,0,0,0,0,6.156355377600001,44.191999999999986,38.035644622399985,95.649286709
0.001,0.5,0.125,0.965,43.13963043039999,0.5652173913043478,23,13,10,0.3013144163657317,330.627594216,243.1396304304,19126,0.030303030303030304,0.13043478260869565,736,0,0,281.95652173913044,0.009188975431992468,10141915,0,8199224,3,1860223,14,0,745,12,0,11,2,0,734,15,3,19105,0,1246,0,0,0,6.832369569599999,49.97199999999999,43.13963043039999,95.326205709
0.001,0.5,0.125,0.97,43.13963043039999,0.5652173913043478,23,13,10,0.3013144163657317,330.627594216,243.1396304304,19126,0.030303030303030304,0.13043478260869565,736,0,0,281.95652173913044,0.009188975431992468,10141915,0,8199223,5,1860222,14,0,745,12,0,11,2,0,734,15,3,19105,0,1246,0,0,0,6.832369569599999,49.97199999999999,43.13963043039999,94.841627792
0.001,0.5,0.125,0.975,43.13963043039999,0.5652173913043478,23,13,10,0.3013144163657317,330.627594216,243.1396304304,19128,0.030303030303030304,0.13043478260869565,736,0,0,281.95652173913044,0.009188975431992468,10141915,0,8199223,5,1860222,14,0,745,12,0,11,2,0,734,15,4,19105,0,1246,0,0,0,6.832369569599999,49.97199999999999,43.13963043039999,94.72686275
0.001,0.5,0.125,0.98,43.13963043039999,0.5652173913043478,23,13,10,0.3013144163657317,330.627594216,243.1396304304,19128,0.030303030303030304,0.13043478260869565,736,0,0,281.95652173913044,0.009188975431992468,10141915,0,8199214,17,1860219,14,0,745,12,0,11,2,0,734,15,4,19105,0,1246,0,0,0,6.832369569599999,49.97199999999999,43.13963043039999,95.614255708
0.001,0.5,0.125,0.985,43.13963043039999,0.5652173913043478,23,13,10,0.3013144163657317,330.627594216,243.1396304304,19128,0.030303030303030304,0.13043478260869565,736,0,0,281.95652173913044,0.009188975431992468,10141915,0,8199214,17,1860219,14,0,745,12,0,11,2,0,734,15,4,19105,0,1246,0,0,0,6.832369569599999,49.97199999999999,43.13963043039999,95.237378292
0.001,0.55,0.03,0.965,138.8757097795201,0.631578947368421,38,24,14,0.08664207351265918,366.27673166752004,338.8757097795201,19137,0.05053191489361702,0.07894736842105263,714,1,1,292.2368421052632,0.006696042279583063,10141915,0,8199224,3,1860223,23,2,727,19,1,18,4,1,709,26,3,19105,0,0,0,0,0,5.801690220479999,144.6774000000001,138.8757097795201,94.800355375
0.001,0.55,0.03,0.97,138.8757097795201,0.631578947368421,38,24,14,0.08664207351265918,366.27673166752004,338.8757097795201,19137,0.05053191489361702,0.07894736842105263,714,1,1,292.2368421052632,0.006696042279583063,10141915,0,8199223,5,1860222,23,2,727,19,1,18,4,1,709,26,3,19105,0,0,0,0,0,5.801690220479999,144.6774000000001,138.8757097795201,94.874006625
0.001,0.55,0.03,0.975,138.8757097795201,0.631578947368421,38,24,14,0.08664207351265918,366.27673166752004,338.8757097795201,19139,0.05053191489361702,0.07894736842105263,714,1,1,292.2368421052632,0.006696042279583063,10141915,0,8199223,5,1860222,23,2,727,19,1,18,4,1,709,26,4,19105,0,0,0,0,0,5.801690220479999,144.6774000000001,138.8757097795201,94.937231375
0.001,0.55,0.03,0.98,138.8757097795201,0.631578947368421,38,24,14,0.08664207351265918,366.27673166752004,338.8757097795201,19139,0.05053191489361702,0.07894736842105263,714,1,1,292.2368421052632,0.006696042279583063,10141915,0,8199214,17,1860219,23,2,727,19,1,18,4,1,709,26,4,19105,0,0,0,0,0,5.801690220479999,144.6774000000001,138.8757097795201,94.389706417
0.001,0.55,0.03,0.985,138.8757097795201,0.631578947368421,38,24,14,0.08664207351265918,366.27673166752004,338.8757097795201,19139,0.05053191489361702,0.07894736842105263,714,1,1,292.2368421052632,0.006696042279583063,10141915,0,8199214,17,1860219,23,2,727,19,1,18,4,1,709,26,4,19105,0,0,0,0,0,5.801690220479999,144.6774000000001,138.8757097795201,94.36880525
0.001,0.55,0.05,0.965,150.75354510751993,0.625,40,25,15,0.14208914344090576,378.44916315551995,350.7535451075199,19137,0.05305039787798409,0.075,714,1,1,290.9,0.0075464845286978294,10141915,0,8199224,3,1860223,25,2,727,21,1,18,4,1,709,26,3,19105,0,0,0,0,0,7.683854892479999,158.4373999999999,150.75354510751993,94.922647333
0.001,0.55,0.05,0.97,150.75354510751993,0.625,40,25,15,0.14208914344090576,378.44916315551995,350.7535451075199,19137,0.05305039787798409,0.075,714,1,1,290.9,0.0075464845286978294,10141915,0,8199223,5,1860222,25,2,727,21,1,18,4,1,709,26,3,19105,0,0,0,0,0,7.683854892479999,158.4373999999999,150.75354510751993,95.438414042
0.001,0.55,0.05,0.975,150.75354510751993,0.625,40,25,15,0.14208914344090576,378.44916315551995,350.7535451075199,19139,0.05305039787798409,0.075,714,1,1,290.9,0.0075464845286978294,10141915,0,8199223,5,1860222,25,2,727,21,1,18,4,1,709,26,4,19105,0,0,0,0,0,7.683854892479999,158.4373999999999,150.75354510751993,95.75254125
0.001,0.55,0.05,0.98,150.75354510751993,0.625,40,25,15,0.14208914344090576,378.44916315551995,350.7535451075199,19139,0.05305039787798409,0.075,714,1,1,290.9,0.0075464845286978294,10141915,0,8199214,17,1860219,25,2,727,21,1,18,4,1,709,26,4,19105,0,0,0,0,0,7.683854892479999,158.4373999999999,150.75354510751993,96.128489209
0.001,0.55,0.05,0.985,150.75354510751993,0.625,40,25,15,0.14208914344090576,378.44916315551995,350.7535451075199,19139,0.05305039787798409,0.075,714,1,1,290.9,0.0075464845286978294,10141915,0,8199214,17,1860219,25,2,727,21,1,18,4,1,709,26,4,19105,0,0,0,0,0,7.683854892479999,158.4373999999999,150.75354510751993,97.53072625
0.001,0.55,0.075,0.965,164.75616881151996,0.625,40,25,15,0.20733719148092952,401.36885233951995,364.75616881151996,19137,0.05305039787798409,0.075,714,1,1,290.9,0.008297143389864745,10141915,0,8199224,3,1860223,25,2,727,21,1,18,4,1,709,26,3,19105,0,0,0,0,0,9.99123118848,174.74739999999997,164.75616881151996,95.593993375
0.001,0.55,0.075,0.97,164.75616881151996,0.625,40,25,15,0.20733719148092952,401.36885233951995,364.75616881151996,19137,0.05305039787798409,0.075,714,1,1,290.9,0.008297143389864745,10141915,0,8199223,5,1860222,25,2,727,21,1,18,4,1,709,26,3,19105,0,0,0,0,0,9.99123118848,174.74739999999997,164.75616881151996,95.039154417
0.001,0.55,0.075,0.975,164.75616881151996,0.625,40,25,15,0.20733719148092952,401.36885233951995,364.75616881151996,19139,0.05305039787798409,0.075,714,1,1,290.9,0.008297143389864745,10141915,0,8199223,5,1860222,25,2,727,21,1,18,4,1,709,26,4,19105,0,0,0,0,0,9.99123118848,174.74739999999997,164.75616881151996,95.353694333
0.001,0.55,0.075,0.98,164.75616881151996,0.625,40,25,15,0.20733719148092952,401.36885233951995,364.75616881151996,19139,0.05305039787798409,0.075,714,1,1,290.9,0.008297143389864745,10141915,0,8199214,17,1860219,25,2,727,21,1,18,4,1,709,26,4,19105,0,0,0,0,0,9.99123118848,174.74739999999997,164.75616881151996,96.043991709
0.001,0.55,0.075,0.985,164.75616881151996,0.625,40,25,15,0.20733719148092952,401.36885233951995,364.75616881151996,19139,0.05305039787798409,0.075,714,1,1,290.9,0.008297143389864745,10141915,0,8199214,17,1860219,25,2,727,21,1,18,4,1,709,26,4,19105,0,0,0,0,0,9.99123118848,174.74739999999997,164.75616881151996,98.54587575
0.001,0.55,0.1,0.965,160.3682719379201,0.625,40,25,15,0.27067259613316125,415.66350922592,360.3682719379201,19137,0.05305039787798409,0.125,714,1,1,290.9,0.00847095338486765,10141915,0,8199224,3,1860223,25,2,727,21,1,18,4,1,709,26,3,19105,0,0,0,0,0,11.91612806208,172.2844000000001,160.3682719379201,95.392833833
0.001,0.55,0.1,0.97,160.3682719379201,0.625,40,25,15,0.27067259613316125,415.66350922592,360.3682719379201,19137,0.05305039787798409,0.125,714,1,1,290.9,0.00847095338486765,10141915,0,8199223,5,1860222,25,2,727,21,1,18,4,1,709,26,3,19105,0,0,0,0,0,11.91612806208,172.2844000000001,160.3682719379201,95.653352292
0.001,0.55,0.1,0.975,160.3682719379201,0.625,40,25,15,0.27067259613316125,415.66350922592,360.3682719379201,19139,0.05305039787798409,0.125,714,1,1,290.9,0.00847095338486765,10141915,0,8199223,5,1860222,25,2,727,21,1,18,4,1,709,26,4,19105,0,0,0,0,0,11.91612806208,172.2844000000001,160.3682719379201,94.942499916
0.001,0.55,0.1,0.98,160.3682719379201,0.625,40,25,15,0.27067259613316125,415.66350922592,360.3682719379201,19139,0.05305039787798409,0.125,714,1,1,290.9,0.00847095338486765,10141915,0,8199214,17,1860219,25,2,727,21,1,18,4,1,709,26,4,19105,0,0,0,0,0,11.91612806208,172.2844000000001,160.3682719379201,95.614440708
0.001,0.55,0.1,0.985,160.3682719379201,0.625,40,25,15,0.27067259613316125,415.66350922592,360.3682719379201,19139,0.05305039787798409,0.125,714,1,1,290.9,0.00847095338486765,10141915,0,8199214,17,1860219,25,2,727,21,1,18,4,1,709,26,4,19105,0,0,0,0,0,11.91612806208,172.2844000000001,160.3682719379201,95.362756
0.001,0.55,0.125,0.965,93.38141418591994,0.6216216216216216,37,23,14,0.3302109097812336,422.55272887392005,293.38141418591994,19137,0.05683563748079877,0.13513513513513514,614,1,1,291.64864864864865,0.009209844232033582,10141915,0,8199224,3,1860223,22,2,627,18,1,18,4,1,609,26,3,19105,0,1940,0,0,0,11.97298581408,105.35439999999994,93.38141418591994,94.967561792
0.001,0.55,0.125,0.97,93.38141418591994,0.6216216216216216,37,23,14,0.3302109097812336,422.55272887392005,293.38141418591994,19137,0.05683563748079877,0.13513513513513514,614,1,1,291.64864864864865,0.009209844232033582,10141915,0,8199223,5,1860222,22,2,627,18,1,18,4,1,609,26,3,19105,0,1940,0,0,0,11.97298581408,105.35439999999994,93.38141418591994,97.095907958
0.001,0.55,0.125,0.975,93.38141418591994,0.6216216216216216,37,23,14,0.3302109097812336,422.55272887392005,293.38141418591994,19139,0.05683563748079877,0.13513513513513514,614,1,1,291.64864864864865,0.009209844232033582,10141915,0,8199223,5,1860222,22,2,627,18,1,18,4,1,609,26,4,19105,0,1940,0,0,0,11.97298581408,105.35439999999994,93.38141418591994,95.640993458
0.001,0.55,0.125,0.98,93.38141418591994,0.6216216216216216,37,23,14,0.3302109097812336,422.55272887392005,293.38141418591994,19139,0.05683563748079877,0.13513513513513514,614,1,1,291.64864864864865,0.009209844232033582,10141915,0,8199214,17,1860219,22,2,627,18,1,18,4,1,609,26,4,19105,0,1940,0,0,0,11.97298581408,105.35439999999994,93.38141418591994,95.392155917
0.001,0.55,0.125,0.985,93.38141418591994,0.6216216216216216,37,23,14,0.3302109097812336,422.55272887392005,293.38141418591994,19139,0.05683563748079877,0.13513513513513514,614,1,1,291.64864864864865,0.009209844232033582,10141915,0,8199214,17,1860219,22,2,627,18,1,18,4,1,609,26,4,19105,0,1940,0,0,0,11.97298581408,105.35439999999994,93.38141418591994,95.724889292
0.001,0.6,0.03,0.965,336.4936251270401,0.7285714285714285,70,51,19,0.07384758792094868,565.0605342230402,536.4936251270401,19374,0.12216404886561955,0.04285714285714286,503,2,2,293.9428571428571,0.009031709343998336,10141915,0,8259720,3,1879382,42,4,527,38,2,30,4,2,497,48,3,19320,0,0,0,0,0,13.569574872960002,350.0632000000001,336.4936251270401,95.925877875
0.001,0.6,0.03,0.97,336.4936251270401,0.7285714285714285,70,51,19,0.07384758792094868,565.0605342230402,536.4936251270401,19374,0.12216404886561955,0.04285714285714286,503,2,2,293.9428571428571,0.009031709343998336,10141915,0,8259719,5,1879381,42,4,527,38,2,30,4,2,497,48,3,19320,0,0,0,0,0,13.569574872960002,350.0632000000001,336.4936251270401,96.097898
0.001,0.6,0.03,0.975,336.4936251270401,0.7285714285714285,70,51,19,0.07384758792094868,565.0605342230402,536.4936251270401,19376,0.12216404886561955,0.04285714285714286,503,2,2,293.9428571428571,0.009031709343998336,10141915,0,8259719,5,1879381,42,4,527,38,2,30,4,2,497,48,4,19320,0,0,0,0,0,13.569574872960002,350.0632000000001,336.4936251270401,96.290071667
0.001,0.6,0.03,0.98,336.4936251270401,0.7285714285714285,70,51,19,0.07384758792094868,565.0605342230402,536.4936251270401,19376,0.12216404886561955,0.04285714285714286,503,2,2,293.9428571428571,0.009031709343998336,10141915,0,8259710,17,1879378,42,4,527,38,2,30,4,2,497,48,4,19320,0,0,0,0,0,13.569574872960002,350.0632000000001,336.4936251270401,95.971227
0.001,0.6,0.03,0.985,336.4936251270401,0.7285714285714285,70,51,19,0.07384758792094868,565.0605342230402,536.4936251270401,19376,0.12216404886561955,0.04285714285714286,503,2,2,293.9428571428571,0.009031709343998336,10141915,0,8259710,17,1879378,42,4,527,38,2,30,4,2,497,48,4,19320,0,0,0,0,0,13.569574872960002,350.0632000000001,336.4936251270401,96.26056475
0.001,0.6,0.05,0.965,410.24513095104,0.7222222222222222,72,52,20,0.11865964879448232,646.03757557504,610.24513095104,19374,0.12521739130434784,0.05555555555555555,503,2,2,293.15277777777777,0.009864620438899244,10141915,0,8259720,3,1879382,44,4,527,40,2,30,4,2,497,48,3,19320,0,0,0,0,0,19.218069048959997,429.4632,410.24513095104,96.804325667
0.001,0.6,0.05,0.97,410.24513095104,0.7222222222222222,72,52,20,0.11865964879448232,646.03757557504,610.24513095104,19374,0.12521739130434784,0.05555555555555555,503,2,2,293.15277777777777,0.009864620438899244,10141915,0,8259719,5,1879381,44,4,527,40,2,30,4,2,497,48,3,19320,0,0,0,0,0,19.218069048959997,429.4632,410.24513095104,95.889517792
0.001,0.6,0.05,0.975,410.24513095104,0.7222222222222222,72,52,20,0.11865964879448232,646.03757557504,610.24513095104,19376,0.12521739130434784,0.05555555555555555,503,2,2,293.15277777777777,0.009864620438899244,10141915,0,8259719,5,1879381,44,4,527,40,2,30,4,2,497,48,4,19320,0,0,0,0,0,19.218069048959997,429.4632,410.24513095104,95.823228834
0.001,0.6,0.05,0.98,410.24513095104,0.7222222222222222,72,52,20,0.11865964879448232,646.03757557504,610.24513095104,19376,0.12521739130434784,0.05555555555555555,503,2,2,293.15277777777777,0.009864620438899244,10141915,0,8259710,17,1879378,44,4,527,40,2,30,4,2,497,48,4,19320,0,0,0,0,0,19.218069048959997,429.4632,410.24513095104,95.780255667
0.001,0.6,0.05,0.985,410.24513095104,0.7222222222222222,72,52,20,0.11865964879448232,646.03757557504,610.24513095104,19376,0.12521739130434784,0.05555555555555555,503,2,2,293.15277777777777,0.009864620438899244,10141915,0,8259710,17,1879378,44,4,527,40,2,30,4,2,497,48,4,19320,0,0,0,0,0,19.218069048959997,429.4632,410.24513095104,95.795430584
0.001,0.6,0.075,0.965,509.4811517308798,0.7222222222222222,72,52,20,0.17613332671919385,758.6492026508797,709.4811517308798,19374,0.12521739130434784,0.08333333333333333,503,2,2,293.15277777777777,0.009675202324413417,10141915,0,8259720,3,1879382,44,4,527,40,2,30,4,2,497,48,3,19320,0,0,0,0,0,26.42984826912,535.9109999999998,509.4811517308798,96.143939666
0.001,0.6,0.075,0.97,509.4811517308798,0.7222222222222222,72,52,20,0.17613332671919385,758.6492026508797,709.4811517308798,19374,0.12521739130434784,0.08333333333333333,503,2,2,293.15277777777777,0.009675202324413417,10141915,0,8259719,5,1879381,44,4,527,40,2,30,4,2,497,48,3,19320,0,0,0,0,0,26.42984826912,535.9109999999998,509.4811517308798,96.370527667
0.001,0.6,0.075,0.975,509.4811517308798,0.7222222222222222,72,52,20,0.17613332671919385,758.6492026508797,709.4811517308798,19376,0.12521739130434784,0.08333333333333333,503,2,2,293.15277777777777,0.009675202324413417,10141915,0,8259719,5,1879381,44,4,527,40,2,30,4,2,497,48,4,19320,0,0,0,0,0,26.42984826912,535.9109999999998,509.4811517308798,98.83109
0.001,0.6,0.075,0.98,509.4811517308798,0.7222222222222222,72,52,20,0.17613332671919385,758.6492026508797,709.4811517308798,19376,0.12521739130434784,0.08333333333333333,503,2,2,293.15277777777777,0.009675202324413417,10141915,0,8259710,17,1879378,44,4,527,40,2,30,4,2,497,48,4,19320,0,0,0,0,0,26.42984826912,535.9109999999998,509.4811517308798,95.476006917
0.001,0.6,0.075,0.985,509.4811517308798,0.7222222222222222,72,52,20,0.17613332671919385,758.6492026508797,709.4811517308798,19376,0.12521739130434784,0.08333333333333333,503,2,2,293.15277777777777,0.009675202324413417,10141915,0,8259710,17,1879378,44,4,527,40,2,30,4,2,497,48,4,19320,0,0,0,0,0,26.42984826912,535.9109999999998,509.4811517308798,94.383586041
0.001,0.6,0.1,0.965,590.4991465315998,0.7222222222222222,72,52,20,0.220072252927232,853.7739164995999,790.4991465315998,19374,0.12521739130434784,0.1111111111111111,503,2,2,293.2361111111111,0.009119558910431754,10141915,0,8259720,3,1879382,44,4,527,40,2,30,4,2,497,48,3,19320,0,0,0,0,0,33.4077534684,623.9068999999997,590.4991465315998,95.992305292
0.001,0.6,0.1,0.97,590.4991465315998,0.7222222222222222,72,52,20,0.220072252927232,853.7739164995999,790.4991465315998,19374,0.12521739130434784,0.1111111111111111,503,2,2,293.2361111111111,0.009119558910431754,10141915,0,8259719,5,1879381,44,4,527,40,2,30,4,2,497,48,3,19320,0,0,0,0,0,33.4077534684,623.9068999999997,590.4991465315998,94.796923084
0.001,0.6,0.1,0.975,590.4991465315998,0.7222222222222222,72,52,20,0.220072252927232,853.7739164995999,790.4991465315998,19376,0.12521739130434784,0.1111111111111111,503,2,2,293.2361111111111,0.009119558910431754,10141915,0,8259719,5,1879381,44,4,527,40,2,30,4,2,497,48,4,19320,0,0,0,0,0,33.4077534684,623.9068999999997,590.4991465315998,95.377497958
0.001,0.6,0.1,0.98,590.4991465315998,0.7222222222222222,72,52,20,0.220072252927232,853.7739164995999,790.4991465315998,19376,0.12521739130434784,0.1111111111111111,503,2,2,293.2361111111111,0.009119558910431754,10141915,0,8259710,17,1879378,44,4,527,40,2,30,4,2,497,48,4,19320,0,0,0,0,0,33.4077534684,623.9068999999997,590.4991465315998,98.581437083
0.001,0.6,0.1,0.985,590.4991465315998,0.7222222222222222,72,52,20,0.220072252927232,853.7739164995999,790.4991465315998,19376,0.12521739130434784,0.1111111111111111,503,2,2,293.2361111111111,0.009119558910431754,10141915,0,8259710,17,1879378,44,4,527,40,2,30,4,2,497,48,4,19320,0,0,0,0,0,33.4077534684,623.9068999999997,590.4991465315998,215.802887333
0.001,0.6,0.125,0.965,673.1723703395996,0.7222222222222222,72,52,20,0.25580964976305787,962.7709521155996,873.1723703395996,19374,0.12521739130434784,0.125,503,2,2,293.2361111111111,0.008540905695510494,10141915,0,8259720,3,1879382,44,4,527,40,2,30,4,2,497,48,3,19320,0,0,0,0,0,41.242529660399995,714.4148999999996,673.1723703395996,212.4860965
0.001,0.6,0.125,0.97,673.1723703395996,0.7222222222222222,72,52,20,0.25580964976305787,962.7709521155996,873.1723703395996,19374,0.12521739130434784,0.125,503,2,2,293.2361111111111,0.008540905695510494,10141915,0,8259719,5,1879381,44,4,527,40,2,30,4,2,497,48,3,19320,0,0,0,0,0,41.242529660399995,714.4148999999996,673.1723703395996,207.234284125
0.001,0.6,0.125,0.975,673.1723703395996,0.7222222222222222,72,52,20,0.25580964976305787,962.7709521155996,873.1723703395996,19376,0.12521739130434784,0.125,503,2,2,293.2361111111111,0.008540905695510494,10141915,0,8259719,5,1879381,44,4,527,40,2,30,4,2,497,48,4,19320,0,0,0,0,0,41.242529660399995,714.4148999999996,673.1723703395996,139.779919708
0.001,0.6,0.125,0.98,673.1723703395996,0.7222222222222222,72,52,20,0.25580964976305787,962.7709521155996,873.1723703395996,19376,0.12521739130434784,0.125,503,2,2,293.2361111111111,0.008540905695510494,10141915,0,8259710,17,1879378,44,4,527,40,2,30,4,2,497,48,4,19320,0,0,0,0,0,41.242529660399995,714.4148999999996,673.1723703395996,96.405275792
0.001,0.6,0.125,0.985,673.1723703395996,0.7222222222222222,72,52,20,0.25580964976305787,962.7709521155996,873.1723703395996,19376,0.12521739130434784,0.125,503,2,2,293.2361111111111,0.008540905695510494,10141915,0,8259710,17,1879378,44,4,527,40,2,30,4,2,497,48,4,19320,0,0,0,0,0,41.242529660399995,714.4148999999996,673.1723703395996,98.438149333
0.001,0.65,0.03,0.965,434.71158459607966,0.7523809523809524,105,79,26,0.16417362907517277,745.3141652120797,634.7115845960797,19179,0.3343949044585987,0.047619047619047616,209,2,2,292.18095238095236,0.008265466309666136,10141915,0,8165572,3,1853456,64,4,246,56,2,47,8,2,199,69,3,19104,0,0,0,0,0,24.741315403919995,459.45289999999966,434.71158459607966,97.256196542
0.001,0.65,0.03,0.97,434.71158459607966,0.7523809523809524,105,79,26,0.16417362907517277,745.3141652120797,634.7115845960797,19179,0.3343949044585987,0.047619047619047616,209,2,2,292.18095238095236,0.008265466309666136,10141915,0,8165571,5,1853455,64,4,246,56,2,47,8,2,199,69,3,19104,0,0,0,0,0,24.741315403919995,459.45289999999966,434.71158459607966,96.267129209
0.001,0.65,0.03,0.975,434.71158459607966,0.7523809523809524,105,79,26,0.16417362907517277,745.3141652120797,634.7115845960797,19181,0.3343949044585987,0.047619047619047616,209,2,2,292.18095238095236,0.008265466309666136,10141915,0,8165571,5,1853455,64,4,246,56,2,47,8,2,199,69,4,19104,0,0,0,0,0,24.741315403919995,459.45289999999966,434.71158459607966,96.175780792
0.001,0.65,0.03,0.98,434.71158459607966,0.7523809523809524,105,79,26,0.16417362907517277,745.3141652120797,634.7115845960797,19181,0.3343949044585987,0.047619047619047616,209,2,2,292.18095238095236,0.008265466309666136,10141915,0,8165562,17,1853452,64,4,246,56,2,47,8,2,199,69,4,19104,0,0,0,0,0,24.741315403919995,459.45289999999966,434.71158459607966,96.434720916
0.001,0.65,0.03,0.985,434.71158459607966,0.7523809523809524,105,79,26,0.16417362907517277,745.3141652120797,634.7115845960797,19181,0.3343949044585987,0.047619047619047616,209,2,2,292.18095238095236,0.008265466309666136,10141915,0,8165562,17,1853452,64,4,246,56,2,47,8,2,199,69,4,19104,0,0,0,0,0,24.741315403919995,459.45289999999966,434.71158459607966,95.85546725
0.001,0.65,0.05,0.965,522.2905468836801,0.7407407407407407,108,80,28,0.21025354034563284,886.4030477604801,722.2905468836801,19179,0.34177215189873417,0.06481481481481481,208,2,2,292.1111111111111,0.009397598219453934,10141915,0,8165572,3,1853456,66,4,246,59,2,47,7,2,199,69,3,19104,0,0,0,0,0,34.742453116319986,557.0330000000001,522.2905468836801,95.287978041
0.001,0.65,0.05,0.97,522.2905468836801,0.7407407407407407,108,80,28,0.21025354034563284,886.4030477604801,722.2905468836801,19179,0.34177215189873417,0.06481481481481481,208,2,2,292.1111111111111,0.009397598219453934,10141915,0,8165571,5,1853455,66,4,246,59,2,47,7,2,199,69,3,19104,0,0,0,0,0,34.742453116319986,557.0330000000001,522.2905468836801,95.629521709
0.001,0.65,0.05,0.975,522.2905468836801,0.7407407407407407,108,80,28,0.21025354034563284,886.4030477604801,722.2905468836801,19181,0.34177215189873417,0.06481481481481481,208,2,2,292.1111111111111,0.009397598219453934,10141915,0,8165571,5,1853455,66,4,246,59,2,47,7,2,199,69,4,19104,0,0,0,0,0,34.742453116319986,557.0330000000001,522.2905468836801,95.742105792
0.001,0.65,0.05,0.98,522.2905468836801,0.7407407407407407,108,80,28,0.21025354034563284,886.4030477604801,722.2905468836801,19181,0.34177215189873417,0.06481481481481481,208,2,2,292.1111111111111,0.009397598219453934,10141915,0,8165562,17,1853452,66,4,246,59,2,47,7,2,199,69,4,19104,0,0,0,0,0,34.742453116319986,557.0330000000001,522.2905468836801,95.503247542
0.001,0.65,0.05,0.985,522.2905468836801,0.7407407407407407,108,80,28,0.21025354034563284,886.4030477604801,722.2905468836801,19181,0.34177215189873417,0.06481481481481481,208,2,2,292.1111111111111,0.009397598219453934,10141915,0,8165562,17,1853452,66,4,246,59,2,47,7,2,199,69,4,19104,0,0,0,0,0,34.742453116319986,557.0330000000001,522.2905468836801,95.268880125
0.001,0.65,0.075,0.965,643.6606759444801,0.7407407407407407,108,80,28,0.2415572135181485,1061.41967391728,843.6606759444801,19179,0.34177215189873417,0.1388888888888889,208,2,2,292.1111111111111,0.00915266455375668,10141915,0,8165572,3,1853456,66,4,246,59,2,47,7,2,199,69,3,19104,0,0,0,0,0,46.20732405552,689.868,643.6606759444801,95.236942709
0.001,0.65,0.075,0.97,643.6606759444801,0.7407407407407407,108,80,28,0.2415572135181485,1061.41967391728,843.6606759444801,19179,0.34177215189873417,0.1388888888888889,208,2,2,292.1111111111111,0.00915266455375668,10141915,0,8165571,5,1853455,66,4,246,59,2,47,7,2,199,69,3,19104,0,0,0,0,0,46.20732405552,689.868,643.6606759444801,95.771081208
0.001,0.65,0.075,0.975,643.6606759444801,0.7407407407407407,108,80,28,0.2415572135181485,1061.41967391728,843.6606759444801,19181,0.34177215189873417,0.1388888888888889,208,2,2,292.1111111111111,0.00915266455375668,10141915,0,8165571,5,1853455,66,4,246,59,2,47,7,2,199,69,4,19104,0,0,0,0,0,46.20732405552,689.868,643.6606759444801,94.732195625
0.001,0.65,0.075,0.98,643.6606759444801,0.7407407407407407,108,80,28,0.2415572135181485,1061.41967391728,843.6606759444801,19181,0.34177215189873417,0.1388888888888889,208,2,2,292.1111111111111,0.00915266455375668,10141915,0,8165562,17,1853452,66,4,246,59,2,47,7,2,199,69,4,19104,0,0,0,0,0,46.20732405552,689.868,643.6606759444801,95.741293291
0.001,0.65,0.075,0.985,643.6606759444801,0.7407407407407407,108,80,28,0.2415572135181485,1061.41967391728,843.6606759444801,19181,0.34177215189873417,0.1388888888888889,208,2,2,292.1111111111111,0.00915266455375668,10141915,0,8165562,17,1853452,66,4,246,59,2,47,7,2,199,69,4,19104,0,0,0,0,0,46.20732405552,689.868,643.6606759444801,95.544805083
0.001,0.65,0.1,0.965,715.2549681592799,0.7407407407407407,108,80,28,0.2751092829486951,1186.1411979240797,915.2549681592799,19179,0.34177215189873417,0.14814814814814814,208,2,2,292.1111111111111,0.009037282954532214,10141915,0,8165572,3,1853456,66,4,246,59,2,47,7,2,199,69,3,19104,0,0,0,0,0,56.52653184071998,771.7814999999998,715.2549681592799,96.060101833
0.001,0.65,0.1,0.97,715.2549681592799,0.7407407407407407,108,80,28,0.2751092829486951,1186.1411979240797,915.2549681592799,19179,0.34177215189873417,0.14814814814814814,208,2,2,292.1111111111111,0.009037282954532214,10141915,0,8165571,5,1853455,66,4,246,59,2,47,7,2,199,69,3,19104,0,0,0,0,0,56.52653184071998,771.7814999999998,715.2549681592799,96.513139333
0.001,0.65,0.1,0.975,715.2549681592799,0.7407407407407407,108,80,28,0.2751092829486951,1186.1411979240797,915.2549681592799,19181,0.34177215189873417,0.14814814814814814,208,2,2,292.1111111111111,0.009037282954532214,10141915,0,8165571,5,1853455,66,4,246,59,2,47,7,2,199,69,4,19104,0,0,0,0,0,56.52653184071998,771.7814999999998,715.2549681592799,97.686966792
0.001,0.65,0.1,0.98,715.2549681592799,0.7407407407407407,108,80,28,0.2751092829486951,1186.1411979240797,915.2549681592799,19181,0.34177215189873417,0.14814814814814814,208,2,2,292.1111111111111,0.009037282954532214,10141915,0,8165562,17,1853452,66,4,246,59,2,47,7,2,199,69,4,19104,0,0,0,0,0,56.52653184071998,771.7814999999998,715.2549681592799,97.120170167
0.001,0.65,0.1,0.985,715.2549681592799,0.7407407407407407,108,80,28,0.2751092829486951,1186.1411979240797,915.2549681592799,19181,0.34177215189873417,0.14814814814814814,208,2,2,292.1111111111111,0.009037282954532214,10141915,0,8165562,17,1853452,66,4,246,59,2,47,7,2,199,69,4,19104,0,0,0,0,0,56.52653184071998,771.7814999999998,715.2549681592799,95.876162459
0.001,0.65,0.125,0.965,712.7929914143207,0.7383177570093458,107,79,28,0.3082354688138785,1319.5140112911206,912.7929914143207,19179,0.34185303514376997,0.18691588785046728,206,2,2,291.2803738317757,0.009174166879863404,10141915,0,8165572,3,1853456,65,4,244,58,2,47,7,2,197,69,3,19104,0,230,0,0,0,65.21090858567999,778.0039000000006,712.7929914143207,95.662052667
0.001,0.65,0.125,0.97,712.7929914143207,0.7383177570093458,107,79,28,0.3082354688138785,1319.5140112911206,912.7929914143207,19179,0.34185303514376997,0.18691588785046728,206,2,2,291.2803738317757,0.009174166879863404,10141915,0,8165571,5,1853455,65,4,244,58,2,47,7,2,197,69,3,19104,0,230,0,0,0,65.21090858567999,778.0039000000006,712.7929914143207,96.475529834
0.001,0.65,0.125,0.975,712.7929914143207,0.7383177570093458,107,79,28,0.3082354688138785,1319.5140112911206,912.7929914143207,19181,0.34185303514376997,0.18691588785046728,206,2,2,291.2803738317757,0.009174166879863404,10141915,0,8165571,5,1853455,65,4,244,58,2,47,7,2,197,69,4,19104,0,230,0,0,0,65.21090858567999,778.0039000000006,712.7929914143207,95.874084667
0.001,0.65,0.125,0.98,712.7929914143207,0.7383177570093458,107,79,28,0.3082354688138785,1319.5140112911206,912.7929914143207,19181,0.34185303514376997,0.18691588785046728,206,2,2,291.2803738317757,0.009174166879863404,10141915,0,8165562,17,1853452,65,4,244,58,2,47,7,2,197,69,4,19104,0,230,0,0,0,65.21090858567999,778.0039000000006,712.7929914143207,97.068376667
0.001,0.65,0.125,0.985,712.7929914143207,0.7383177570093458,107,79,28,0.3082354688138785,1319.5140112911206,912.7929914143207,19181,0.34185303514376997,0.18691588785046728,206,2,2,291.2803738317757,0.009174166879863404,10141915,0,8165562,17,1853452,65,4,244,58,2,47,7,2,197,69,4,19104,0,230,0,0,0,65.21090858567999,778.0039000000006,712.7929914143207,98.29712875
0.001,0.7,0.03,0.965,461.35027850304004,0.7714285714285715,140,108,32,0.18595301813474224,777.6424593830402,661.35027850304,19424,0.6194690265486725,0.03571428571428571,86,2,2,290.7214285714286,0.010238955977745304,10141915,0,8226068,3,1872615,90,4,132,78,2,60,12,2,72,99,3,19319,0,0,0,0,0,30.752921496959992,492.1032,461.35027850304004,95.77209225
0.001,0.7,0.03,0.97,461.35027850304004,0.7714285714285715,140,108,32,0.18595301813474224,777.6424593830402,661.35027850304,19424,0.6194690265486725,0.03571428571428571,86,2,2,290.7214285714286,0.010238955977745304,10141915,0,8226067,5,1872614,90,4,132,78,2,60,12,2,72,99,3,19319,0,0,0,0,0,30.752921496959992,492.1032,461.35027850304004,95.334018292
0.001,0.7,0.03,0.975,461.35027850304004,0.7714285714285715,140,108,32,0.18595301813474224,777.6424593830402,661.35027850304,19426,0.6194690265486725,0.03571428571428571,86,2,2,290.7214285714286,0.010238955977745304,10141915,0,8226067,5,1872614,90,4,132,78,2,60,12,2,72,99,4,19319,0,0,0,0,0,30.752921496959992,492.1032,461.35027850304004,94.931646542
0.001,0.7,0.03,0.98,461.35027850304004,0.7714285714285715,140,108,32,0.18595301813474224,777.6424593830402,661.35027850304,19426,0.6194690265486725,0.03571428571428571,86,2,2,290.7214285714286,0.010238955977745304,10141915,0,8226058,17,1872611,90,4,132,78,2,60,12,2,72,99,4,19319,0,0,0,0,0,30.752921496959992,492.1032,461.35027850304004,95.679817458
0.001,0.7,0.03,0.985,461.35027850304004,0.7714285714285715,140,108,32,0.18595301813474224,777.6424593830402,661.35027850304,19426,0.6194690265486725,0.03571428571428571,86,2,2,290.7214285714286,0.010238955977745304,10141915,0,8226058,17,1872611,90,4,132,78,2,60,12,2,72,99,4,19319,0,0,0,0,0,30.752921496959992,492.1032,461.35027850304004,95.472887833
0.001,0.7,0.05,0.965,545.5361065618397,0.7622377622377622,143,109,34,0.22033612513882014,896.6341152978398,745.5361065618397,19424,0.6299559471365639,0.055944055944055944,84,2,2,290.65734265734267,0.009888720860558677,10141915,0,8226068,3,1872615,91,4,132,81,2,60,10,2,72,99,3,19319,0,0,0,0,0,41.46959343815999,587.0056999999997,545.5361065618397,94.935242583
0.001,0.7,0.05,0.97,545.5361065618397,0.7622377622377622,143,109,34,0.22033612513882014,896.6341152978398,745.5361065618397,19424,0.6299559471365639,0.055944055944055944,84,2,2,290.65734265734267,0.009888720860558677,10141915,0,8226067,5,1872614,91,4,132,81,2,60,10,2,72,99,3,19319,0,0,0,0,0,41.46959343815999,587.0056999999997,545.5361065618397,97.166978292
0.001,0.7,0.05,0.975,545.5361065618397,0.7622377622377622,143,109,34,0.22033612513882014,896.6341152978398,745.5361065618397,19426,0.6299559471365639,0.055944055944055944,84,2,2,290.65734265734267,0.009888720860558677,10141915,0,8226067,5,1872614,91,4,132,81,2,60,10,2,72,99,4,19319,0,0,0,0,0,41.46959343815999,587.0056999999997,545.5361065618397,95.791963208
0.001,0.7,0.05,0.98,545.5361065618397,0.7622377622377622,143,109,34,0.22033612513882014,896.6341152978398,745.5361065618397,19426,0.6299559471365639,0.055944055944055944,84,2,2,290.65734265734267,0.009888720860558677,10141915,0,8226058,17,1872611,91,4,132,81,2,60,10,2,72,99,4,19319,0,0,0,0,0,41.46959343815999,587.0056999999997,545.5361065618397,95.587259667
0.001,0.7,0.05,0.985,545.5361065618397,0.7622377622377622,143,109,34,0.22033612513882014,896.6341152978398,745.5361065618397,19426,0.6299559471365639,0.055944055944055944,84,2,2,290.65734265734267,0.009888720860558677,10141915,0,8226058,17,1872611,91,4,132,81,2,60,10,2,72,99,4,19319,0,0,0,0,0,41.46959343815999,587.0056999999997,545.5361065618397,96.634209
0.001,0.7,0.075,0.965,701.8850285668797,0.7622377622377622,143,109,34,0.23936204897088456,1090.5639795076797,901.8850285668797,19424,0.6299559471365639,0.1048951048951049,84,2,2,290.65734265734267,0.009855239688143417,10141915,0,8226068,3,1872615,91,4,132,81,2,60,10,2,72,99,3,19319,0,0,0,0,0,56.019371433119986,757.9043999999997,701.8850285668797,96.619692959
0.001,0.7,0.075,0.97,701.8850285668797,0.7622377622377622,143,109,34,0.23936204897088456,1090.5639795076797,901.8850285668797,19424,0.6299559471365639,0.1048951048951049,84,2,2,290.65734265734267,0.009855239688143417,10141915,0,8226067,5,1872614,91,4,132,81,2,60,10,2,72,99,3,19319,0,0,0,0,0,56.019371433119986,757.9043999999997,701.8850285668797,96.934467334
0.001,0.7,0.075,0.975,701.8850285668797,0.7622377622377622,143,109,34,0.23936204897088456,1090.5639795076797,901.8850285668797,19426,0.6299559471365639,0.1048951048951049,84,2,2,290.65734265734267,0.009855239688143417,10141915,0,8226067,5,1872614,91,4,132,81,2,60,10,2,72,99,4,19319,0,0,0,0,0,56.019371433119986,757.9043999999997,701.8850285668797,95.905705209
0.001,0.7,0.075,0.98,701.8850285668797,0.7622377622377622,143,109,34,0.23936204897088456,1090.5639795076797,901.8850285668797,19426,0.6299559471365639,0.1048951048951049,84,2,2,290.65734265734267,0.009855239688143417,10141915,0,8226058,17,1872611,91,4,132,81,2,60,10,2,72,99,4,19319,0,0,0,0,0,56.019371433119986,757.9043999999997,701.8850285668797,95.15135325
0.001,0.7,0.075,0.985,701.8850285668797,0.7622377622377622,143,109,34,0.23936204897088456,1090.5639795076797,901.8850285668797,19426,0.6299559471365639,0.1048951048951049,84,2,2,290.65734265734267,0.009855239688143417,10141915,0,8226058,17,1872611,91,4,132,81,2,60,10,2,72,99,4,19319,0,0,0,0,0,56.019371433119986,757.9043999999997,701.8850285668797,95.696078959
0.001,0.7,0.1,0.965,791.1442126015202,0.7622377622377622,143,109,34,0.25968463459916047,1213.25839595832,991.1442126015202,19424,0.6299559471365639,0.14685314685314685,84,2,2,290.65734265734267,0.009801983354660508,10141915,0,8226068,3,1872615,91,4,132,81,2,60,10,2,72,99,3,19319,0,0,0,0,0,68.25948739847999,859.4037000000002,791.1442126015202,96.213313916
0.001,0.7,0.1,0.97,791.1442126015202,0.7622377622377622,143,109,34,0.25968463459916047,1213.25839595832,991.1442126015202,19424,0.6299559471365639,0.14685314685314685,84,2,2,290.65734265734267,0.009801983354660508,10141915,0,8226067,5,1872614,91,4,132,81,2,60,10,2,72,99,3,19319,0,0,0,0,0,68.25948739847999,859.4037000000002,791.1442126015202,97.888060833
0.001,0.7,0.1,0.975,791.1442126015202,0.7622377622377622,143,109,34,0.25968463459916047,1213.25839595832,991.1442126015202,19426,0.6299559471365639,0.14685314685314685,84,2,2,290.65734265734267,0.009801983354660508,10141915,0,8226067,5,1872614,91,4,132,81,2,60,10,2,72,99,4,19319,0,0,0,0,0,68.25948739847999,859.4037000000002,791.1442126015202,95.6860085
0.001,0.7,0.1,0.98,791.1442126015202,0.7622377622377622,143,109,34,0.25968463459916047,1213.25839595832,991.1442126015202,19426,0.6299559471365639,0.14685314685314685,84,2,2,290.65734265734267,0.009801983354660508,10141915,0,8226058,17,1872611,91,4,132,81,2,60,10,2,72,99,4,19319,0,0,0,0,0,68.25948739847999,859.4037000000002,791.1442126015202,94.956256291
0.001,0.7,0.1,0.985,791.1442126015202,0.7622377622377622,143,109,34,0.25968463459916047,1213.25839595832,991.1442126015202,19426,0.6299559471365639,0.14685314685314685,84,2,2,290.65734265734267,0.009801983354660508,10141915,0,8226058,17,1872611,91,4,132,81,2,60,10,2,72,99,4,19319,0,0,0,0,0,68.25948739847999,859.4037000000002,791.1442126015202,94.562862209
0.001,0.7,0.125,0.965,909.80821083864,0.7622377622377622,143,109,34,0.28902364781236384,1394.61831793944,1109.80821083864,19424,0.6299559471365639,0.15384615384615385,84,2,2,290.65734265734267,0.009881406204714891,10141915,0,8226068,3,1872615,91,4,132,81,2,60,10,2,72,99,3,19319,0,0,0,0,0,80.21908916135999,990.0273,909.80821083864,95.514701208
0.001,0.7,0.125,0.97,909.80821083864,0.7622377622377622,143,109,34,0.28902364781236384,1394.61831793944,1109.80821083864,19424,0.6299559471365639,0.15384615384615385,84,2,2,290.65734265734267,0.009881406204714891,10141915,0,8226067,5,1872614,91,4,132,81,2,60,10,2,72,99,3,19319,0,0,0,0,0,80.21908916135999,990.0273,909.80821083864,95.145674292
0.001,0.7,0.125,0.975,909.80821083864,0.7622377622377622,143,109,34,0.28902364781236384,1394.61831793944,1109.80821083864,19426,0.6299559471365639,0.15384615384615385,84,2,2,290.65734265734267,0.009881406204714891,10141915,0,8226067,5,1872614,91,4,132,81,2,60,10,2,72,99,4,19319,0,0,0,0,0,80.21908916135999,990.0273,909.80821083864,95.010127459
0.001,0.7,0.125,0.98,909.80821083864,0.7622377622377622,143,109,34,0.28902364781236384,1394.61831793944,1109.80821083864,19426,0.6299559471365639,0.15384615384615385,84,2,2,290.65734265734267,0.009881406204714891,10141915,0,8226058,17,1872611,91,4,132,81,2,60,10,2,72,99,4,19319,0,0,0,0,0,80.21908916135999,990.0273,909.80821083864,96.764098042
0.001,0.7,0.125,0.985,909.80821083864,0.7622377622377622,143,109,34,0.28902364781236384,1394.61831793944,1109.80821083864,19426,0.6299559471365639,0.15384615384615385,84,2,2,290.65734265734267,0.009881406204714891,10141915,0,8226058,17,1872611,91,4,132,81,2,60,10,2,72,99,4,19319,0,0,0,0,0,80.21908916135999,990.0273,909.80821083864,95.455585041
0.0012,0.5,0.03,0.965,68.27770232799998,0.5882352941176471,17,10,7,0.10897729617194721,271.547693616,268.277702328,19335,0.02063106796116505,0.11764705882352941,807,0,0,277.70588235294116,0.017798298599032283,10141915,0,8223017,3,1867978,5,0,819,5,0,12,0,0,807,9,3,19320,0,0,0,0,0,2.217297672,70.49499999999998,68.27770232799998,95.075280167
0.0012,0.5,0.03,0.97,68.27770232799998,0.5882352941176471,17,10,7,0.10897729617194721,271.547693616,268.277702328,19335,0.02063106796116505,0.11764705882352941,807,0,0,277.70588235294116,0.017798298599032283,10141915,0,8223016,5,1867977,5,0,819,5,0,12,0,0,807,9,3,19320,0,0,0,0,0,2.217297672,70.49499999999998,68.27770232799998,95.223440708
0.0012,0.5,0.03,0.975,68.27770232799998,0.5882352941176471,17,10,7,0.10897729617194721,271.547693616,268.277702328,19337,0.02063106796116505,0.11764705882352941,807,0,0,277.70588235294116,0.017798298599032283,10141915,0,8223016,5,1867977,5,0,819,5,0,12,0,0,807,9,4,19320,0,0,0,0,0,2.217297672,70.49499999999998,68.27770232799998,96.090200625
0.0012,0.5,0.03,0.98,68.27770232799998,0.5882352941176471,17,10,7,0.10897729617194721,271.547693616,268.277702328,19337,0.02063106796116505,0.11764705882352941,807,0,0,277.70588235294116,0.017798298599032283,10141915,0,8223007,17,1867974,5,0,819,5,0,12,0,0,807,9,4,19320,0,0,0,0,0,2.217297672,70.49499999999998,68.27770232799998,96.136304416
0.0012,0.5,0.03,0.985,68.27770232799998,0.5882352941176471,17,10,7,0.10897729617194721,271.547693616,268.277702328,19337,0.02063106796116505,0.11764705882352941,807,0,0,277.70588235294116,0.017798298599032283,10141915,0,8223007,17,1867974,5,0,819,5,0,12,0,0,807,9,4,19320,0,0,0,0,0,2.217297672,70.49499999999998,68.27770232799998,95.63642887500001
0.0012,0.5,0.05,0.965,65.79168079199991,0.5714285714285714,21,12,9,0.17494512829199244,305.4182676,265.7916807919999,19121,0.02539298669891173,0.09523809523809523,806,0,0,278.6190476190476,0.015116445791769932,10141915,0,8199224,3,1860223,10,0,817,10,0,11,0,0,806,10,3,19105,0,0,0,0,0,3.3433192079999996,69.1349999999999,65.79168079199991,96.3529155
0.0012,0.5,0.05,0.97,65.79168079199991,0.5714285714285714,21,12,9,0.17494512829199244,305.4182676,265.7916807919999,19121,0.02539298669891173,0.09523809523809523,806,0,0,278.6190476190476,0.015116445791769932,10141915,0,8199223,5,1860222,10,0,817,10,0,11,0,0,806,10,3,19105,0,0,0,0,0,3.3433192079999996,69.1349999999999,65.79168079199991,96.468109125
0.0012,0.5,0.05,0.975,65.79168079199991,0.5714285714285714,21,12,9,0.17494512829199244,305.4182676,265.7916807919999,19123,0.02539298669891173,0.09523809523809523,806,0,0,278.6190476190476,0.015116445791769932,10141915,0,8199223,5,1860222,10,0,817,10,0,11,0,0,806,10,4,19105,0,0,0,0,0,3.3433192079999996,69.1349999999999,65.79168079199991,96.40040625
0.0012,0.5,0.05,0.98,65.79168079199991,0.5714285714285714,21,12,9,0.17494512829199244,305.4182676,265.7916807919999,19123,0.02539298669891173,0.09523809523809523,806,0,0,278.6190476190476,0.015116445791769932,10141915,0,8199214,17,1860219,10,0,817,10,0,11,0,0,806,10,4,19105,0,0,0,0,0,3.3433192079999996,69.1349999999999,65.79168079199991,98.0490445
0.0012,0.5,0.05,0.985,65.79168079199991,0.5714285714285714,21,12,9,0.17494512829199244,305.4182676,265.7916807919999,19123,0.02539298669891173,0.09523809523809523,806,0,0,278.6190476190476,0.015116445791769932,10141915,0,8199214,17,1860219,10,0,817,10,0,11,0,0,806,10,4,19105,0,0,0,0,0,3.3433192079999996,69.1349999999999,65.79168079199991,95.656424917
0.0012,0.5,0.075,0.965,62.29444831200004,0.5714285714285714,21,12,9,0.2418927835913453,328.504709848,262.29444831200004,19121,0.02539298669891173,0.09523809523809523,806,0,0,277.9047619047619,0.012922921181253063,10141915,0,8199224,3,1860223,10,0,817,10,0,11,0,0,806,10,3,19105,0,0,0,0,0,4.260551688,66.55500000000004,62.29444831200004,94.754329917
0.0012,0.5,0.075,0.97,62.29444831200004,0.5714285714285714,21,12,9,0.2418927835913453,328.504709848,262.29444831200004,19121,0.02539298669891173,0.09523809523809523,806,0,0,277.9047619047619,0.012922921181253063,10141915,0,8199223,5,1860222,10,0,817,10,0,11,0,0,806,10,3,19105,0,0,0,0,0,4.260551688,66.55500000000004,62.29444831200004,94.702888708
0.0012,0.5,0.075,0.975,62.29444831200004,0.5714285714285714,21,12,9,0.2418927835913453,328.504709848,262.29444831200004,19123,0.02539298669891173,0.09523809523809523,806,0,0,277.9047619047619,0.012922921181253063,10141915,0,8199223,5,1860222,10,0,817,10,0,11,0,0,806,10,4,19105,0,0,0,0,0,4.260551688,66.55500000000004,62.29444831200004,96.005175125
0.0012,0.5,0.075,0.98,62.29444831200004,0.5714285714285714,21,12,9,0.2418927835913453,328.504709848,262.29444831200004,19123,0.02539298669891173,0.09523809523809523,806,0,0,277.9047619047619,0.012922921181253063,10141915,0,8199214,17,1860219,10,0,817,10,0,11,0,0,806,10,4,19105,0,0,0,0,0,4.260551688,66.55500000000004,62.29444831200004,95.420450708
0.0012,0.5,0.075,0.985,62.29444831200004,0.5714285714285714,21,12,9,0.2418927835913453,328.504709848,262.29444831200004,19123,0.02539298669891173,0.09523809523809523,806,0,0,277.9047619047619,0.012922921181253063,10141915,0,8199214,17,1860219,10,0,817,10,0,11,0,0,806,10,4,19105,0,0,0,0,0,4.260551688,66.55500000000004,62.29444831200004,95.027313125
0.0012,0.5,0.1,0.965,51.18495175040002,0.5714285714285714,21,12,9,0.3146582103267397,347.97890956000003,251.18495175040002,19121,0.027888446215139442,0.14285714285714285,732,0,0,277.9047619047619,0.01370376584157138,10141915,0,8199224,3,1860223,10,0,743,10,0,11,0,0,732,10,3,19105,0,1544,0,0,0,5.2770482496,56.46200000000002,51.18495175040002,96.443887541
0.0012,0.5,0.1,0.97,51.18495175040002,0.5714285714285714,21,12,9,0.3146582103267397,347.97890956000003,251.18495175040002,19121,0.027888446215139442,0.14285714285714285,732,0,0,277.9047619047619,0.01370376584157138,10141915,0,8199223,5,1860222,10,0,743,10,0,11,0,0,732,10,3,19105,0,1544,0,0,0,5.2770482496,56.46200000000002,51.18495175040002,95.788212334
0.0012,0.5,0.1,0.975,51.18495175040002,0.5714285714285714,21,12,9,0.3146582103267397,347.97890956000003,251.18495175040002,19123,0.027888446215139442,0.14285714285714285,732,0,0,277.9047619047619,0.01370376584157138,10141915,0,8199223,5,1860222,10,0,743,10,0,11,0,0,732,10,4,19105,0,1544,0,0,0,5.2770482496,56.46200000000002,51.18495175040002,95.236837625
0.0012,0.5,0.1,0.98,51.18495175040002,0.5714285714285714,21,12,9,0.3146582103267397,347.97890956000003,251.18495175040002,19123,0.027888446215139442,0.14285714285714285,732,0,0,277.9047619047619,0.01370376584157138,10141915,0,8199214,17,1860219,10,0,743,10,0,11,0,0,732,10,4,19105,0,1544,0,0,0,5.2770482496,56.46200000000002,51.18495175040002,95.793109458
0.0012,0.5,0.1,0.985,51.18495175040002,0.5714285714285714,21,12,9,0.3146582103267397,347.97890956000003,251.18495175040002,19123,0.027888446215139442,0.14285714285714285,732,0,0,277.9047619047619,0.01370376584157138,10141915,0,8199214,17,1860219,10,0,743,10,0,11,0,0,732,10,4,19105,0,1544,0,0,0,5.2770482496,56.46200000000002,51.18495175040002,95.242197209
0.0012,0.5,0.125,0.965,59.55594379040002,0.6,20,12,8,0.3212575579062833,362.881811072,259.5559437904,19121,0.026525198938992044,0.15,734,0,0,279.05,0.014591998653619598,10141915,0,8199224,3,1860223,9,0,745,9,0,11,0,0,734,10,3,19105,0,1246,0,0,0,5.6960562096,65.25200000000002,59.55594379040002,95.389316875
0.0012,0.5,0.125,0.97,59.55594379040002,0.6,20,12,8,0.3212575579062833,362.881811072,259.5559437904,19121,0.026525198938992044,0.15,734,0,0,279.05,0.014591998653619598,10141915,0,8199223,5,1860222,9,0,745,9,0,11,0,0,734,10,3,19105,0,1246,0,0,0,5.6960562096,65.25200000000002,59.55594379040002,95.86063925
0.0012,0.5,0.125,0.975,59.55594379040002,0.6,20,12,8,0.3212575579062833,362.881811072,259.5559437904,19123,0.026525198938992044,0.15,734,0,0,279.05,0.014591998653619598,10141915,0,8199223,5,1860222,9,0,745,9,0,11,0,0,734,10,4,19105,0,1246,0,0,0,5.6960562096,65.25200000000002,59.55594379040002,95.584321041
0.0012,0.5,0.125,0.98,59.55594379040002,0.6,20,12,8,0.3212575579062833,362.881811072,259.5559437904,19123,0.026525198938992044,0.15,734,0,0,279.05,0.014591998653619598,10141915,0,8199214,17,1860219,9,0,745,9,0,11,0,0,734,10,4,19105,0,1246,0,0,0,5.6960562096,65.25200000000002,59.55594379040002,95.912047083
0.0012,0.5,0.125,0.985,59.55594379040002,0.6,20,12,8,0.3212575579062833,362.881811072,259.5559437904,19123,0.026525198938992044,0.15,734,0,0,279.05,0.014591998653619598,10141915,0,8199214,17,1860219,9,0,745,9,0,11,0,0,734,10,4,19105,0,1246,0,0,0,5.6960562096,65.25200000000002,59.55594379040002,96.065926708
0.0012,0.55,0.03,0.965,121.07491698751983,0.6333333333333333,30,19,11,0.10875298463011336,348.17901975551996,321.0749169875198,19127,0.04043126684636118,0.1,712,1,1,298.1333333333333,0.007387596014285948,10141915,0,8199224,3,1860223,13,2,727,11,1,18,2,1,709,16,3,19105,0,0,0,0,0,4.63248301248,125.70739999999982,121.07491698751983,96.527018917
0.0012,0.55,0.03,0.97,121.07491698751983,0.6333333333333333,30,19,11,0.10875298463011336,348.17901975551996,321.0749169875198,19127,0.04043126684636118,0.1,712,1,1,298.1333333333333,0.007387596014285948,10141915,0,8199223,5,1860222,13,2,727,11,1,18,2,1,709,16,3,19105,0,0,0,0,0,4.63248301248,125.70739999999982,121.07491698751983,96.603935292
0.0012,0.55,0.03,0.975,121.07491698751983,0.6333333333333333,30,19,11,0.10875298463011336,348.17901975551996,321.0749169875198,19129,0.04043126684636118,0.1,712,1,1,298.1333333333333,0.007387596014285948,10141915,0,8199223,5,1860222,13,2,727,11,1,18,2,1,709,16,4,19105,0,0,0,0,0,4.63248301248,125.70739999999982,121.07491698751983,95.973488125
0.0012,0.55,0.03,0.98,121.07491698751983,0.6333333333333333,30,19,11,0.10875298463011336,348.17901975551996,321.0749169875198,19129,0.04043126684636118,0.1,712,1,1,298.1333333333333,0.007387596014285948,10141915,0,8199214,17,1860219,13,2,727,11,1,18,2,1,709,16,4,19105,0,0,0,0,0,4.63248301248,125.70739999999982,121.07491698751983,95.248319709
0.0012,0.55,0.03,0.985,121.07491698751983,0.6333333333333333,30,19,11,0.10875298463011336,348.17901975551996,321.0749169875198,19129,0.04043126684636118,0.1,712,1,1,298.1333333333333,0.007387596014285948,10141915,0,8199214,17,1860219,13,2,727,11,1,18,2,1,709,16,4,19105,0,0,0,0,0,4.63248301248,125.70739999999982,121.07491698751983,94.451017792
0.0012,0.55,0.05,0.965,114.79268073951994,0.625,32,20,12,0.1590929907530777,362.47624023552,314.79268073951994,19127,0.043010752688172046,0.09375,712,1,1,295.71875,0.008930082401489216,10141915,0,8199224,3,1860223,15,2,727,13,1,18,2,1,709,16,3,19105,0,0,0,0,0,5.804719260479999,120.59739999999994,114.79268073951994,94.592649542
0.0012,0.55,0.05,0.97,114.79268073951994,0.625,32,20,12,0.1590929907530777,362.47624023552,314.79268073951994,19127,0.043010752688172046,0.09375,712,1,1,295.71875,0.008930082401489216,10141915,0,8199223,5,1860222,15,2,727,13,1,18,2,1,709,16,3,19105,0,0,0,0,0,5.804719260479999,120.59739999999994,114.79268073951994,97.971761291
0.0012,0.55,0.05,0.975,114.79268073951994,0.625,32,20,12,0.1590929907530777,362.47624023552,314.79268073951994,19129,0.043010752688172046,0.09375,712,1,1,295.71875,0.008930082401489216,10141915,0,8199223,5,1860222,15,2,727,13,1,18,2,1,709,16,4,19105,0,0,0,0,0,5.804719260479999,120.59739999999994,114.79268073951994,94.677577417
0.0012,0.55,0.05,0.98,114.79268073951994,0.625,32,20,12,0.1590929907530777,362.47624023552,314.79268073951994,19129,0.043010752688172046,0.09375,712,1,1,295.71875,0.008930082401489216,10141915,0,8199214,17,1860219,15,2,727,13,1,18,2,1,709,16,4,19105,0,0,0,0,0,5.804719260479999,120.59739999999994,114.79268073951994,93.476856792
0.0012,0.55,0.05,0.985,114.79268073951994,0.625,32,20,12,0.1590929907530777,362.47624023552,314.79268073951994,19129,0.043010752688172046,0.09375,712,1,1,295.71875,0.008930082401489216,10141915,0,8199214,17,1860219,15,2,727,13,1,18,2,1,709,16,4,19105,0,0,0,0,0,5.804719260479999,120.59739999999994,114.79268073951994,95.630103958
0.0012,0.55,0.075,0.965,104.74420801151996,0.625,32,20,12,0.22195200863011239,382.04035217951997,304.74420801151996,19127,0.043010752688172046,0.09375,712,1,1,295.71875,0.01041017131865693,10141915,0,8199224,3,1860223,15,2,727,13,1,18,2,1,709,16,3,19105,0,0,0,0,0,7.14319198848,111.88739999999996,104.74420801151996,93.504824792
0.0012,0.55,0.075,0.97,104.74420801151996,0.625,32,20,12,0.22195200863011239,382.04035217951997,304.74420801151996,19127,0.043010752688172046,0.09375,712,1,1,295.71875,0.01041017131865693,10141915,0,8199223,5,1860222,15,2,727,13,1,18,2,1,709,16,3,19105,0,0,0,0,0,7.14319198848,111.88739999999996,104.74420801151996,95.038160792
0.0012,0.55,0.075,0.975,104.74420801151996,0.625,32,20,12,0.22195200863011239,382.04035217951997,304.74420801151996,19129,0.043010752688172046,0.09375,712,1,1,295.71875,0.01041017131865693,10141915,0,8199223,5,1860222,15,2,727,13,1,18,2,1,709,16,4,19105,0,0,0,0,0,7.14319198848,111.88739999999996,104.74420801151996,95.628316
0.0012,0.55,0.075,0.98,104.74420801151996,0.625,32,20,12,0.22195200863011239,382.04035217951997,304.74420801151996,19129,0.043010752688172046,0.09375,712,1,1,295.71875,0.01041017131865693,10141915,0,8199214,17,1860219,15,2,727,13,1,18,2,1,709,16,4,19105,0,0,0,0,0,7.14319198848,111.88739999999996,104.74420801151996,211.997067667
0.0012,0.55,0.075,0.985,104.74420801151996,0.625,32,20,12,0.22195200863011239,382.04035217951997,304.74420801151996,19129,0.043010752688172046,0.09375,712,1,1,295.71875,0.01041017131865693,10141915,0,8199214,17,1860219,15,2,727,13,1,18,2,1,709,16,4,19105,0,0,0,0,0,7.14319198848,111.88739999999996,104.74420801151996,211.8592605
0.0012,0.55,0.1,0.965,89.95166466592002,0.625,32,20,12,0.2926778991507578,402.47395889952,289.95166466592,19127,0.043010752688172046,0.125,712,1,1,295.71875,0.010853761547032815,10141915,0,8199224,3,1860223,15,2,727,13,1,18,2,1,709,16,3,19105,0,0,0,0,0,8.38273533408,98.33440000000002,89.95166466592002,206.663400916
0.0012,0.55,0.1,0.97,89.95166466592002,0.625,32,20,12,0.2926778991507578,402.47395889952,289.95166466592,19127,0.043010752688172046,0.125,712,1,1,295.71875,0.010853761547032815,10141915,0,8199223,5,1860222,15,2,727,13,1,18,2,1,709,16,3,19105,0,0,0,0,0,8.38273533408,98.33440000000002,89.95166466592002,145.868468083
0.0012,0.55,0.1,0.975,89.95166466592002,0.625,32,20,12,0.2926778991507578,402.47395889952,289.95166466592,19129,0.043010752688172046,0.125,712,1,1,295.71875,0.010853761547032815,10141915,0,8199223,5,1860222,15,2,727,13,1,18,2,1,709,16,4,19105,0,0,0,0,0,8.38273533408,98.33440000000002,89.95166466592002,96.137133042
0.0012,0.55,0.1,0.98,89.95166466592002,0.625,32,20,12,0.2926778991507578,402.47395889952,289.95166466592,19129,0.043010752688172046,0.125,712,1,1,295.71875,0.010853761547032815,10141915,0,8199214,17,1860219,15,2,727,13,1,18,2,1,709,16,4,19105,0,0,0,0,0,8.38273533408,98.33440000000002,89.95166466592002,98.671032334
0.0012,0.55,0.1,0.985,89.95166466592002,0.625,32,20,12,0.2926778991507578,402.47395889952,289.95166466592,19129,0.043010752688172046,0.125,712,1,1,295.71875,0.010853761547032815,10141915,0,8199214,17,1860219,15,2,727,13,1,18,2,1,709,16,4,19105,0,0,0,0,0,8.38273533408,98.33440000000002,89.95166466592002,96.774152542
0.0012,0.55,0.125,0.965,46.802041297919914,0.6129032258064516,31,19,12,0.41385003535984666,421.05613953152,246.8020412979199,19127,0.04633781763826607,0.12903225806451613,638,1,1,295.4516129032258,0.011521845727232761,10141915,0,8199224,3,1860223,14,2,653,12,1,18,2,1,635,16,3,19105,0,1545,0,0,0,8.742358702079999,55.54439999999991,46.802041297919914,96.060926834
0.0012,0.55,0.125,0.97,46.802041297919914,0.6129032258064516,31,19,12,0.41385003535984666,421.05613953152,246.8020412979199,19127,0.04633781763826607,0.12903225806451613,638,1,1,295.4516129032258,0.011521845727232761,10141915,0,8199223,5,1860222,14,2,653,12,1,18,2,1,635,16,3,19105,0,1545,0,0,0,8.742358702079999,55.54439999999991,46.802041297919914,95.831150792
0.0012,0.55,0.125,0.975,46.802041297919914,0.6129032258064516,31,19,12,0.41385003535984666,421.05613953152,246.8020412979199,19129,0.04633781763826607,0.12903225806451613,638,1,1,295.4516129032258,0.011521845727232761,10141915,0,8199223,5,1860222,14,2,653,12,1,18,2,1,635,16,4,19105,0,1545,0,0,0,8.742358702079999,55.54439999999991,46.802041297919914,96.597540167
0.0012,0.55,0.125,0.98,46.802041297919914,0.6129032258064516,31,19,12,0.41385003535984666,421.05613953152,246.8020412979199,19129,0.04633781763826607,0.12903225806451613,638,1,1,295.4516129032258,0.011521845727232761,10141915,0,8199214,17,1860219,14,2,653,12,1,18,2,1,635,16,4,19105,0,1545,0,0,0,8.742358702079999,55.54439999999991,46.802041297919914,96.253447792
0.0012,0.55,0.125,0.985,46.802041297919914,0.6129032258064516,31,19,12,0.41385003535984666,421.05613953152,246.8020412979199,19129,0.04633781763826607,0.12903225806451613,638,1,1,295.4516129032258,0.011521845727232761,10141915,0,8199214,17,1860219,14,2,653,12,1,18,2,1,635,16,4,19105,0,1545,0,0,0,8.742358702079999,55.54439999999991,46.802041297919914,98.462707834
0.0012,0.6,0.03,0.965,264.46579206399997,0.74,50,37,13,0.0819070948580723,488.09557535199997,464.46579206399997,19139,0.09057971014492754,0.04,502,2,2,295.82,0.006999109528049865,10141915,0,8199224,3,1860223,23,4,525,19,2,29,4,2,496,28,3,19105,0,0,0,0,0,9.594207936000002,274.05999999999995,264.46579206399997,96.770806458
0.0012,0.6,0.03,0.97,264.46579206399997,0.74,50,37,13,0.0819070948580723,488.09557535199997,464.46579206399997,19139,0.09057971014492754,0.04,502,2,2,295.82,0.006999109528049865,10141915,0,8199223,5,1860222,23,4,525,19,2,29,4,2,496,28,3,19105,0,0,0,0,0,9.594207936000002,274.05999999999995,264.46579206399997,96.211175583
0.0012,0.6,0.03,0.975,264.46579206399997,0.74,50,37,13,0.0819070948580723,488.09557535199997,464.46579206399997,19141,0.09057971014492754,0.04,502,2,2,295.82,0.006999109528049865,10141915,0,8199223,5,1860222,23,4,525,19,2,29,4,2,496,28,4,19105,0,0,0,0,0,9.594207936000002,274.05999999999995,264.46579206399997,95.650331917
0.0012,0.6,0.03,0.98,264.46579206399997,0.74,50,37,13,0.0819070948580723,488.09557535199997,464.46579206399997,19141,0.09057971014492754,0.04,502,2,2,295.82,0.006999109528049865,10141915,0,8199214,17,1860219,23,4,525,19,2,29,4,2,496,28,4,19105,0,0,0,0,0,9.594207936000002,274.05999999999995,264.46579206399997,96.335957667
0.0012,0.6,0.03,0.985,264.46579206399997,0.74,50,37,13,0.0819070948580723,488.09557535199997,464.46579206399997,19141,0.09057971014492754,0.04,502,2,2,295.82,0.006999109528049865,10141915,0,8199214,17,1860219,23,4,525,19,2,29,4,2,496,28,4,19105,0,0,0,0,0,9.594207936000002,274.05999999999995,264.46579206399997,96.1186845
0.0012,0.6,0.05,0.965,290.9174147816802,0.7307692307692307,52,38,14,0.13144924943409175,518.2888925336802,490.9174147816802,19139,0.09386281588447654,0.038461538461538464,502,2,2,294.4230769230769,0.008174241419507051,10141915,0,8199224,3,1860223,25,4,525,21,2,29,4,2,496,28,3,19105,0,0,0,0,0,12.23268521832,303.1501000000002,290.9174147816802,99.043457625
0.0012,0.6,0.05,0.97,290.9174147816802,0.7307692307692307,52,38,14,0.13144924943409175,518.2888925336802,490.9174147816802,19139,0.09386281588447654,0.038461538461538464,502,2,2,294.4230769230769,0.008174241419507051,10141915,0,8199223,5,1860222,25,4,525,21,2,29,4,2,496,28,3,19105,0,0,0,0,0,12.23268521832,303.1501000000002,290.9174147816802,96.563144083
0.0012,0.6,0.05,0.975,290.9174147816802,0.7307692307692307,52,38,14,0.13144924943409175,518.2888925336802,490.9174147816802,19141,0.09386281588447654,0.038461538461538464,502,2,2,294.4230769230769,0.008174241419507051,10141915,0,8199223,5,1860222,25,4,525,21,2,29,4,2,496,28,4,19105,0,0,0,0,0,12.23268521832,303.1501000000002,290.9174147816802,96.483132541
0.0012,0.6,0.05,0.98,290.9174147816802,0.7307692307692307,52,38,14,0.13144924943409175,518.2888925336802,490.9174147816802,19141,0.09386281588447654,0.038461538461538464,502,2,2,294.4230769230769,0.008174241419507051,10141915,0,8199214,17,1860219,25,4,525,21,2,29,4,2,496,28,4,19105,0,0,0,0,0,12.23268521832,303.1501000000002,290.9174147816802,95.758695333
0.0012,0.6,0.05,0.985,290.9174147816802,0.7307692307692307,52,38,14,0.13144924943409175,518.2888925336802,490.9174147816802,19141,0.09386281588447654,0.038461538461538464,502,2,2,294.4230769230769,0.008174241419507051,10141915,0,8199214,17,1860219,25,4,525,21,2,29,4,2,496,28,4,19105,0,0,0,0,0,12.23268521832,303.1501000000002,290.9174147816802,95.793945958
0.0012,0.6,0.075,0.965,319.5216000600799,0.7307692307692307,52,38,14,0.19323763332837643,555.3447666920799,519.5216000600799,19139,0.09386281588447654,0.07692307692307693,502,2,2,294.4230769230769,0.009130732601946683,10141915,0,8199224,3,1860223,25,4,525,21,2,29,4,2,496,28,3,19105,0,0,0,0,0,15.43549993992,334.9570999999999,319.5216000600799,95.614899209
0.0012,0.6,0.075,0.97,319.5216000600799,0.7307692307692307,52,38,14,0.19323763332837643,555.3447666920799,519.5216000600799,19139,0.09386281588447654,0.07692307692307693,502,2,2,294.4230769230769,0.009130732601946683,10141915,0,8199223,5,1860222,25,4,525,21,2,29,4,2,496,28,3,19105,0,0,0,0,0,15.43549993992,334.9570999999999,319.5216000600799,95.07238075
0.0012,0.6,0.075,0.975,319.5216000600799,0.7307692307692307,52,38,14,0.19323763332837643,555.3447666920799,519.5216000600799,19141,0.09386281588447654,0.07692307692307693,502,2,2,294.4230769230769,0.009130732601946683,10141915,0,8199223,5,1860222,25,4,525,21,2,29,4,2,496,28,4,19105,0,0,0,0,0,15.43549993992,334.9570999999999,319.5216000600799,95.198362083
0.0012,0.6,0.075,0.98,319.5216000600799,0.7307692307692307,52,38,14,0.19323763332837643,555.3447666920799,519.5216000600799,19141,0.09386281588447654,0.07692307692307693,502,2,2,294.4230769230769,0.009130732601946683,10141915,0,8199214,17,1860219,25,4,525,21,2,29,4,2,496,28,4,19105,0,0,0,0,0,15.43549993992,334.9570999999999,319.5216000600799,95.551460833
0.0012,0.6,0.075,0.985,319.5216000600799,0.7307692307692307,52,38,14,0.19323763332837643,555.3447666920799,519.5216000600799,19141,0.09386281588447654,0.07692307692307693,502,2,2,294.4230769230769,0.009130732601946683,10141915,0,8199214,17,1860219,25,4,525,21,2,29,4,2,496,28,4,19105,0,0,0,0,0,15.43549993992,334.9570999999999,319.5216000600799,94.888256708
0.0012,0.6,0.1,0.965,337.4824136828802,0.7307692307692307,52,38,14,0.2697794828781486,588.3616938268801,537.4824136828802,19139,0.09386281588447654,0.09615384615384616,502,2,2,294.53846153846155,0.009442338456461053,10141915,0,8199224,3,1860223,25,4,525,21,2,29,4,2,496,28,3,19105,0,0,0,0,0,18.62818631712,356.1106000000002,337.4824136828802,94.739483083
0.0012,0.6,0.1,0.97,337.4824136828802,0.7307692307692307,52,38,14,0.2697794828781486,588.3616938268801,537.4824136828802,19139,0.09386281588447654,0.09615384615384616,502,2,2,294.53846153846155,0.009442338456461053,10141915,0,8199223,5,1860222,25,4,525,21,2,29,4,2,496,28,3,19105,0,0,0,0,0,18.62818631712,356.1106000000002,337.4824136828802,95.116567458
0.0012,0.6,0.1,0.975,337.4824136828802,0.7307692307692307,52,38,14,0.2697794828781486,588.3616938268801,537.4824136828802,19141,0.09386281588447654,0.09615384615384616,502,2,2,294.53846153846155,0.009442338456461053,10141915,0,8199223,5,1860222,25,4,525,21,2,29,4,2,496,28,4,19105,0,0,0,0,0,18.62818631712,356.1106000000002,337.4824136828802,95.338239416
0.0012,0.6,0.1,0.98,337.4824136828802,0.7307692307692307,52,38,14,0.2697794828781486,588.3616938268801,537.4824136828802,19141,0.09386281588447654,0.09615384615384616,502,2,2,294.53846153846155,0.009442338456461053,10141915,0,8199214,17,1860219,25,4,525,21,2,29,4,2,496,28,4,19105,0,0,0,0,0,18.62818631712,356.1106000000002,337.4824136828802,94.555102875
0.0012,0.6,0.1,0.985,337.4824136828802,0.7307692307692307,52,38,14,0.2697794828781486,588.3616938268801,537.4824136828802,19141,0.09386281588447654,0.09615384615384616,502,2,2,294.53846153846155,0.009442338456461053,10141915,0,8199214,17,1860219,25,4,525,21,2,29,4,2,496,28,4,19105,0,0,0,0,0,18.62818631712,356.1106000000002,337.4824136828802,94.9143
0.0012,0.6,0.125,0.965,279.8311749388798,0.7142857142857143,49,35,14,0.3419206745268584,615.0959470788,479.8311749388798,19139,0.10187110187110188,0.10204081632653061,432,2,2,293.6734693877551,0.010355908968615612,10141915,0,8199224,3,1860223,24,4,453,20,2,27,4,2,426,28,3,19105,0,1545,0,0,0,19.68942506112,299.52059999999983,279.8311749388798,94.949388083
0.0012,0.6,0.125,0.97,279.8311749388798,0.7142857142857143,49,35,14,0.3419206745268584,615.0959470788,479.8311749388798,19139,0.10187110187110188,0.10204081632653061,432,2,2,293.6734693877551,0.010355908968615612,10141915,0,8199223,5,1860222,24,4,453,20,2,27,4,2,426,28,3,19105,0,1545,0,0,0,19.68942506112,299.52059999999983,279.8311749388798,95.44951375
0.0012,0.6,0.125,0.975,279.8311749388798,0.7142857142857143,49,35,14,0.3419206745268584,615.0959470788,479.8311749388798,19141,0.10187110187110188,0.10204081632653061,432,2,2,293.6734693877551,0.010355908968615612,10141915,0,8199223,5,1860222,24,4,453,20,2,27,4,2,426,28,4,19105,0,1545,0,0,0,19.68942506112,299.52059999999983,279.8311749388798,94.568136458
0.0012,0.6,0.125,0.98,279.8311749388798,0.7142857142857143,49,35,14,0.3419206745268584,615.0959470788,479.8311749388798,19141,0.10187110187110188,0.10204081632653061,432,2,2,293.6734693877551,0.010355908968615612,10141915,0,8199214,17,1860219,24,4,453,20,2,27,4,2,426,28,4,19105,0,1545,0,0,0,19.68942506112,299.52059999999983,279.8311749388798,94.939458334
0.0012,0.6,0.125,0.985,279.8311749388798,0.7142857142857143,49,35,14,0.3419206745268584,615.0959470788,479.8311749388798,19141,0.10187110187110188,0.10204081632653061,432,2,2,293.6734693877551,0.010355908968615612,10141915,0,8199214,17,1860219,24,4,453,20,2,27,4,2,426,28,4,19105,0,1545,0,0,0,19.68942506112,299.52059999999983,279.8311749388798,95.79777475
0.0012,0.65,0.03,0.965,388.28433786048004,0.7777777777777778,81,63,18,0.12029842956772074,668.73171270048,588.28433786048,19154,0.28027681660899656,0.04938271604938271,208,2,2,292.01234567901236,0.007525400462090236,10141915,0,8199224,3,1860223,38,4,247,32,2,47,6,2,200,43,3,19105,0,0,0,0,0,19.34006213952,407.62440000000004,388.28433786048004,96.146584583
0.0012,0.65,0.03,0.97,388.28433786048004,0.7777777777777778,81,63,18,0.12029842956772074,668.73171270048,588.28433786048,19154,0.28027681660899656,0.04938271604938271,208,2,2,292.01234567901236,0.007525400462090236,10141915,0,8199223,5,1860222,38,4,247,32,2,47,6,2,200,43,3,19105,0,0,0,0,0,19.34006213952,407.62440000000004,388.28433786048004,96.888257292
0.0012,0.65,0.03,0.975,388.28433786048004,0.7777777777777778,81,63,18,0.12029842956772074,668.73171270048,588.28433786048,19156,0.28027681660899656,0.04938271604938271,208,2,2,292.01234567901236,0.007525400462090236,10141915,0,8199223,5,1860222,38,4,247,32,2,47,6,2,200,43,4,19105,0,0,0,0,0,19.34006213952,407.62440000000004,388.28433786048004,95.056785458
0.0012,0.65,0.03,0.98,388.28433786048004,0.7777777777777778,81,63,18,0.12029842956772074,668.73171270048,588.28433786048,19156,0.28027681660899656,0.04938271604938271,208,2,2,292.01234567901236,0.007525400462090236,10141915,0,8199214,17,1860219,38,4,247,32,2,47,6,2,200,43,4,19105,0,0,0,0,0,19.34006213952,407.62440000000004,388.28433786048004,98.357508625
0.0012,0.65,0.03,0.985,388.28433786048004,0.7777777777777778,81,63,18,0.12029842956772074,668.73171270048,588.28433786048,19156,0.28027681660899656,0.04938271604938271,208,2,2,292.01234567901236,0.007525400462090236,10141915,0,8199214,17,1860219,38,4,247,32,2,47,6,2,200,43,4,19105,0,0,0,0,0,19.34006213952,407.62440000000004,388.28433786048004,95.130152958
0.0012,0.65,0.05,0.965,452.42240505871985,0.7710843373493976,83,64,19,0.15374100985693567,760.2631646827198,652.4224050587198,19154,0.2852233676975945,0.0963855421686747,208,2,2,291.30120481927713,0.00856021098429538,10141915,0,8199224,3,1860223,40,4,247,34,2,47,6,2,200,43,3,19105,0,0,0,0,0,25.115394941279998,477.53779999999983,452.42240505871985,93.799936875
0.0012,0.65,0.05,0.97,452.42240505871985,0.7710843373493976,83,64,19,0.15374100985693567,760.2631646827198,652.4224050587198,19154,0.2852233676975945,0.0963855421686747,208,2,2,291.30120481927713,0.00856021098429538,10141915,0,8199223,5,1860222,40,4,247,34,2,47,6,2,200,43,3,19105,0,0,0,0,0,25.115394941279998,477.53779999999983,452.42240505871985,95.829641791
0.0012,0.65,0.05,0.975,452.42240505871985,0.7710843373493976,83,64,19,0.15374100985693567,760.2631646827198,652.4224050587198,19156,0.2852233676975945,0.0963855421686747,208,2,2,291.30120481927713,0.00856021098429538,10141915,0,8199223,5,1860222,40,4,247,34,2,47,6,2,200,43,4,19105,0,0,0,0,0,25.115394941279998,477.53779999999983,452.42240505871985,93.654343167
0.0012,0.65,0.05,0.98,452.42240505871985,0.7710843373493976,83,64,19,0.15374100985693567,760.2631646827198,652.4224050587198,19156,0.2852233676975945,0.0963855421686747,208,2,2,291.30120481927713,0.00856021098429538,10141915,0,8199214,17,1860219,40,4,247,34,2,47,6,2,200,43,4,19105,0,0,0,0,0,25.115394941279998,477.53779999999983,452.42240505871985,94.802197917
0.0012,0.65,0.05,0.985,452.42240505871985,0.7710843373493976,83,64,19,0.15374100985693567,760.2631646827198,652.4224050587198,19156,0.2852233676975945,0.0963855421686747,208,2,2,291.30120481927713,0.00856021098429538,10141915,0,8199214,17,1860219,40,4,247,34,2,47,6,2,200,43,4,19105,0,0,0,0,0,25.115394941279998,477.53779999999983,452.42240505871985,95.318364167
0.0012,0.65,0.075,0.965,519.71487613256,0.7710843373493976,83,64,19,0.21062095833560238,865.8860395965601,719.71487613256,19154,0.2852233676975945,0.13253012048192772,208,2,2,291.30120481927713,0.009038357848110811,10141915,0,8199224,3,1860223,40,4,247,34,2,47,6,2,200,43,3,19105,0,0,0,0,0,32.26162386744,551.9765,519.71487613256,212.697477083
0.0012,0.65,0.075,0.97,519.71487613256,0.7710843373493976,83,64,19,0.21062095833560238,865.8860395965601,719.71487613256,19154,0.2852233676975945,0.13253012048192772,208,2,2,291.30120481927713,0.009038357848110811,10141915,0,8199223,5,1860222,40,4,247,34,2,47,6,2,200,43,3,19105,0,0,0,0,0,32.26162386744,551.9765,519.71487613256,211.466357291
0.0012,0.65,0.075,0.975,519.71487613256,0.7710843373493976,83,64,19,0.21062095833560238,865.8860395965601,719.71487613256,19156,0.2852233676975945,0.13253012048192772,208,2,2,291.30120481927713,0.009038357848110811,10141915,0,8199223,5,1860222,40,4,247,34,2,47,6,2,200,43,4,19105,0,0,0,0,0,32.26162386744,551.9765,519.71487613256,206.883264292
0.0012,0.65,0.075,0.98,519.71487613256,0.7710843373493976,83,64,19,0.21062095833560238,865.8860395965601,719.71487613256,19156,0.2852233676975945,0.13253012048192772,208,2,2,291.30120481927713,0.009038357848110811,10141915,0,8199214,17,1860219,40,4,247,34,2,47,6,2,200,43,4,19105,0,0,0,0,0,32.26162386744,551.9765,519.71487613256,145.431905583
0.0012,0.65,0.075,0.985,519.71487613256,0.7710843373493976,83,64,19,0.21062095833560238,865.8860395965601,719.71487613256,19156,0.2852233676975945,0.13253012048192772,208,2,2,291.30120481927713,0.009038357848110811,10141915,0,8199214,17,1860219,40,4,247,34,2,47,6,2,200,43,4,19105,0,0,0,0,0,32.26162386744,551.9765,519.71487613256,95.699708459
0.0012,0.65,0.1,0.965,556.3684704350401,0.7710843373493976,83,64,19,0.26436834444779317,945.97110861104,756.3684704350401,19154,0.2852233676975945,0.1686746987951807,208,2,2,291.30120481927713,0.009134783611789361,10141915,0,8199224,3,1860223,40,4,247,34,2,47,6,2,200,43,3,19105,0,0,0,0,0,38.850729564960005,595.2192000000001,556.3684704350401,98.272942875
0.0012,0.65,0.1,0.97,556.3684704350401,0.7710843373493976,83,64,19,0.26436834444779317,945.97110861104,756.3684704350401,19154,0.2852233676975945,0.1686746987951807,208,2,2,291.30120481927713,0.009134783611789361,10141915,0,8199223,5,1860222,40,4,247,34,2,47,6,2,200,43,3,19105,0,0,0,0,0,38.850729564960005,595.2192000000001,556.3684704350401,96.802838042
0.0012,0.65,0.1,0.975,556.3684704350401,0.7710843373493976,83,64,19,0.26436834444779317,945.97110861104,756.3684704350401,19156,0.2852233676975945,0.1686746987951807,208,2,2,291.30120481927713,0.009134783611789361,10141915,0,8199223,5,1860222,40,4,247,34,2,47,6,2,200,43,4,19105,0,0,0,0,0,38.850729564960005,595.2192000000001,556.3684704350401,96.105568625
0.0012,0.65,0.1,0.98,556.3684704350401,0.7710843373493976,83,64,19,0.26436834444779317,945.97110861104,756.3684704350401,19156,0.2852233676975945,0.1686746987951807,208,2,2,291.30120481927713,0.009134783611789361,10141915,0,8199214,17,1860219,40,4,247,34,2,47,6,2,200,43,4,19105,0,0,0,0,0,38.850729564960005,595.2192000000001,556.3684704350401,95.646550084
0.0012,0.65,0.1,0.985,556.3684704350401,0.7710843373493976,83,64,19,0.26436834444779317,945.97110861104,756.3684704350401,19156,0.2852233676975945,0.1686746987951807,208,2,2,291.30120481927713,0.009134783611789361,10141915,0,8199214,17,1860219,40,4,247,34,2,47,6,2,200,43,4,19105,0,0,0,0,0,38.850729564960005,595.2192000000001,556.3684704350401,96.212449333
0.0012,0.65,0.125,0.965,472.14374020304,0.7564102564102564,78,59,19,0.31512088550069145,835.09931367504,672.14374020304,19154,0.2943396226415094,0.16666666666666666,187,2,2,290.56410256410254,0.009880617582541202,10141915,0,8199224,3,1860223,39,4,222,33,2,43,6,2,179,43,3,19105,0,1545,0,0,0,39.25745979695999,511.4012,472.14374020304,96.152652958
0.0012,0.65,0.125,0.97,472.14374020304,0.7564102564102564,78,59,19,0.31512088550069145,835.09931367504,672.14374020304,19154,0.2943396226415094,0.16666666666666666,187,2,2,290.56410256410254,0.009880617582541202,10141915,0,8199223,5,1860222,39,4,222,33,2,43,6,2,179,43,3,19105,0,1545,0,0,0,39.25745979695999,511.4012,472.14374020304,95.403513375
0.0012,0.65,0.125,0.975,472.14374020304,0.7564102564102564,78,59,19,0.31512088550069145,835.09931367504,672.14374020304,19156,0.2943396226415094,0.16666666666666666,187,2,2,290.56410256410254,0.009880617582541202,10141915,0,8199223,5,1860222,39,4,222,33,2,43,6,2,179,43,4,19105,0,1545,0,0,0,39.25745979695999,511.4012,472.14374020304,95.233391292
0.0012,0.65,0.125,0.98,472.14374020304,0.7564102564102564,78,59,19,0.31512088550069145,835.09931367504,672.14374020304,19156,0.2943396226415094,0.16666666666666666,187,2,2,290.56410256410254,0.009880617582541202,10141915,0,8199214,17,1860219,39,4,222,33,2,43,6,2,179,43,4,19105,0,1545,0,0,0,39.25745979695999,511.4012,472.14374020304,95.89136625
0.0012,0.65,0.125,0.985,472.14374020304,0.7564102564102564,78,59,19,0.31512088550069145,835.09931367504,672.14374020304,19156,0.2943396226415094,0.16666666666666666,187,2,2,290.56410256410254,0.009880617582541202,10141915,0,8199214,17,1860219,39,4,222,33,2,43,6,2,179,43,4,19105,0,1545,0,0,0,39.25745979695999,511.4012,472.14374020304,95.290428167
0.0012,0.7,0.03,0.965,408.63706598047986,0.7870370370370371,108,85,23,0.14801675648980342,705.0064859324797,608.6370659804799,19384,0.5714285714285714,0.037037037037037035,81,2,2,294.787037037037,0.012501094841108694,10141915,0,8259720,3,1879382,52,4,133,46,2,60,6,2,73,58,3,19320,0,0,0,0,0,24.489334019520008,433.1263999999999,408.63706598047986,95.031667542
0.0012,0.7,0.03,0.97,408.63706598047986,0.7870370370370371,108,85,23,0.14801675648980342,705.0064859324797,608.6370659804799,19384,0.5714285714285714,0.037037037037037035,81,2,2,294.787037037037,0.012501094841108694,10141915,0,8259719,5,1879381,52,4,133,46,2,60,6,2,73,58,3,19320,0,0,0,0,0,24.489334019520008,433.1263999999999,408.63706598047986,95.674544334
0.0012,0.7,0.03,0.975,408.63706598047986,0.7870370370370371,108,85,23,0.14801675648980342,705.0064859324797,608.6370659804799,19386,0.5714285714285714,0.037037037037037035,81,2,2,294.787037037037,0.012501094841108694,10141915,0,8259719,5,1879381,52,4,133,46,2,60,6,2,73,58,4,19320,0,0,0,0,0,24.489334019520008,433.1263999999999,408.63706598047986,96.069665125
0.0012,0.7,0.03,0.98,408.63706598047986,0.7870370370370371,108,85,23,0.14801675648980342,705.0064859324797,608.6370659804799,19386,0.5714285714285714,0.037037037037037035,81,2,2,294.787037037037,0.012501094841108694,10141915,0,8259710,17,1879378,52,4,133,46,2,60,6,2,73,58,4,19320,0,0,0,0,0,24.489334019520008,433.1263999999999,408.63706598047986,94.9134245
0.0012,0.7,0.03,0.985,408.63706598047986,0.7870370370370371,108,85,23,0.14801675648980342,705.0064859324797,608.6370659804799,19386,0.5714285714285714,0.037037037037037035,81,2,2,294.787037037037,0.012501094841108694,10141915,0,8259710,17,1879378,52,4,133,46,2,60,6,2,73,58,4,19320,0,0,0,0,0,24.489334019520008,433.1263999999999,408.63706598047986,95.173234541
0.0012,0.7,0.05,0.965,508.5721598827196,0.7818181818181819,110,86,24,0.1571563614403938,822.1273264907197,708.5721598827196,19384,0.5759162303664922,0.06363636363636363,81,2,2,294.1454545454545,0.012526550106200424,10141915,0,8259720,3,1879382,54,4,133,48,2,60,6,2,73,58,3,19320,0,0,0,0,0,32.569640117279995,541.1417999999995,508.5721598827196,95.571912542
0.0012,0.7,0.05,0.97,508.5721598827196,0.7818181818181819,110,86,24,0.1571563614403938,822.1273264907197,708.5721598827196,19384,0.5759162303664922,0.06363636363636363,81,2,2,294.1454545454545,0.012526550106200424,10141915,0,8259719,5,1879381,54,4,133,48,2,60,6,2,73,58,3,19320,0,0,0,0,0,32.569640117279995,541.1417999999995,508.5721598827196,95.665650041
0.0012,0.7,0.05,0.975,508.5721598827196,0.7818181818181819,110,86,24,0.1571563614403938,822.1273264907197,708.5721598827196,19386,0.5759162303664922,0.06363636363636363,81,2,2,294.1454545454545,0.012526550106200424,10141915,0,8259719,5,1879381,54,4,133,48,2,60,6,2,73,58,4,19320,0,0,0,0,0,32.569640117279995,541.1417999999995,508.5721598827196,96.57844825
0.0012,0.7,0.05,0.98,508.5721598827196,0.7818181818181819,110,86,24,0.1571563614403938,822.1273264907197,708.5721598827196,19386,0.5759162303664922,0.06363636363636363,81,2,2,294.1454545454545,0.012526550106200424,10141915,0,8259710,17,1879378,54,4,133,48,2,60,6,2,73,58,4,19320,0,0,0,0,0,32.569640117279995,541.1417999999995,508.5721598827196,97.03312775
0.0012,0.7,0.05,0.985,508.5721598827196,0.7818181818181819,110,86,24,0.1571563614403938,822.1273264907197,708.5721598827196,19386,0.5759162303664922,0.06363636363636363,81,2,2,294.1454545454545,0.012526550106200424,10141915,0,8259710,17,1879378,54,4,133,48,2,60,6,2,73,58,4,19320,0,0,0,0,0,32.569640117279995,541.1417999999995,508.5721598827196,97.693734584
0.0012,0.7,0.075,0.965,630.38529782896,0.7818181818181819,110,86,24,0.17233656430482303,970.1075672849599,830.38529782896,19384,0.5759162303664922,0.1,81,2,2,294.1454545454545,0.012980035959367277,10141915,0,8259720,3,1879382,54,4,133,48,2,60,6,2,73,58,3,19320,0,0,0,0,0,43.08870217104,673.474,630.38529782896,96.061588541
0.0012,0.7,0.075,0.97,630.38529782896,0.7818181818181819,110,86,24,0.17233656430482303,970.1075672849599,830.38529782896,19384,0.5759162303664922,0.1,81,2,2,294.1454545454545,0.012980035959367277,10141915,0,8259719,5,1879381,54,4,133,48,2,60,6,2,73,58,3,19320,0,0,0,0,0,43.08870217104,673.474,630.38529782896,95.90757325
0.0012,0.7,0.075,0.975,630.38529782896,0.7818181818181819,110,86,24,0.17233656430482303,970.1075672849599,830.38529782896,19386,0.5759162303664922,0.1,81,2,2,294.1454545454545,0.012980035959367277,10141915,0,8259719,5,1879381,54,4,133,48,2,60,6,2,73,58,4,19320,0,0,0,0,0,43.08870217104,673.474,630.38529782896,96.594379541
0.0012,0.7,0.075,0.98,630.38529782896,0.7818181818181819,110,86,24,0.17233656430482303,970.1075672849599,830.38529782896,19386,0.5759162303664922,0.1,81,2,2,294.1454545454545,0.012980035959367277,10141915,0,8259710,17,1879378,54,4,133,48,2,60,6,2,73,58,4,19320,0,0,0,0,0,43.08870217104,673.474,630.38529782896,97.07712475
0.0012,0.7,0.075,0.985,630.38529782896,0.7818181818181819,110,86,24,0.17233656430482303,970.1075672849599,830.38529782896,19386,0.5759162303664922,0.1,81,2,2,294.1454545454545,0.012980035959367277,10141915,0,8259710,17,1879378,54,4,133,48,2,60,6,2,73,58,4,19320,0,0,0,0,0,43.08870217104,673.474,630.38529782896,98.414177208
0.0012,0.7,0.1,0.965,714.0102224916801,0.7818181818181819,110,86,24,0.1960637069338759,1089.2531332699198,914.0102224916801,19384,0.5759162303664922,0.14545454545454545,81,2,2,294.1454545454545,0.01312358803484673,10141915,0,8259720,3,1879382,54,4,133,48,2,60,6,2,73,58,3,19320,0,0,0,0,0,51.85217750831999,765.8624000000001,714.0102224916801,95.727117375
0.0012,0.7,0.1,0.97,714.0102224916801,0.7818181818181819,110,86,24,0.1960637069338759,1089.2531332699198,914.0102224916801,19384,0.5759162303664922,0.14545454545454545,81,2,2,294.1454545454545,0.01312358803484673,10141915,0,8259719,5,1879381,54,4,133,48,2,60,6,2,73,58,3,19320,0,0,0,0,0,51.85217750831999,765.8624000000001,714.0102224916801,95.6225825
0.0012,0.7,0.1,0.975,714.0102224916801,0.7818181818181819,110,86,24,0.1960637069338759,1089.2531332699198,914.0102224916801,19386,0.5759162303664922,0.14545454545454545,81,2,2,294.1454545454545,0.01312358803484673,10141915,0,8259719,5,1879381,54,4,133,48,2,60,6,2,73,58,4,19320,0,0,0,0,0,51.85217750831999,765.8624000000001,714.0102224916801,95.34364325
0.0012,0.7,0.1,0.98,714.0102224916801,0.7818181818181819,110,86,24,0.1960637069338759,1089.2531332699198,914.0102224916801,19386,0.5759162303664922,0.14545454545454545,81,2,2,294.1454545454545,0.01312358803484673,10141915,0,8259710,17,1879378,54,4,133,48,2,60,6,2,73,58,4,19320,0,0,0,0,0,51.85217750831999,765.8624000000001,714.0102224916801,95.757083916
0.0012,0.7,0.1,0.985,714.0102224916801,0.7818181818181819,110,86,24,0.1960637069338759,1089.2531332699198,914.0102224916801,19386,0.5759162303664922,0.14545454545454545,81,2,2,294.1454545454545,0.01312358803484673,10141915,0,8259710,17,1879378,54,4,133,48,2,60,6,2,73,58,4,19320,0,0,0,0,0,51.85217750831999,765.8624000000001,714.0102224916801,95.470147
0.0012,0.7,0.125,0.965,791.1391755101597,0.7837837837837838,111,87,24,0.22472403755741077,1224.8873740883994,991.1391755101597,19384,0.581151832460733,0.16216216216216217,80,2,2,293.72072072072075,0.013048744069282596,10141915,0,8259720,3,1879382,54,4,133,49,2,60,5,2,73,58,3,19320,0,0,0,0,0,61.12412448984,852.2632999999997,791.1391755101597,95.318416708
0.0012,0.7,0.125,0.97,791.1391755101597,0.7837837837837838,111,87,24,0.22472403755741077,1224.8873740883994,991.1391755101597,19384,0.581151832460733,0.16216216216216217,80,2,2,293.72072072072075,0.013048744069282596,10141915,0,8259719,5,1879381,54,4,133,49,2,60,5,2,73,58,3,19320,0,0,0,0,0,61.12412448984,852.2632999999997,791.1391755101597,97.198489042
0.0012,0.7,0.125,0.975,791.1391755101597,0.7837837837837838,111,87,24,0.22472403755741077,1224.8873740883994,991.1391755101597,19386,0.581151832460733,0.16216216216216217,80,2,2,293.72072072072075,0.013048744069282596,10141915,0,8259719,5,1879381,54,4,133,49,2,60,5,2,73,58,4,19320,0,0,0,0,0,61.12412448984,852.2632999999997,791.1391755101597,95.179153667
0.0012,0.7,0.125,0.98,791.1391755101597,0.7837837837837838,111,87,24,0.22472403755741077,1224.8873740883994,991.1391755101597,19386,0.581151832460733,0.16216216216216217,80,2,2,293.72072072072075,0.013048744069282596,10141915,0,8259710,17,1879378,54,4,133,49,2,60,5,2,73,58,4,19320,0,0,0,0,0,61.12412448984,852.2632999999997,791.1391755101597,96.246474459
0.0012,0.7,0.125,0.985,791.1391755101597,0.7837837837837838,111,87,24,0.22472403755741077,1224.8873740883994,991.1391755101597,19386,0.581151832460733,0.16216216216216217,80,2,2,293.72072072072075,0.013048744069282596,10141915,0,8259710,17,1879378,54,4,133,49,2,60,5,2,73,58,4,19320,0,0,0,0,0,61.12412448984,852.2632999999997,791.1391755101597,95.784483459
0.0014,0.5,0.03,0.965,75.88352200000008,0.6428571428571429,14,9,5,0.06014757077575572,275.8835220000001,275.8835220000001,19330,0.0170316301703163,0.14285714285714285,808,1,1,281.7857142857143,0.016343548784349595,10141915,0,8259720,3,1879382,1,2,819,1,1,12,0,1,807,4,3,19320,0,0,0,0,0,1.9614779999999998,77.84500000000008,75.88352200000008,98.83861325
0.0014,0.5,0.03,0.97,75.88352200000008,0.6428571428571429,14,9,5,0.06014757077575572,275.8835220000001,275.8835220000001,19330,0.0170316301703163,0.14285714285714285,808,1,1,281.7857142857143,0.016343548784349595,10141915,0,8259719,5,1879381,1,2,819,1,1,12,0,1,807,4,3,19320,0,0,0,0,0,1.9614779999999998,77.84500000000008,75.88352200000008,95.374498459
0.0014,0.5,0.03,0.975,75.88352200000008,0.6428571428571429,14,9,5,0.06014757077575572,275.8835220000001,275.8835220000001,19332,0.0170316301703163,0.14285714285714285,808,1,1,281.7857142857143,0.016343548784349595,10141915,0,8259719,5,1879381,1,2,819,1,1,12,0,1,807,4,4,19320,0,0,0,0,0,1.9614779999999998,77.84500000000008,75.88352200000008,94.42199925
0.0014,0.5,0.03,0.98,75.88352200000008,0.6428571428571429,14,9,5,0.06014757077575572,275.8835220000001,275.8835220000001,19332,0.0170316301703163,0.14285714285714285,808,1,1,281.7857142857143,0.016343548784349595,10141915,0,8259710,17,1879378,1,2,819,1,1,12,0,1,807,4,4,19320,0,0,0,0,0,1.9614779999999998,77.84500000000008,75.88352200000008,95.916943417
0.0014,0.5,0.03,0.985,75.88352200000008,0.6428571428571429,14,9,5,0.06014757077575572,275.8835220000001,275.8835220000001,19332,0.0170316301703163,0.14285714285714285,808,1,1,281.7857142857143,0.016343548784349595,10141915,0,8259710,17,1879378,1,2,819,1,1,12,0,1,807,4,4,19320,0,0,0,0,0,1.9614779999999998,77.84500000000008,75.88352200000008,93.951388792
0.0014,0.5,0.05,0.965,119.64221056000002,0.7058823529411765,17,12,5,0.04853742408475851,319.64221056,319.64221056,19330,0.020606060606060607,0.11764705882352941,808,1,1,277.52941176470586,0.02017364528911435,10141915,0,8259720,3,1879382,4,2,819,4,1,12,0,1,807,4,3,19320,0,0,0,0,0,2.7227894399999997,122.36500000000002,119.64221056000002,94.827522917
0.0014,0.5,0.05,0.97,119.64221056000002,0.7058823529411765,17,12,5,0.04853742408475851,319.64221056,319.64221056,19330,0.020606060606060607,0.11764705882352941,808,1,1,277.52941176470586,0.02017364528911435,10141915,0,8259719,5,1879381,4,2,819,4,1,12,0,1,807,4,3,19320,0,0,0,0,0,2.7227894399999997,122.36500000000002,119.64221056000002,95.643208208
0.0014,0.5,0.05,0.975,119.64221056000002,0.7058823529411765,17,12,5,0.04853742408475851,319.64221056,319.64221056,19332,0.020606060606060607,0.11764705882352941,808,1,1,277.52941176470586,0.02017364528911435,10141915,0,8259719,5,1879381,4,2,819,4,1,12,0,1,807,4,4,19320,0,0,0,0,0,2.7227894399999997,122.36500000000002,119.64221056000002,215.171723958
0.0014,0.5,0.05,0.98,119.64221056000002,0.7058823529411765,17,12,5,0.04853742408475851,319.64221056,319.64221056,19332,0.020606060606060607,0.11764705882352941,808,1,1,277.52941176470586,0.02017364528911435,10141915,0,8259710,17,1879378,4,2,819,4,1,12,0,1,807,4,4,19320,0,0,0,0,0,2.7227894399999997,122.36500000000002,119.64221056000002,211.239233167
0.0014,0.5,0.05,0.985,119.64221056000002,0.7058823529411765,17,12,5,0.04853742408475851,319.64221056,319.64221056,19332,0.020606060606060607,0.11764705882352941,808,1,1,277.52941176470586,0.02017364528911435,10141915,0,8259710,17,1879378,4,2,819,4,1,12,0,1,807,4,4,19320,0,0,0,0,0,2.7227894399999997,122.36500000000002,119.64221056000002,208.20542675
0.0014,0.5,0.075,0.965,145.85735756800005,0.7058823529411765,17,12,5,0.0720449339422258,345.894341384,345.85735756800005,19330,0.020606060606060607,0.11764705882352941,808,1,1,276.6470588235294,0.01687200185963948,10141915,0,8259720,3,1879382,4,2,819,4,1,12,0,1,807,4,3,19320,0,0,0,0,0,3.147642432,149.00500000000005,145.85735756800005,142.218004625
0.0014,0.5,0.075,0.97,145.85735756800005,0.7058823529411765,17,12,5,0.0720449339422258,345.894341384,345.85735756800005,19330,0.020606060606060607,0.11764705882352941,808,1,1,276.6470588235294,0.01687200185963948,10141915,0,8259719,5,1879381,4,2,819,4,1,12,0,1,807,4,3,19320,0,0,0,0,0,3.147642432,149.00500000000005,145.85735756800005,96.696526833
0.0014,0.5,0.075,0.975,145.85735756800005,0.7058823529411765,17,12,5,0.0720449339422258,345.894341384,345.85735756800005,19332,0.020606060606060607,0.11764705882352941,808,1,1,276.6470588235294,0.01687200185963948,10141915,0,8259719,5,1879381,4,2,819,4,1,12,0,1,807,4,4,19320,0,0,0,0,0,3.147642432,149.00500000000005,145.85735756800005,94.185398583
0.0014,0.5,0.075,0.98,145.85735756800005,0.7058823529411765,17,12,5,0.0720449339422258,345.894341384,345.85735756800005,19332,0.020606060606060607,0.11764705882352941,808,1,1,276.6470588235294,0.01687200185963948,10141915,0,8259710,17,1879378,4,2,819,4,1,12,0,1,807,4,4,19320,0,0,0,0,0,3.147642432,149.00500000000005,145.85735756800005,93.025621375
0.0014,0.5,0.075,0.985,145.85735756800005,0.7058823529411765,17,12,5,0.0720449339422258,345.894341384,345.85735756800005,19332,0.020606060606060607,0.11764705882352941,808,1,1,276.6470588235294,0.01687200185963948,10141915,0,8259710,17,1879378,4,2,819,4,1,12,0,1,807,4,4,19320,0,0,0,0,0,3.147642432,149.00500000000005,145.85735756800005,94.168356875
0.0014,0.5,0.1,0.965,159.6211048383999,0.7058823529411765,17,12,5,0.0965923988983134,369.2807224464,359.6211048383999,19330,0.020606060606060607,0.17647058823529413,808,1,1,276.6470588235294,0.01660820992465575,10141915,0,8259720,3,1879382,4,2,819,4,1,12,0,1,807,4,3,19320,0,0,0,0,0,3.6008951615999996,163.2219999999999,159.6211048383999,92.869202
0.0014,0.5,0.1,0.97,159.6211048383999,0.7058823529411765,17,12,5,0.0965923988983134,369.2807224464,359.6211048383999,19330,0.020606060606060607,0.17647058823529413,808,1,1,276.6470588235294,0.01660820992465575,10141915,0,8259719,5,1879381,4,2,819,4,1,12,0,1,807,4,3,19320,0,0,0,0,0,3.6008951615999996,163.2219999999999,159.6211048383999,94.35614137499999
0.0014,0.5,0.1,0.975,159.6211048383999,0.7058823529411765,17,12,5,0.0965923988983134,369.2807224464,359.6211048383999,19332,0.020606060606060607,0.17647058823529413,808,1,1,276.6470588235294,0.01660820992465575,10141915,0,8259719,5,1879381,4,2,819,4,1,12,0,1,807,4,4,19320,0,0,0,0,0,3.6008951615999996,163.2219999999999,159.6211048383999,94.473668917
0.0014,0.5,0.1,0.98,159.6211048383999,0.7058823529411765,17,12,5,0.0965923988983134,369.2807224464,359.6211048383999,19332,0.020606060606060607,0.17647058823529413,808,1,1,276.6470588235294,0.01660820992465575,10141915,0,8259710,17,1879378,4,2,819,4,1,12,0,1,807,4,4,19320,0,0,0,0,0,3.6008951615999996,163.2219999999999,159.6211048383999,204.49237725
0.0014,0.5,0.1,0.985,159.6211048383999,0.7058823529411765,17,12,5,0.0965923988983134,369.2807224464,359.6211048383999,19332,0.020606060606060607,0.17647058823529413,808,1,1,276.6470588235294,0.01660820992465575,10141915,0,8259710,17,1879378,4,2,819,4,1,12,0,1,807,4,4,19320,0,0,0,0,0,3.6008951615999996,163.2219999999999,159.6211048383999,211.136641875
0.0014,0.5,0.125,0.965,166.8918939983999,0.7058823529411765,17,12,5,0.12096979263502261,387.7671596703999,366.8918939983999,19330,0.020606060606060607,0.17647058823529413,808,1,1,276.6470588235294,0.015441644606775455,10141915,0,8259720,3,1879382,4,2,819,4,1,12,0,1,807,4,3,19320,0,0,0,0,0,4.0001060016,170.89199999999988,166.8918939983999,205.574318083
0.0014,0.5,0.125,0.97,166.8918939983999,0.7058823529411765,17,12,5,0.12096979263502261,387.7671596703999,366.8918939983999,19330,0.020606060606060607,0.17647058823529413,808,1,1,276.6470588235294,0.015441644606775455,10141915,0,8259719,5,1879381,4,2,819,4,1,12,0,1,807,4,3,19320,0,0,0,0,0,4.0001060016,170.89199999999988,166.8918939983999,153.357454542
0.0014,0.5,0.125,0.975,166.8918939983999,0.7058823529411765,17,12,5,0.12096979263502261,387.7671596703999,366.8918939983999,19332,0.020606060606060607,0.17647058823529413,808,1,1,276.6470588235294,0.015441644606775455,10141915,0,8259719,5,1879381,4,2,819,4,1,12,0,1,807,4,4,19320,0,0,0,0,0,4.0001060016,170.89199999999988,166.8918939983999,96.029583083
0.0014,0.5,0.125,0.98,166.8918939983999,0.7058823529411765,17,12,5,0.12096979263502261,387.7671596703999,366.8918939983999,19332,0.020606060606060607,0.17647058823529413,808,1,1,276.6470588235294,0.015441644606775455,10141915,0,8259710,17,1879378,4,2,819,4,1,12,0,1,807,4,4,19320,0,0,0,0,0,4.0001060016,170.89199999999988,166.8918939983999,98.626765875
0.0014,0.5,0.125,0.985,166.8918939983999,0.7058823529411765,17,12,5,0.12096979263502261,387.7671596703999,366.8918939983999,19332,0.020606060606060607,0.17647058823529413,808,1,1,276.6470588235294,0.015441644606775455,10141915,0,8259710,17,1879378,4,2,819,4,1,12,0,1,807,4,4,19320,0,0,0,0,0,4.0001060016,170.89199999999988,166.8918939983999,95.496647
0.0014,0.55,0.03,0.965,162.8814907475201,0.7407407407407407,27,20,7,0.07463061336474902,392.1477152675201,362.8814907475201,19334,0.036585365853658534,0.1111111111111111,711,1,1,300.25925925925924,0.010910198075068928,10141915,0,8259720,3,1879382,7,2,729,7,1,19,0,1,710,8,3,19320,0,0,0,0,0,4.605909252479999,167.4874000000001,162.8814907475201,94.432487042
0.0014,0.55,0.03,0.97,162.8814907475201,0.7407407407407407,27,20,7,0.07463061336474902,392.1477152675201,362.8814907475201,19334,0.036585365853658534,0.1111111111111111,711,1,1,300.25925925925924,0.010910198075068928,10141915,0,8259719,5,1879381,7,2,729,7,1,19,0,1,710,8,3,19320,0,0,0,0,0,4.605909252479999,167.4874000000001,162.8814907475201,96.34310975
0.0014,0.55,0.03,0.975,162.8814907475201,0.7407407407407407,27,20,7,0.07463061336474902,392.1477152675201,362.8814907475201,19336,0.036585365853658534,0.1111111111111111,711,1,1,300.25925925925924,0.010910198075068928,10141915,0,8259719,5,1879381,7,2,729,7,1,19,0,1,710,8,4,19320,0,0,0,0,0,4.605909252479999,167.4874000000001,162.8814907475201,94.760840958
0.0014,0.55,0.03,0.98,162.8814907475201,0.7407407407407407,27,20,7,0.07463061336474902,392.1477152675201,362.8814907475201,19336,0.036585365853658534,0.1111111111111111,711,1,1,300.25925925925924,0.010910198075068928,10141915,0,8259710,17,1879378,7,2,729,7,1,19,0,1,710,8,4,19320,0,0,0,0,0,4.605909252479999,167.4874000000001,162.8814907475201,95.690451833
0.0014,0.55,0.03,0.985,162.8814907475201,0.7407407407407407,27,20,7,0.07463061336474902,392.1477152675201,362.8814907475201,19336,0.036585365853658534,0.1111111111111111,711,1,1,300.25925925925924,0.010910198075068928,10141915,0,8259710,17,1879378,7,2,729,7,1,19,0,1,710,8,4,19320,0,0,0,0,0,4.605909252479999,167.4874000000001,162.8814907475201,98.670629583
0.0014,0.55,0.05,0.965,211.61536987552006,0.7586206896551724,29,22,7,0.0933242229082209,453.9829785635201,411.61536987552006,19334,0.03913630229419703,0.10344827586206896,712,2,2,299,0.011335316238420313,10141915,0,8259720,3,1879382,8,4,729,8,2,19,0,2,710,8,3,19320,0,0,0,0,0,5.88203012448,217.49740000000006,211.61536987552006,214.8810795
0.0014,0.55,0.05,0.97,211.61536987552006,0.7586206896551724,29,22,7,0.0933242229082209,453.9829785635201,411.61536987552006,19334,0.03913630229419703,0.10344827586206896,712,2,2,299,0.011335316238420313,10141915,0,8259719,5,1879381,8,4,729,8,2,19,0,2,710,8,3,19320,0,0,0,0,0,5.88203012448,217.49740000000006,211.61536987552006,211.850521791
0.0014,0.55,0.05,0.975,211.61536987552006,0.7586206896551724,29,22,7,0.0933242229082209,453.9829785635201,411.61536987552006,19336,0.03913630229419703,0.10344827586206896,712,2,2,299,0.011335316238420313,10141915,0,8259719,5,1879381,8,4,729,8,2,19,0,2,710,8,4,19320,0,0,0,0,0,5.88203012448,217.49740000000006,211.61536987552006,206.551984833
0.0014,0.55,0.05,0.98,211.61536987552006,0.7586206896551724,29,22,7,0.0933242229082209,453.9829785635201,411.61536987552006,19336,0.03913630229419703,0.10344827586206896,712,2,2,299,0.011335316238420313,10141915,0,8259710,17,1879378,8,4,729,8,2,19,0,2,710,8,4,19320,0,0,0,0,0,5.88203012448,217.49740000000006,211.61536987552006,140.423893959
0.0014,0.55,0.05,0.985,211.61536987552006,0.7586206896551724,29,22,7,0.0933242229082209,453.9829785635201,411.61536987552006,19336,0.03913630229419703,0.10344827586206896,712,2,2,299,0.011335316238420313,10141915,0,8259710,17,1879378,8,4,729,8,2,19,0,2,710,8,4,19320,0,0,0,0,0,5.88203012448,217.49740000000006,211.61536987552006,95.656792458
0.0014,0.55,0.075,0.965,239.6067730515199,0.7586206896551724,29,22,7,0.11567828013471743,497.1118125635199,439.6067730515199,19334,0.03913630229419703,0.10344827586206896,712,2,2,299,0.012160357798065544,10141915,0,8259720,3,1879382,8,4,729,8,2,19,0,2,710,8,3,19320,0,0,0,0,0,7.180626948479999,246.7873999999999,239.6067730515199,93.925207917
0.0014,0.55,0.075,0.97,239.6067730515199,0.7586206896551724,29,22,7,0.11567828013471743,497.1118125635199,439.6067730515199,19334,0.03913630229419703,0.10344827586206896,712,2,2,299,0.012160357798065544,10141915,0,8259719,5,1879381,8,4,729,8,2,19,0,2,710,8,3,19320,0,0,0,0,0,7.180626948479999,246.7873999999999,239.6067730515199,92.942802791
0.0014,0.55,0.075,0.975,239.6067730515199,0.7586206896551724,29,22,7,0.11567828013471743,497.1118125635199,439.6067730515199,19336,0.03913630229419703,0.10344827586206896,712,2,2,299,0.012160357798065544,10141915,0,8259719,5,1879381,8,4,729,8,2,19,0,2,710,8,4,19320,0,0,0,0,0,7.180626948479999,246.7873999999999,239.6067730515199,94.488413125
0.0014,0.55,0.075,0.98,239.6067730515199,0.7586206896551724,29,22,7,0.11567828013471743,497.1118125635199,439.6067730515199,19336,0.03913630229419703,0.10344827586206896,712,2,2,299,0.012160357798065544,10141915,0,8259710,17,1879378,8,4,729,8,2,19,0,2,710,8,4,19320,0,0,0,0,0,7.180626948479999,246.7873999999999,239.6067730515199,92.446825125
0.0014,0.55,0.075,0.985,239.6067730515199,0.7586206896551724,29,22,7,0.11567828013471743,497.1118125635199,439.6067730515199,19336,0.03913630229419703,0.10344827586206896,712,2,2,299,0.012160357798065544,10141915,0,8259710,17,1879378,8,4,729,8,2,19,0,2,710,8,4,19320,0,0,0,0,0,7.180626948479999,246.7873999999999,239.6067730515199,93.615895875
0.0014,0.55,0.1,0.965,259.94785796192,0.7586206896551724,29,22,7,0.1380422428538728,533.60835162592,459.94785796192,19334,0.03913630229419703,0.13793103448275862,712,2,2,299,0.011630790089521193,10141915,0,8259720,3,1879382,8,4,729,8,2,19,0,2,710,8,3,19320,0,0,0,0,0,8.46654203808,268.4144,259.94785796192,94.48148875
0.0014,0.55,0.1,0.97,259.94785796192,0.7586206896551724,29,22,7,0.1380422428538728,533.60835162592,459.94785796192,19334,0.03913630229419703,0.13793103448275862,712,2,2,299,0.011630790089521193,10141915,0,8259719,5,1879381,8,4,729,8,2,19,0,2,710,8,3,19320,0,0,0,0,0,8.46654203808,268.4144,259.94785796192,201.376565458
0.0014,0.55,0.1,0.975,259.94785796192,0.7586206896551724,29,22,7,0.1380422428538728,533.60835162592,459.94785796192,19336,0.03913630229419703,0.13793103448275862,712,2,2,299,0.011630790089521193,10141915,0,8259719,5,1879381,8,4,729,8,2,19,0,2,710,8,4,19320,0,0,0,0,0,8.46654203808,268.4144,259.94785796192,211.934468625
0.0014,0.55,0.1,0.98,259.94785796192,0.7586206896551724,29,22,7,0.1380422428538728,533.60835162592,459.94785796192,19336,0.03913630229419703,0.13793103448275862,712,2,2,299,0.011630790089521193,10141915,0,8259710,17,1879378,8,4,729,8,2,19,0,2,710,8,4,19320,0,0,0,0,0,8.46654203808,268.4144,259.94785796192,204.794069958
0.0014,0.55,0.1,0.985,259.94785796192,0.7586206896551724,29,22,7,0.1380422428538728,533.60835162592,459.94785796192,19336,0.03913630229419703,0.13793103448275862,712,2,2,299,0.011630790089521193,10141915,0,8259710,17,1879378,8,4,729,8,2,19,0,2,710,8,4,19320,0,0,0,0,0,8.46654203808,268.4144,259.94785796192,155.937332625
0.0014,0.55,0.125,0.965,273.9193756579199,0.7586206896551724,29,22,7,0.16009641779677775,564.2544998019199,473.9193756579199,19334,0.03913630229419703,0.13793103448275862,712,2,2,299,0.010891715068850748,10141915,0,8259720,3,1879382,8,4,729,8,2,19,0,2,710,8,3,19320,0,0,0,0,0,9.71502434208,283.6343999999999,273.9193756579199,95.666097292
0.0014,0.55,0.125,0.97,273.9193756579199,0.7586206896551724,29,22,7,0.16009641779677775,564.2544998019199,473.9193756579199,19334,0.03913630229419703,0.13793103448275862,712,2,2,299,0.010891715068850748,10141915,0,8259719,5,1879381,8,4,729,8,2,19,0,2,710,8,3,19320,0,0,0,0,0,9.71502434208,283.6343999999999,273.9193756579199,98.773497709
0.0014,0.55,0.125,0.975,273.9193756579199,0.7586206896551724,29,22,7,0.16009641779677775,564.2544998019199,473.9193756579199,19336,0.03913630229419703,0.13793103448275862,712,2,2,299,0.010891715068850748,10141915,0,8259719,5,1879381,8,4,729,8,2,19,0,2,710,8,4,19320,0,0,0,0,0,9.71502434208,283.6343999999999,273.9193756579199,95.335758709
0.0014,0.55,0.125,0.98,273.9193756579199,0.7586206896551724,29,22,7,0.16009641779677775,564.2544998019199,473.9193756579199,19336,0.03913630229419703,0.13793103448275862,712,2,2,299,0.010891715068850748,10141915,0,8259710,17,1879378,8,4,729,8,2,19,0,2,710,8,4,19320,0,0,0,0,0,9.71502434208,283.6343999999999,273.9193756579199,94.204748834
0.0014,0.55,0.125,0.985,273.9193756579199,0.7586206896551724,29,22,7,0.16009641779677775,564.2544998019199,473.9193756579199,19336,0.03913630229419703,0.13793103448275862,712,2,2,299,0.010891715068850748,10141915,0,8259710,17,1879378,8,4,729,8,2,19,0,2,710,8,4,19320,0,0,0,0,0,9.71502434208,283.6343999999999,273.9193756579199,96.669192917
0.0014,0.6,0.03,0.965,266.00560512872005,0.7727272727272727,44,34,10,0.06811253054826978,500.06639256872006,466.00560512872005,19342,0.08088235294117647,0.06818181818181818,500,2,2,294.1136363636364,0.007459833550625898,10141915,0,8259720,3,1879382,13,4,527,12,2,30,1,2,497,16,3,19320,0,0,0,0,0,8.79549487128,274.8011000000001,266.00560512872005,94.496958417
0.0014,0.6,0.03,0.97,266.00560512872005,0.7727272727272727,44,34,10,0.06811253054826978,500.06639256872006,466.00560512872005,19342,0.08088235294117647,0.06818181818181818,500,2,2,294.1136363636364,0.007459833550625898,10141915,0,8259719,5,1879381,13,4,527,12,2,30,1,2,497,16,3,19320,0,0,0,0,0,8.79549487128,274.8011000000001,266.00560512872005,95.875963916
0.0014,0.6,0.03,0.975,266.00560512872005,0.7727272727272727,44,34,10,0.06811253054826978,500.06639256872006,466.00560512872005,19344,0.08088235294117647,0.06818181818181818,500,2,2,294.1136363636364,0.007459833550625898,10141915,0,8259719,5,1879381,13,4,527,12,2,30,1,2,497,16,4,19320,0,0,0,0,0,8.79549487128,274.8011000000001,266.00560512872005,98.325472208
0.0014,0.6,0.03,0.98,266.00560512872005,0.7727272727272727,44,34,10,0.06811253054826978,500.06639256872006,466.00560512872005,19344,0.08088235294117647,0.06818181818181818,500,2,2,294.1136363636364,0.007459833550625898,10141915,0,8259710,17,1879378,13,4,527,12,2,30,1,2,497,16,4,19320,0,0,0,0,0,8.79549487128,274.8011000000001,266.00560512872005,215.609380917
0.0014,0.6,0.03,0.985,266.00560512872005,0.7727272727272727,44,34,10,0.06811253054826978,500.06639256872006,466.00560512872005,19344,0.08088235294117647,0.06818181818181818,500,2,2,294.1136363636364,0.007459833550625898,10141915,0,8259710,17,1879378,13,4,527,12,2,30,1,2,497,16,4,19320,0,0,0,0,0,8.79549487128,274.8011000000001,266.00560512872005,211.696797417
0.0014,0.6,0.05,0.965,310.4611883802401,0.7777777777777778,45,35,10,0.08539530950612084,558.1222069882401,510.4611883802401,19342,0.08256880733944955,0.08888888888888889,500,2,2,293.44444444444446,0.008045195752302966,10141915,0,8259720,3,1879382,14,4,527,13,2,30,1,2,497,16,3,19320,0,0,0,0,0,10.80051161976,321.26170000000013,310.4611883802401,207.819905542
0.0014,0.6,0.05,0.97,310.4611883802401,0.7777777777777778,45,35,10,0.08539530950612084,558.1222069882401,510.4611883802401,19342,0.08256880733944955,0.08888888888888889,500,2,2,293.44444444444446,0.008045195752302966,10141915,0,8259719,5,1879381,14,4,527,13,2,30,1,2,497,16,3,19320,0,0,0,0,0,10.80051161976,321.26170000000013,310.4611883802401,140.091857375
0.0014,0.6,0.05,0.975,310.4611883802401,0.7777777777777778,45,35,10,0.08539530950612084,558.1222069882401,510.4611883802401,19344,0.08256880733944955,0.08888888888888889,500,2,2,293.44444444444446,0.008045195752302966,10141915,0,8259719,5,1879381,14,4,527,13,2,30,1,2,497,16,4,19320,0,0,0,0,0,10.80051161976,321.26170000000013,310.4611883802401,96.543798584
0.0014,0.6,0.05,0.98,310.4611883802401,0.7777777777777778,45,35,10,0.08539530950612084,558.1222069882401,510.4611883802401,19344,0.08256880733944955,0.08888888888888889,500,2,2,293.44444444444446,0.008045195752302966,10141915,0,8259710,17,1879378,14,4,527,13,2,30,1,2,497,16,4,19320,0,0,0,0,0,10.80051161976,321.26170000000013,310.4611883802401,98.690794583
0.0014,0.6,0.05,0.985,310.4611883802401,0.7777777777777778,45,35,10,0.08539530950612084,558.1222069882401,510.4611883802401,19344,0.08256880733944955,0.08888888888888889,500,2,2,293.44444444444446,0.008045195752302966,10141915,0,8259710,17,1879378,14,4,527,13,2,30,1,2,497,16,4,19320,0,0,0,0,0,10.80051161976,321.26170000000013,310.4611883802401,96.777250375
0.0014,0.6,0.075,0.965,357.81293322544013,0.7777777777777778,45,35,10,0.10647894240363924,624.2862756094402,557.8129332254401,19342,0.08256880733944955,0.17777777777777778,500,2,2,293.44444444444446,0.008711529810262244,10141915,0,8259720,3,1879382,14,4,527,13,2,30,1,2,497,16,3,19320,0,0,0,0,0,13.079266774559997,370.8922000000001,357.81293322544013,96.41526
0.0014,0.6,0.075,0.97,357.81293322544013,0.7777777777777778,45,35,10,0.10647894240363924,624.2862756094402,557.8129332254401,19342,0.08256880733944955,0.17777777777777778,500,2,2,293.44444444444446,0.008711529810262244,10141915,0,8259719,5,1879381,14,4,527,13,2,30,1,2,497,16,3,19320,0,0,0,0,0,13.079266774559997,370.8922000000001,357.81293322544013,96.123691
0.0014,0.6,0.075,0.975,357.81293322544013,0.7777777777777778,45,35,10,0.10647894240363924,624.2862756094402,557.8129332254401,19344,0.08256880733944955,0.17777777777777778,500,2,2,293.44444444444446,0.008711529810262244,10141915,0,8259719,5,1879381,14,4,527,13,2,30,1,2,497,16,4,19320,0,0,0,0,0,13.079266774559997,370.8922000000001,357.81293322544013,97.052863292
0.0014,0.6,0.075,0.98,357.81293322544013,0.7777777777777778,45,35,10,0.10647894240363924,624.2862756094402,557.8129332254401,19344,0.08256880733944955,0.17777777777777778,500,2,2,293.44444444444446,0.008711529810262244,10141915,0,8259710,17,1879378,14,4,527,13,2,30,1,2,497,16,4,19320,0,0,0,0,0,13.079266774559997,370.8922000000001,357.81293322544013,96.137726792
0.0014,0.6,0.075,0.985,357.81293322544013,0.7777777777777778,45,35,10,0.10647894240363924,624.2862756094402,557.8129332254401,19344,0.08256880733944955,0.17777777777777778,500,2,2,293.44444444444446,0.008711529810262244,10141915,0,8259710,17,1879378,14,4,527,13,2,30,1,2,497,16,4,19320,0,0,0,0,0,13.079266774559997,370.8922000000001,357.81293322544013,95.119641625
0.0014,0.6,0.1,0.965,396.59727928528,0.7777777777777778,45,35,10,0.1263520374952935,682.88063944528,596.59727928528,19342,0.08256880733944955,0.2,500,2,2,293.44444444444446,0.007948879700412331,10141915,0,8259720,3,1879382,14,4,527,13,2,30,1,2,497,16,3,19320,0,0,0,0,0,15.099720714719997,411.697,396.59727928528,95.768741
0.0014,0.6,0.1,0.97,396.59727928528,0.7777777777777778,45,35,10,0.1263520374952935,682.88063944528,596.59727928528,19342,0.08256880733944955,0.2,500,2,2,293.44444444444446,0.007948879700412331,10141915,0,8259719,5,1879381,14,4,527,13,2,30,1,2,497,16,3,19320,0,0,0,0,0,15.099720714719997,411.697,396.59727928528,96.13656525
0.0014,0.6,0.1,0.975,396.59727928528,0.7777777777777778,45,35,10,0.1263520374952935,682.88063944528,596.59727928528,19344,0.08256880733944955,0.2,500,2,2,293.44444444444446,0.007948879700412331,10141915,0,8259719,5,1879381,14,4,527,13,2,30,1,2,497,16,4,19320,0,0,0,0,0,15.099720714719997,411.697,396.59727928528,94.9875515
0.0014,0.6,0.1,0.98,396.59727928528,0.7777777777777778,45,35,10,0.1263520374952935,682.88063944528,596.59727928528,19344,0.08256880733944955,0.2,500,2,2,293.44444444444446,0.007948879700412331,10141915,0,8259710,17,1879378,14,4,527,13,2,30,1,2,497,16,4,19320,0,0,0,0,0,15.099720714719997,411.697,396.59727928528,95.369485625
0.0014,0.6,0.1,0.985,396.59727928528,0.7777777777777778,45,35,10,0.1263520374952935,682.88063944528,596.59727928528,19344,0.08256880733944955,0.2,500,2,2,293.44444444444446,0.007948879700412331,10141915,0,8259710,17,1879378,14,4,527,13,2,30,1,2,497,16,4,19320,0,0,0,0,0,15.099720714719997,411.697,396.59727928528,97.116424291
0.0014,0.6,0.125,0.965,432.65219271727995,0.7777777777777778,45,35,10,0.1472321995349928,741.88095794928,632.65219271728,19342,0.08256880733944955,0.2,500,2,2,293.31111111111113,0.00734574326328863,10141915,0,8259720,3,1879382,14,4,527,13,2,30,1,2,497,16,3,19320,0,0,0,0,0,17.154807282720004,449.80699999999996,432.65219271727995,94.051571542
0.0014,0.6,0.125,0.97,432.65219271727995,0.7777777777777778,45,35,10,0.1472321995349928,741.88095794928,632.65219271728,19342,0.08256880733944955,0.2,500,2,2,293.31111111111113,0.00734574326328863,10141915,0,8259719,5,1879381,14,4,527,13,2,30,1,2,497,16,3,19320,0,0,0,0,0,17.154807282720004,449.80699999999996,432.65219271727995,93.757655125
0.0014,0.6,0.125,0.975,432.65219271727995,0.7777777777777778,45,35,10,0.1472321995349928,741.88095794928,632.65219271728,19344,0.08256880733944955,0.2,500,2,2,293.31111111111113,0.00734574326328863,10141915,0,8259719,5,1879381,14,4,527,13,2,30,1,2,497,16,4,19320,0,0,0,0,0,17.154807282720004,449.80699999999996,432.65219271727995,94.959149542
0.0014,0.6,0.125,0.98,432.65219271727995,0.7777777777777778,45,35,10,0.1472321995349928,741.88095794928,632.65219271728,19344,0.08256880733944955,0.2,500,2,2,293.31111111111113,0.00734574326328863,10141915,0,8259710,17,1879378,14,4,527,13,2,30,1,2,497,16,4,19320,0,0,0,0,0,17.154807282720004,449.80699999999996,432.65219271727995,92.771432875
0.0014,0.6,0.125,0.985,432.65219271727995,0.7777777777777778,45,35,10,0.1472321995349928,741.88095794928,632.65219271728,19344,0.08256880733944955,0.2,500,2,2,293.31111111111113,0.00734574326328863,10141915,0,8259710,17,1879378,14,4,527,13,2,30,1,2,497,16,4,19320,0,0,0,0,0,17.154807282720004,449.80699999999996,432.65219271727995,94.437194708
0.0014,0.65,0.03,0.965,313.9267191623999,0.7794117647058824,68,53,15,0.14475042935634533,600.9084795864,513.9267191623999,18935,0.2518518518518518,0.08823529411764706,202,2,2,293.8529411764706,0.006412733075760123,10141915,0,8169975,3,1854660,21,4,245,19,2,47,2,2,198,24,3,18905,0,0,0,0,0,15.590280837599996,329.5169999999999,313.9267191623999,94.353315542
0.0014,0.65,0.03,0.97,313.9267191623999,0.7794117647058824,68,53,15,0.14475042935634533,600.9084795864,513.9267191623999,18935,0.2518518518518518,0.08823529411764706,202,2,2,293.8529411764706,0.006412733075760123,10141915,0,8169974,5,1854659,21,4,245,19,2,47,2,2,198,24,3,18905,0,0,0,0,0,15.590280837599996,329.5169999999999,313.9267191623999,205.602797417
0.0014,0.65,0.03,0.975,313.9267191623999,0.7794117647058824,68,53,15,0.14475042935634533,600.9084795864,513.9267191623999,18937,0.2518518518518518,0.08823529411764706,202,2,2,293.8529411764706,0.006412733075760123,10141915,0,8169974,5,1854659,21,4,245,19,2,47,2,2,198,24,4,18905,0,0,0,0,0,15.590280837599996,329.5169999999999,313.9267191623999,211.67952825
0.0014,0.65,0.03,0.98,313.9267191623999,0.7794117647058824,68,53,15,0.14475042935634533,600.9084795864,513.9267191623999,18937,0.2518518518518518,0.08823529411764706,202,2,2,293.8529411764706,0.006412733075760123,10141915,0,8169965,17,1854656,21,4,245,19,2,47,2,2,198,24,4,18905,0,0,0,0,0,15.590280837599996,329.5169999999999,313.9267191623999,205.643530708
0.0014,0.65,0.03,0.985,313.9267191623999,0.7794117647058824,68,53,15,0.14475042935634533,600.9084795864,513.9267191623999,18937,0.2518518518518518,0.08823529411764706,202,2,2,293.8529411764706,0.006412733075760123,10141915,0,8169965,17,1854656,21,4,245,19,2,47,2,2,198,24,4,18905,0,0,0,0,0,15.590280837599996,329.5169999999999,313.9267191623999,151.667999334
0.0014,0.65,0.05,0.965,365.7038741099202,0.782608695652174,69,54,15,0.17550244314432378,686.1195274699202,565.7038741099202,18935,0.25461254612546125,0.11594202898550725,202,2,2,293.42028985507244,0.007119039108443057,10141915,0,8169975,3,1854660,22,4,245,20,2,47,2,2,198,24,3,18905,0,0,0,0,0,19.113725890079994,384.8176000000002,365.7038741099202,95.775146208
0.0014,0.65,0.05,0.97,365.7038741099202,0.782608695652174,69,54,15,0.17550244314432378,686.1195274699202,565.7038741099202,18935,0.25461254612546125,0.11594202898550725,202,2,2,293.42028985507244,0.007119039108443057,10141915,0,8169974,5,1854659,22,4,245,20,2,47,2,2,198,24,3,18905,0,0,0,0,0,19.113725890079994,384.8176000000002,365.7038741099202,97.501335708
0.0014,0.65,0.05,0.975,365.7038741099202,0.782608695652174,69,54,15,0.17550244314432378,686.1195274699202,565.7038741099202,18937,0.25461254612546125,0.11594202898550725,202,2,2,293.42028985507244,0.007119039108443057,10141915,0,8169974,5,1854659,22,4,245,20,2,47,2,2,198,24,4,18905,0,0,0,0,0,19.113725890079994,384.8176000000002,365.7038741099202,96.544284709
0.0014,0.65,0.05,0.98,365.7038741099202,0.782608695652174,69,54,15,0.17550244314432378,686.1195274699202,565.7038741099202,18937,0.25461254612546125,0.11594202898550725,202,2,2,293.42028985507244,0.007119039108443057,10141915,0,8169965,17,1854656,22,4,245,20,2,47,2,2,198,24,4,18905,0,0,0,0,0,19.113725890079994,384.8176000000002,365.7038741099202,95.899537416
0.0014,0.65,0.05,0.985,365.7038741099202,0.782608695652174,69,54,15,0.17550244314432378,686.1195274699202,565.7038741099202,18937,0.25461254612546125,0.11594202898550725,202,2,2,293.42028985507244,0.007119039108443057,10141915,0,8169965,17,1854656,22,4,245,20,2,47,2,2,198,24,4,18905,0,0,0,0,0,19.113725890079994,384.8176000000002,365.7038741099202,95.89776675
0.0014,0.65,0.075,0.965,408.26733916776004,0.782608695652174,69,54,15,0.21462047368580817,774.4884081997601,608.26733916776,18935,0.25461254612546125,0.15942028985507245,202,2,2,293.42028985507244,0.00768029396393513,10141915,0,8169975,3,1854660,22,4,245,20,2,47,2,2,198,24,3,18905,0,0,0,0,0,23.168960832240003,431.4363000000001,408.26733916776004,96.287438875
0.0014,0.65,0.075,0.97,408.26733916776004,0.782608695652174,69,54,15,0.21462047368580817,774.4884081997601,608.26733916776,18935,0.25461254612546125,0.15942028985507245,202,2,2,293.42028985507244,0.00768029396393513,10141915,0,8169974,5,1854659,22,4,245,20,2,47,2,2,198,24,3,18905,0,0,0,0,0,23.168960832240003,431.4363000000001,408.26733916776004,95.748972375
0.0014,0.65,0.075,0.975,408.26733916776004,0.782608695652174,69,54,15,0.21462047368580817,774.4884081997601,608.26733916776,18937,0.25461254612546125,0.15942028985507245,202,2,2,293.42028985507244,0.00768029396393513,10141915,0,8169974,5,1854659,22,4,245,20,2,47,2,2,198,24,4,18905,0,0,0,0,0,23.168960832240003,431.4363000000001,408.26733916776004,95.034958458
0.0014,0.65,0.075,0.98,408.26733916776004,0.782608695652174,69,54,15,0.21462047368580817,774.4884081997601,608.26733916776,18937,0.25461254612546125,0.15942028985507245,202,2,2,293.42028985507244,0.00768029396393513,10141915,0,8169965,17,1854656,22,4,245,20,2,47,2,2,198,24,4,18905,0,0,0,0,0,23.168960832240003,431.4363000000001,408.26733916776004,95.425720416
0.0014,0.65,0.075,0.985,408.26733916776004,0.782608695652174,69,54,15,0.21462047368580817,774.4884081997601,608.26733916776,18937,0.25461254612546125,0.15942028985507245,202,2,2,293.42028985507244,0.00768029396393513,10141915,0,8169965,17,1854656,22,4,245,20,2,47,2,2,198,24,4,18905,0,0,0,0,0,23.168960832240003,431.4363000000001,408.26733916776004,95.706482583
0.0014,0.65,0.1,0.965,428.48019561839976,0.782608695652174,69,54,15,0.25166534241820143,839.8384188823998,628.4801956183998,18935,0.25461254612546125,0.18840579710144928,202,2,2,293.42028985507244,0.007694510655578511,10141915,0,8169975,3,1854660,22,4,245,20,2,47,2,2,198,24,3,18905,0,0,0,0,0,26.614404381599996,455.0945999999998,428.48019561839976,94.950593208
0.0014,0.65,0.1,0.97,428.48019561839976,0.782608695652174,69,54,15,0.25166534241820143,839.8384188823998,628.4801956183998,18935,0.25461254612546125,0.18840579710144928,202,2,2,293.42028985507244,0.007694510655578511,10141915,0,8169974,5,1854659,22,4,245,20,2,47,2,2,198,24,3,18905,0,0,0,0,0,26.614404381599996,455.0945999999998,428.48019561839976,94.759695792
0.0014,0.65,0.1,0.975,428.48019561839976,0.782608695652174,69,54,15,0.25166534241820143,839.8384188823998,628.4801956183998,18937,0.25461254612546125,0.18840579710144928,202,2,2,293.42028985507244,0.007694510655578511,10141915,0,8169974,5,1854659,22,4,245,20,2,47,2,2,198,24,4,18905,0,0,0,0,0,26.614404381599996,455.0945999999998,428.48019561839976,94.810624208
0.0014,0.65,0.1,0.98,428.48019561839976,0.782608695652174,69,54,15,0.25166534241820143,839.8384188823998,628.4801956183998,18937,0.25461254612546125,0.18840579710144928,202,2,2,293.42028985507244,0.007694510655578511,10141915,0,8169965,17,1854656,22,4,245,20,2,47,2,2,198,24,4,18905,0,0,0,0,0,26.614404381599996,455.0945999999998,428.48019561839976,98.505443917
0.0014,0.65,0.1,0.985,428.48019561839976,0.782608695652174,69,54,15,0.25166534241820143,839.8384188823998,628.4801956183998,18937,0.25461254612546125,0.18840579710144928,202,2,2,293.42028985507244,0.007694510655578511,10141915,0,8169965,17,1854656,22,4,245,20,2,47,2,2,198,24,4,18905,0,0,0,0,0,26.614404381599996,455.0945999999998,428.48019561839976,95.08886525
0.0014,0.65,0.125,0.965,449.56328796239995,0.782608695652174,69,54,15,0.28880473846923777,913.3402921784,649.5632879624,18935,0.25461254612546125,0.18840579710144928,202,2,2,293.42028985507244,0.007668576370122151,10141915,0,8169975,3,1854660,22,4,245,20,2,47,2,2,198,24,3,18905,0,0,0,0,0,30.4613120376,480.02459999999996,449.56328796239995,93.723037875
0.0014,0.65,0.125,0.97,449.56328796239995,0.782608695652174,69,54,15,0.28880473846923777,913.3402921784,649.5632879624,18935,0.25461254612546125,0.18840579710144928,202,2,2,293.42028985507244,0.007668576370122151,10141915,0,8169974,5,1854659,22,4,245,20,2,47,2,2,198,24,3,18905,0,0,0,0,0,30.4613120376,480.02459999999996,449.56328796239995,96.137014542
0.0014,0.65,0.125,0.975,449.56328796239995,0.782608695652174,69,54,15,0.28880473846923777,913.3402921784,649.5632879624,18937,0.25461254612546125,0.18840579710144928,202,2,2,293.42028985507244,0.007668576370122151,10141915,0,8169974,5,1854659,22,4,245,20,2,47,2,2,198,24,4,18905,0,0,0,0,0,30.4613120376,480.02459999999996,449.56328796239995,94.366435375
0.0014,0.65,0.125,0.98,449.56328796239995,0.782608695652174,69,54,15,0.28880473846923777,913.3402921784,649.5632879624,18937,0.25461254612546125,0.18840579710144928,202,2,2,293.42028985507244,0.007668576370122151,10141915,0,8169965,17,1854656,22,4,245,20,2,47,2,2,198,24,4,18905,0,0,0,0,0,30.4613120376,480.02459999999996,449.56328796239995,95.029947625
0.0014,0.65,0.125,0.985,449.56328796239995,0.782608695652174,69,54,15,0.28880473846923777,913.3402921784,649.5632879624,18937,0.25461254612546125,0.18840579710144928,202,2,2,293.42028985507244,0.007668576370122151,10141915,0,8169965,17,1854656,22,4,245,20,2,47,2,2,198,24,4,18905,0,0,0,0,0,30.4613120376,480.02459999999996,449.56328796239995,95.505976875
0.0014,0.7,0.03,0.965,343.66758603792005,0.8,90,72,18,0.15469284543364012,634.84880276592,543.66758603792,19362,0.5325443786982249,0.05555555555555555,79,2,2,294.2111111111111,0.011339002834750707,10141915,0,8259720,3,1879382,32,4,133,28,2,60,4,2,73,36,3,19320,0,0,0,0,0,19.825013962079996,363.49260000000004,343.66758603792005,214.513705167
0.0014,0.7,0.03,0.97,343.66758603792005,0.8,90,72,18,0.15469284543364012,634.84880276592,543.66758603792,19362,0.5325443786982249,0.05555555555555555,79,2,2,294.2111111111111,0.011339002834750707,10141915,0,8259719,5,1879381,32,4,133,28,2,60,4,2,73,36,3,19320,0,0,0,0,0,19.825013962079996,363.49260000000004,343.66758603792005,211.58946125
0.0014,0.7,0.03,0.975,343.66758603792005,0.8,90,72,18,0.15469284543364012,634.84880276592,543.66758603792,19364,0.5325443786982249,0.05555555555555555,79,2,2,294.2111111111111,0.011339002834750707,10141915,0,8259719,5,1879381,32,4,133,28,2,60,4,2,73,36,4,19320,0,0,0,0,0,19.825013962079996,363.49260000000004,343.66758603792005,208.019710666
0.0014,0.7,0.03,0.98,343.66758603792005,0.8,90,72,18,0.15469284543364012,634.84880276592,543.66758603792,19364,0.5325443786982249,0.05555555555555555,79,2,2,294.2111111111111,0.011339002834750707,10141915,0,8259710,17,1879378,32,4,133,28,2,60,4,2,73,36,4,19320,0,0,0,0,0,19.825013962079996,363.49260000000004,343.66758603792005,143.026133084
0.0014,0.7,0.03,0.985,343.66758603792005,0.8,90,72,18,0.15469284543364012,634.84880276592,543.66758603792,19364,0.5325443786982249,0.05555555555555555,79,2,2,294.2111111111111,0.011339002834750707,10141915,0,8259710,17,1879378,32,4,133,28,2,60,4,2,73,36,4,19320,0,0,0,0,0,19.825013962079996,363.49260000000004,343.66758603792005,96.597986125
0.0014,0.7,0.05,0.965,443.6197667376796,0.8021978021978022,91,73,18,0.17076884171987705,759.2202228139197,643.6197667376796,19362,0.5352941176470588,0.08791208791208792,79,2,2,293.7142857142857,0.010792448529970373,10141915,0,8259720,3,1879382,33,4,133,29,2,60,4,2,73,36,3,19320,0,0,0,0,0,25.56513326231999,469.1848999999996,443.6197667376796,99.356855833
0.0014,0.7,0.05,0.97,443.6197667376796,0.8021978021978022,91,73,18,0.17076884171987705,759.2202228139197,643.6197667376796,19362,0.5352941176470588,0.08791208791208792,79,2,2,293.7142857142857,0.010792448529970373,10141915,0,8259719,5,1879381,33,4,133,29,2,60,4,2,73,36,3,19320,0,0,0,0,0,25.56513326231999,469.1848999999996,443.6197667376796,97.071258458
0.0014,0.7,0.05,0.975,443.6197667376796,0.8021978021978022,91,73,18,0.17076884171987705,759.2202228139197,643.6197667376796,19364,0.5352941176470588,0.08791208791208792,79,2,2,293.7142857142857,0.010792448529970373,10141915,0,8259719,5,1879381,33,4,133,29,2,60,4,2,73,36,4,19320,0,0,0,0,0,25.56513326231999,469.1848999999996,443.6197667376796,97.263394833
0.0014,0.7,0.05,0.98,443.6197667376796,0.8021978021978022,91,73,18,0.17076884171987705,759.2202228139197,643.6197667376796,19364,0.5352941176470588,0.08791208791208792,79,2,2,293.7142857142857,0.010792448529970373,10141915,0,8259710,17,1879378,33,4,133,29,2,60,4,2,73,36,4,19320,0,0,0,0,0,25.56513326231999,469.1848999999996,443.6197667376796,95.976589209
0.0014,0.7,0.05,0.985,443.6197667376796,0.8021978021978022,91,73,18,0.17076884171987705,759.2202228139197,643.6197667376796,19364,0.5352941176470588,0.08791208791208792,79,2,2,293.7142857142857,0.010792448529970373,10141915,0,8259710,17,1879378,33,4,133,29,2,60,4,2,73,36,4,19320,0,0,0,0,0,25.56513326231999,469.1848999999996,443.6197667376796,96.342611917
0.0014,0.7,0.075,0.965,541.9037530928799,0.8021978021978022,91,73,18,0.19832783626130684,895.1718560491199,741.9037530928799,19362,0.5352941176470588,0.12087912087912088,79,2,2,293.7142857142857,0.011105513667064564,10141915,0,8259720,3,1879382,33,4,133,29,2,60,4,2,73,36,3,19320,0,0,0,0,0,32.262146907120005,574.1659,541.9037530928799,95.961233458
0.0014,0.7,0.075,0.97,541.9037530928799,0.8021978021978022,91,73,18,0.19832783626130684,895.1718560491199,741.9037530928799,19362,0.5352941176470588,0.12087912087912088,79,2,2,293.7142857142857,0.011105513667064564,10141915,0,8259719,5,1879381,33,4,133,29,2,60,4,2,73,36,3,19320,0,0,0,0,0,32.262146907120005,574.1659,541.9037530928799,95.269957833
0.0014,0.7,0.075,0.975,541.9037530928799,0.8021978021978022,91,73,18,0.19832783626130684,895.1718560491199,741.9037530928799,19364,0.5352941176470588,0.12087912087912088,79,2,2,293.7142857142857,0.011105513667064564,10141915,0,8259719,5,1879381,33,4,133,29,2,60,4,2,73,36,4,19320,0,0,0,0,0,32.262146907120005,574.1659,541.9037530928799,95.773374958
0.0014,0.7,0.075,0.98,541.9037530928799,0.8021978021978022,91,73,18,0.19832783626130684,895.1718560491199,741.9037530928799,19364,0.5352941176470588,0.12087912087912088,79,2,2,293.7142857142857,0.011105513667064564,10141915,0,8259710,17,1879378,33,4,133,29,2,60,4,2,73,36,4,19320,0,0,0,0,0,32.262146907120005,574.1659,541.9037530928799,95.7104175
0.0014,0.7,0.075,0.985,541.9037530928799,0.8021978021978022,91,73,18,0.19832783626130684,895.1718560491199,741.9037530928799,19364,0.5352941176470588,0.12087912087912088,79,2,2,293.7142857142857,0.011105513667064564,10141915,0,8259710,17,1879378,33,4,133,29,2,60,4,2,73,36,4,19320,0,0,0,0,0,32.262146907120005,574.1659,541.9037530928799,95.771380958
0.0014,0.7,0.1,0.965,618.6906308155199,0.8021978021978022,91,73,18,0.2272227298083517,1013.54500440376,818.6906308155199,19362,0.5352941176470588,0.14285714285714285,79,2,2,293.7142857142857,0.010963304952329504,10141915,0,8259720,3,1879382,33,4,133,29,2,60,4,2,73,36,3,19320,0,0,0,0,0,38.763569184479984,657.4541999999998,618.6906308155199,95.621005625
0.0014,0.7,0.1,0.97,618.6906308155199,0.8021978021978022,91,73,18,0.2272227298083517,1013.54500440376,818.6906308155199,19362,0.5352941176470588,0.14285714285714285,79,2,2,293.7142857142857,0.010963304952329504,10141915,0,8259719,5,1879381,33,4,133,29,2,60,4,2,73,36,3,19320,0,0,0,0,0,38.763569184479984,657.4541999999998,618.6906308155199,96.027906042
0.0014,0.7,0.1,0.975,618.6906308155199,0.8021978021978022,91,73,18,0.2272227298083517,1013.54500440376,818.6906308155199,19364,0.5352941176470588,0.14285714285714285,79,2,2,293.7142857142857,0.010963304952329504,10141915,0,8259719,5,1879381,33,4,133,29,2,60,4,2,73,36,4,19320,0,0,0,0,0,38.763569184479984,657.4541999999998,618.6906308155199,96.474373459
0.0014,0.7,0.1,0.98,618.6906308155199,0.8021978021978022,91,73,18,0.2272227298083517,1013.54500440376,818.6906308155199,19364,0.5352941176470588,0.14285714285714285,79,2,2,293.7142857142857,0.010963304952329504,10141915,0,8259710,17,1879378,33,4,133,29,2,60,4,2,73,36,4,19320,0,0,0,0,0,38.763569184479984,657.4541999999998,618.6906308155199,94.761562625
0.0014,0.7,0.1,0.985,618.6906308155199,0.8021978021978022,91,73,18,0.2272227298083517,1013.54500440376,818.6906308155199,19364,0.5352941176470588,0.14285714285714285,79,2,2,293.7142857142857,0.010963304952329504,10141915,0,8259710,17,1879378,33,4,133,29,2,60,4,2,73,36,4,19320,0,0,0,0,0,38.763569184479984,657.4541999999998,618.6906308155199,95.633698209
0.0014,0.7,0.125,0.965,715.3147476349606,0.8043478260869565,92,74,18,0.25466064860864746,1162.0710607512,915.3147476349606,19362,0.5411764705882353,0.17391304347826086,78,2,2,293.25,0.010847955672991693,10141915,0,8259720,3,1879382,33,4,133,30,2,60,3,2,73,36,3,19320,0,0,0,0,0,46.71115236504001,762.0259000000005,715.3147476349606,96.039177416
0.0014,0.7,0.125,0.97,715.3147476349606,0.8043478260869565,92,74,18,0.25466064860864746,1162.0710607512,915.3147476349606,19362,0.5411764705882353,0.17391304347826086,78,2,2,293.25,0.010847955672991693,10141915,0,8259719,5,1879381,33,4,133,30,2,60,3,2,73,36,3,19320,0,0,0,0,0,46.71115236504001,762.0259000000005,715.3147476349606,96.297056667
0.0014,0.7,0.125,0.975,715.3147476349606,0.8043478260869565,92,74,18,0.25466064860864746,1162.0710607512,915.3147476349606,19364,0.5411764705882353,0.17391304347826086,78,2,2,293.25,0.010847955672991693,10141915,0,8259719,5,1879381,33,4,133,30,2,60,3,2,73,36,4,19320,0,0,0,0,0,46.71115236504001,762.0259000000005,715.3147476349606,96.576064208
0.0014,0.7,0.125,0.98,715.3147476349606,0.8043478260869565,92,74,18,0.25466064860864746,1162.0710607512,915.3147476349606,19364,0.5411764705882353,0.17391304347826086,78,2,2,293.25,0.010847955672991693,10141915,0,8259710,17,1879378,33,4,133,30,2,60,3,2,73,36,4,19320,0,0,0,0,0,46.71115236504001,762.0259000000005,715.3147476349606,97.594173083
0.0014,0.7,0.125,0.985,715.3147476349606,0.8043478260869565,92,74,18,0.25466064860864746,1162.0710607512,915.3147476349606,19364,0.5411764705882353,0.17391304347826086,78,2,2,293.25,0.010847955672991693,10141915,0,8259710,17,1879378,33,4,133,30,2,60,3,2,73,36,4,19320,0,0,0,0,0,46.71115236504001,762.0259000000005,715.3147476349606,97.312390083
0.0016,0.5,0.03,0.965,83.23566862400003,0.6923076923076923,13,9,4,0.04659178149523382,283.235668624,283.235668624,19329,0.015834348355663823,0.15384615384615385,808,1,1,284.2307692307692,0.01744773422808893,10141915,0,8259720,3,1879382,0,2,819,0,1,12,0,1,807,3,3,19320,0,0,0,0,0,1.8493313759999999,85.08500000000002,83.23566862400003,95.784128875
0.0016,0.5,0.03,0.97,83.23566862400003,0.6923076923076923,13,9,4,0.04659178149523382,283.235668624,283.235668624,19329,0.015834348355663823,0.15384615384615385,808,1,1,284.2307692307692,0.01744773422808893,10141915,0,8259719,5,1879381,0,2,819,0,1,12,0,1,807,3,3,19320,0,0,0,0,0,1.8493313759999999,85.08500000000002,83.23566862400003,96.304653834
0.0016,0.5,0.03,0.975,83.23566862400003,0.6923076923076923,13,9,4,0.04659178149523382,283.235668624,283.235668624,19331,0.015834348355663823,0.15384615384615385,808,1,1,284.2307692307692,0.01744773422808893,10141915,0,8259719,5,1879381,0,2,819,0,1,12,0,1,807,3,4,19320,0,0,0,0,0,1.8493313759999999,85.08500000000002,83.23566862400003,96.216414334
0.0016,0.5,0.03,0.98,83.23566862400003,0.6923076923076923,13,9,4,0.04659178149523382,283.235668624,283.235668624,19331,0.015834348355663823,0.15384615384615385,808,1,1,284.2307692307692,0.01744773422808893,10141915,0,8259710,17,1879378,0,2,819,0,1,12,0,1,807,3,4,19320,0,0,0,0,0,1.8493313759999999,85.08500000000002,83.23566862400003,97.546392333
0.0016,0.5,0.03,0.985,83.23566862400003,0.6923076923076923,13,9,4,0.04659178149523382,283.235668624,283.235668624,19331,0.015834348355663823,0.15384615384615385,808,1,1,284.2307692307692,0.01744773422808893,10141915,0,8259710,17,1879378,0,2,819,0,1,12,0,1,807,3,4,19320,0,0,0,0,0,1.8493313759999999,85.08500000000002,83.23566862400003,97.955887583
0.0016,0.5,0.05,0.965,137.87116511200009,0.75,16,12,4,0.0463766869802944,337.8711651120001,337.8711651120001,19329,0.019417475728155338,0.125,808,1,1,279,0.021304124685989027,10141915,0,8259720,3,1879382,3,2,819,3,1,12,0,1,807,3,3,19320,0,0,0,0,0,2.463834888,140.3350000000001,137.87116511200009,95.924475625
0.0016,0.5,0.05,0.97,137.87116511200009,0.75,16,12,4,0.0463766869802944,337.8711651120001,337.8711651120001,19329,0.019417475728155338,0.125,808,1,1,279,0.021304124685989027,10141915,0,8259719,5,1879381,3,2,819,3,1,12,0,1,807,3,3,19320,0,0,0,0,0,2.463834888,140.3350000000001,137.87116511200009,95.500705542
0.0016,0.5,0.05,0.975,137.87116511200009,0.75,16,12,4,0.0463766869802944,337.8711651120001,337.8711651120001,19331,0.019417475728155338,0.125,808,1,1,279,0.021304124685989027,10141915,0,8259719,5,1879381,3,2,819,3,1,12,0,1,807,3,4,19320,0,0,0,0,0,2.463834888,140.3350000000001,137.87116511200009,95.480459709
0.0016,0.5,0.05,0.98,137.87116511200009,0.75,16,12,4,0.0463766869802944,337.8711651120001,337.8711651120001,19331,0.019417475728155338,0.125,808,1,1,279,0.021304124685989027,10141915,0,8259710,17,1879378,3,2,819,3,1,12,0,1,807,3,4,19320,0,0,0,0,0,2.463834888,140.3350000000001,137.87116511200009,96.22760475
0.0016,0.5,0.05,0.985,137.87116511200009,0.75,16,12,4,0.0463766869802944,337.8711651120001,337.8711651120001,19331,0.019417475728155338,0.125,808,1,1,279,0.021304124685989027,10141915,0,8259710,17,1879378,3,2,819,3,1,12,0,1,807,3,4,19320,0,0,0,0,0,2.463834888,140.3350000000001,137.87116511200009,97.544751083
0.0016,0.5,0.075,0.965,174.96835373599987,0.75,16,12,4,0.04741679551920935,374.96835373599987,374.96835373599987,19329,0.019417475728155338,0.125,808,1,1,278.0625,0.018107186753553946,10141915,0,8259720,3,1879382,3,2,819,3,1,12,0,1,807,3,3,19320,0,0,0,0,0,2.7266462639999998,177.69499999999988,174.96835373599987,97.99458425
0.0016,0.5,0.075,0.97,174.96835373599987,0.75,16,12,4,0.04741679551920935,374.96835373599987,374.96835373599987,19329,0.019417475728155338,0.125,808,1,1,278.0625,0.018107186753553946,10141915,0,8259719,5,1879381,3,2,819,3,1,12,0,1,807,3,3,19320,0,0,0,0,0,2.7266462639999998,177.69499999999988,174.96835373599987,95.775249375
0.0016,0.5,0.075,0.975,174.96835373599987,0.75,16,12,4,0.04741679551920935,374.96835373599987,374.96835373599987,19331,0.019417475728155338,0.125,808,1,1,278.0625,0.018107186753553946,10141915,0,8259719,5,1879381,3,2,819,3,1,12,0,1,807,3,4,19320,0,0,0,0,0,2.7266462639999998,177.69499999999988,174.96835373599987,95.598155125
0.0016,0.5,0.075,0.98,174.96835373599987,0.75,16,12,4,0.04741679551920935,374.96835373599987,374.96835373599987,19331,0.019417475728155338,0.125,808,1,1,278.0625,0.018107186753553946,10141915,0,8259710,17,1879378,3,2,819,3,1,12,0,1,807,3,4,19320,0,0,0,0,0,2.7266462639999998,177.69499999999988,174.96835373599987,95.458912
0.0016,0.5,0.075,0.985,174.96835373599987,0.75,16,12,4,0.04741679551920935,374.96835373599987,374.96835373599987,19331,0.019417475728155338,0.125,808,1,1,278.0625,0.018107186753553946,10141915,0,8259710,17,1879378,3,2,819,3,1,12,0,1,807,3,4,19320,0,0,0,0,0,2.7266462639999998,177.69499999999988,174.96835373599987,95.507175875
0.0016,0.5,0.1,0.965,200.3235006224,0.75,16,12,4,0.04618286269837885,400.3235006224,400.3235006224,19329,0.019417475728155338,0.1875,808,1,1,278.0625,0.01821813530176571,10141915,0,8259720,3,1879382,3,2,819,3,1,12,0,1,807,3,3,19320,0,0,0,0,0,2.9884993776,203.31199999999998,200.3235006224,94.704941333
0.0016,0.5,0.1,0.97,200.3235006224,0.75,16,12,4,0.04618286269837885,400.3235006224,400.3235006224,19329,0.019417475728155338,0.1875,808,1,1,278.0625,0.01821813530176571,10141915,0,8259719,5,1879381,3,2,819,3,1,12,0,1,807,3,3,19320,0,0,0,0,0,2.9884993776,203.31199999999998,200.3235006224,95.542456375
0.0016,0.5,0.1,0.975,200.3235006224,0.75,16,12,4,0.04618286269837885,400.3235006224,400.3235006224,19331,0.019417475728155338,0.1875,808,1,1,278.0625,0.01821813530176571,10141915,0,8259719,5,1879381,3,2,819,3,1,12,0,1,807,3,4,19320,0,0,0,0,0,2.9884993776,203.31199999999998,200.3235006224,96.400531583
0.0016,0.5,0.1,0.98,200.3235006224,0.75,16,12,4,0.04618286269837885,400.3235006224,400.3235006224,19331,0.019417475728155338,0.1875,808,1,1,278.0625,0.01821813530176571,10141915,0,8259710,17,1879378,3,2,819,3,1,12,0,1,807,3,4,19320,0,0,0,0,0,2.9884993776,203.31199999999998,200.3235006224,98.197515875
0.0016,0.5,0.1,0.985,200.3235006224,0.75,16,12,4,0.04618286269837885,400.3235006224,400.3235006224,19331,0.019417475728155338,0.1875,808,1,1,278.0625,0.01821813530176571,10141915,0,8259710,17,1879378,3,2,819,3,1,12,0,1,807,3,4,19320,0,0,0,0,0,2.9884993776,203.31199999999998,200.3235006224,95.172069541
0.0016,0.5,0.125,0.965,231.15440847935997,0.7647058823529411,17,13,4,0.04705750087585898,431.15440847936,431.15440847936,19329,0.020581113801452784,0.23529411764705882,809,2,2,279.3529411764706,0.016707240533292755,10141915,0,8259720,3,1879382,3,4,819,3,2,12,0,2,807,3,3,19320,0,0,0,0,0,3.2157915206400003,234.37019999999998,231.15440847935997,95.026224833
0.0016,0.5,0.125,0.97,231.15440847935997,0.7647058823529411,17,13,4,0.04705750087585898,431.15440847936,431.15440847936,19329,0.020581113801452784,0.23529411764705882,809,2,2,279.3529411764706,0.016707240533292755,10141915,0,8259719,5,1879381,3,4,819,3,2,12,0,2,807,3,3,19320,0,0,0,0,0,3.2157915206400003,234.37019999999998,231.15440847935997,94.806437292
0.0016,0.5,0.125,0.975,231.15440847935997,0.7647058823529411,17,13,4,0.04705750087585898,431.15440847936,431.15440847936,19331,0.020581113801452784,0.23529411764705882,809,2,2,279.3529411764706,0.016707240533292755,10141915,0,8259719,5,1879381,3,4,819,3,2,12,0,2,807,3,4,19320,0,0,0,0,0,3.2157915206400003,234.37019999999998,231.15440847935997,95.8488175
0.0016,0.5,0.125,0.98,231.15440847935997,0.7647058823529411,17,13,4,0.04705750087585898,431.15440847936,431.15440847936,19331,0.020581113801452784,0.23529411764705882,809,2,2,279.3529411764706,0.016707240533292755,10141915,0,8259710,17,1879378,3,4,819,3,2,12,0,2,807,3,4,19320,0,0,0,0,0,3.2157915206400003,234.37019999999998,231.15440847935997,95.20813625
0.0016,0.5,0.125,0.985,231.15440847935997,0.7647058823529411,17,13,4,0.04705750087585898,431.15440847936,431.15440847936,19331,0.020581113801452784,0.23529411764705882,809,2,2,279.3529411764706,0.016707240533292755,10141915,0,8259710,17,1879378,3,4,819,3,2,12,0,2,807,3,4,19320,0,0,0,0,0,3.2157915206400003,234.37019999999998,231.15440847935997,95.027679292
0.0016,0.55,0.03,0.965,159.94099675552008,0.76,25,19,6,0.07519445405994253,389.20722127552006,359.9409967555201,19333,0.033921302578018994,0.12,712,1,1,301.76,0.011372897010087106,10141915,0,8259720,3,1879382,6,2,729,5,1,19,1,1,710,7,3,19320,0,0,0,0,0,4.336403244479999,164.27740000000009,159.94099675552008,96.742748458
0.0016,0.55,0.03,0.97,159.94099675552008,0.76,25,19,6,0.07519445405994253,389.20722127552006,359.9409967555201,19333,0.033921302578018994,0.12,712,1,1,301.76,0.011372897010087106,10141915,0,8259719,5,1879381,6,2,729,5,1,19,1,1,710,7,3,19320,0,0,0,0,0,4.336403244479999,164.27740000000009,159.94099675552008,95.118865292
0.0016,0.55,0.03,0.975,159.94099675552008,0.76,25,19,6,0.07519445405994253,389.20722127552006,359.9409967555201,19335,0.033921302578018994,0.12,712,1,1,301.76,0.011372897010087106,10141915,0,8259719,5,1879381,6,2,729,5,1,19,1,1,710,7,4,19320,0,0,0,0,0,4.336403244479999,164.27740000000009,159.94099675552008,94.881100916
0.0016,0.55,0.03,0.98,159.94099675552008,0.76,25,19,6,0.07519445405994253,389.20722127552006,359.9409967555201,19335,0.033921302578018994,0.12,712,1,1,301.76,0.011372897010087106,10141915,0,8259710,17,1879378,6,2,729,5,1,19,1,1,710,7,4,19320,0,0,0,0,0,4.336403244479999,164.27740000000009,159.94099675552008,97.158655792
0.0016,0.55,0.03,0.985,159.94099675552008,0.76,25,19,6,0.07519445405994253,389.20722127552006,359.9409967555201,19335,0.033921302578018994,0.12,712,1,1,301.76,0.011372897010087106,10141915,0,8259710,17,1879378,6,2,729,5,1,19,1,1,710,7,4,19320,0,0,0,0,0,4.336403244479999,164.27740000000009,159.94099675552008,96.271999083
0.0016,0.55,0.05,0.965,231.59753681951997,0.7857142857142857,28,22,6,0.09343962815396682,476.08250947551994,431.59753681952,19333,0.03783783783783784,0.10714285714285714,712,2,2,298.57142857142856,0.011553645292984275,10141915,0,8259720,3,1879382,7,4,729,7,2,19,0,2,710,7,3,19320,0,0,0,0,0,5.65986318048,237.25739999999996,231.59753681951997,95.540299291
0.0016,0.55,0.05,0.97,231.59753681951997,0.7857142857142857,28,22,6,0.09343962815396682,476.08250947551994,431.59753681952,19333,0.03783783783783784,0.10714285714285714,712,2,2,298.57142857142856,0.011553645292984275,10141915,0,8259719,5,1879381,7,4,729,7,2,19,0,2,710,7,3,19320,0,0,0,0,0,5.65986318048,237.25739999999996,231.59753681951997,96.120333667
0.0016,0.55,0.05,0.975,231.59753681951997,0.7857142857142857,28,22,6,0.09343962815396682,476.08250947551994,431.59753681952,19335,0.03783783783783784,0.10714285714285714,712,2,2,298.57142857142856,0.011553645292984275,10141915,0,8259719,5,1879381,7,4,729,7,2,19,0,2,710,7,4,19320,0,0,0,0,0,5.65986318048,237.25739999999996,231.59753681951997,96.065473958
0.0016,0.55,0.05,0.98,231.59753681951997,0.7857142857142857,28,22,6,0.09343962815396682,476.08250947551994,431.59753681952,19335,0.03783783783783784,0.10714285714285714,712,2,2,298.57142857142856,0.011553645292984275,10141915,0,8259710,17,1879378,7,4,729,7,2,19,0,2,710,7,4,19320,0,0,0,0,0,5.65986318048,237.25739999999996,231.59753681951997,96.206182459
0.0016,0.55,0.05,0.985,231.59753681951997,0.7857142857142857,28,22,6,0.09343962815396682,476.08250947551994,431.59753681952,19335,0.03783783783783784,0.10714285714285714,712,2,2,298.57142857142856,0.011553645292984275,10141915,0,8259710,17,1879378,7,4,729,7,2,19,0,2,710,7,4,19320,0,0,0,0,0,5.65986318048,237.25739999999996,231.59753681951997,96.12565275
0.0016,0.55,0.075,0.965,271.6703538755199,0.7857142857142857,28,22,6,0.11571169723570264,533.3897919955199,471.6703538755199,19333,0.03783783783783784,0.10714285714285714,712,2,2,298.57142857142856,0.012425269368040621,10141915,0,8259720,3,1879382,7,4,729,7,2,19,0,2,710,7,3,19320,0,0,0,0,0,6.847046124479999,278.5173999999999,271.6703538755199,96.075244542
0.0016,0.55,0.075,0.97,271.6703538755199,0.7857142857142857,28,22,6,0.11571169723570264,533.3897919955199,471.6703538755199,19333,0.03783783783783784,0.10714285714285714,712,2,2,298.57142857142856,0.012425269368040621,10141915,0,8259719,5,1879381,7,4,729,7,2,19,0,2,710,7,3,19320,0,0,0,0,0,6.847046124479999,278.5173999999999,271.6703538755199,95.894113709
0.0016,0.55,0.075,0.975,271.6703538755199,0.7857142857142857,28,22,6,0.11571169723570264,533.3897919955199,471.6703538755199,19335,0.03783783783783784,0.10714285714285714,712,2,2,298.57142857142856,0.012425269368040621,10141915,0,8259719,5,1879381,7,4,729,7,2,19,0,2,710,7,4,19320,0,0,0,0,0,6.847046124479999,278.5173999999999,271.6703538755199,96.107149209
0.0016,0.55,0.075,0.98,271.6703538755199,0.7857142857142857,28,22,6,0.11571169723570264,533.3897919955199,471.6703538755199,19335,0.03783783783783784,0.10714285714285714,712,2,2,298.57142857142856,0.012425269368040621,10141915,0,8259710,17,1879378,7,4,729,7,2,19,0,2,710,7,4,19320,0,0,0,0,0,6.847046124479999,278.5173999999999,271.6703538755199,94.833650875
0.0016,0.55,0.075,0.985,271.6703538755199,0.7857142857142857,28,22,6,0.11571169723570264,533.3897919955199,471.6703538755199,19335,0.03783783783783784,0.10714285714285714,712,2,2,298.57142857142856,0.012425269368040621,10141915,0,8259710,17,1879378,7,4,729,7,2,19,0,2,710,7,4,19320,0,0,0,0,0,6.847046124479999,278.5173999999999,271.6703538755199,94.988247625
0.0016,0.55,0.1,0.965,308.4608371379199,0.7857142857142857,28,22,6,0.13745849823805156,589.4914460339199,508.4608371379199,19333,0.03783783783783784,0.14285714285714285,712,2,2,298.57142857142856,0.011986927727080206,10141915,0,8259720,3,1879382,7,4,729,7,2,19,0,2,710,7,3,19320,0,0,0,0,0,8.063562862080001,316.5243999999999,308.4608371379199,95.504513959
0.0016,0.55,0.1,0.97,308.4608371379199,0.7857142857142857,28,22,6,0.13745849823805156,589.4914460339199,508.4608371379199,19333,0.03783783783783784,0.14285714285714285,712,2,2,298.57142857142856,0.011986927727080206,10141915,0,8259719,5,1879381,7,4,729,7,2,19,0,2,710,7,3,19320,0,0,0,0,0,8.063562862080001,316.5243999999999,308.4608371379199,95.066741416
0.0016,0.55,0.1,0.975,308.4608371379199,0.7857142857142857,28,22,6,0.13745849823805156,589.4914460339199,508.4608371379199,19335,0.03783783783783784,0.14285714285714285,712,2,2,298.57142857142856,0.011986927727080206,10141915,0,8259719,5,1879381,7,4,729,7,2,19,0,2,710,7,4,19320,0,0,0,0,0,8.063562862080001,316.5243999999999,308.4608371379199,95.102143167
0.0016,0.55,0.1,0.98,308.4608371379199,0.7857142857142857,28,22,6,0.13745849823805156,589.4914460339199,508.4608371379199,19335,0.03783783783783784,0.14285714285714285,712,2,2,298.57142857142856,0.011986927727080206,10141915,0,8259710,17,1879378,7,4,729,7,2,19,0,2,710,7,4,19320,0,0,0,0,0,8.063562862080001,316.5243999999999,308.4608371379199,96.4509825
0.0016,0.55,0.1,0.985,308.4608371379199,0.7857142857142857,28,22,6,0.13745849823805156,589.4914460339199,508.4608371379199,19335,0.03783783783783784,0.14285714285714285,712,2,2,298.57142857142856,0.011986927727080206,10141915,0,8259710,17,1879378,7,4,729,7,2,19,0,2,710,7,4,19320,0,0,0,0,0,8.063562862080001,316.5243999999999,308.4608371379199,95.72719875
0.0016,0.55,0.125,0.965,324.08119757887994,0.7857142857142857,28,22,6,0.16064055311771044,624.38231859488,524.0811975788799,19333,0.03783783783783784,0.21428571428571427,712,2,2,298.57142857142856,0.011467833858453267,10141915,0,8259720,3,1879382,7,4,729,7,2,19,0,2,710,7,3,19320,0,0,0,0,0,9.01140242112,333.09259999999995,324.08119757887994,95.091918667
0.0016,0.55,0.125,0.97,324.08119757887994,0.7857142857142857,28,22,6,0.16064055311771044,624.38231859488,524.0811975788799,19333,0.03783783783783784,0.21428571428571427,712,2,2,298.57142857142856,0.011467833858453267,10141915,0,8259719,5,1879381,7,4,729,7,2,19,0,2,710,7,3,19320,0,0,0,0,0,9.01140242112,333.09259999999995,324.08119757887994,96.325283083
0.0016,0.55,0.125,0.975,324.08119757887994,0.7857142857142857,28,22,6,0.16064055311771044,624.38231859488,524.0811975788799,19335,0.03783783783783784,0.21428571428571427,712,2,2,298.57142857142856,0.011467833858453267,10141915,0,8259719,5,1879381,7,4,729,7,2,19,0,2,710,7,4,19320,0,0,0,0,0,9.01140242112,333.09259999999995,324.08119757887994,95.81084125
0.0016,0.55,0.125,0.98,324.08119757887994,0.7857142857142857,28,22,6,0.16064055311771044,624.38231859488,524.0811975788799,19335,0.03783783783783784,0.21428571428571427,712,2,2,298.57142857142856,0.011467833858453267,10141915,0,8259710,17,1879378,7,4,729,7,2,19,0,2,710,7,4,19320,0,0,0,0,0,9.01140242112,333.09259999999995,324.08119757887994,96.19230125
0.0016,0.55,0.125,0.985,324.08119757887994,0.7857142857142857,28,22,6,0.16064055311771044,624.38231859488,524.0811975788799,19335,0.03783783783783784,0.21428571428571427,712,2,2,298.57142857142856,0.011467833858453267,10141915,0,8259710,17,1879378,7,4,729,7,2,19,0,2,710,7,4,19320,0,0,0,0,0,9.01140242112,333.09259999999995,324.08119757887994,96.404637
0.0016,0.6,0.03,0.965,262.4219269002399,0.8108108108108109,37,30,7,0.0686041758478184,496.4827143402399,462.4219269002399,19333,0.06890130353817504,0.10810810810810811,500,2,2,299.5945945945946,0.007535969635448847,10141915,0,8259720,3,1879382,6,4,527,5,2,30,1,2,497,7,3,19320,0,0,0,0,0,7.76657309976,270.1884999999999,262.4219269002399,96.322410916
0.0016,0.6,0.03,0.97,262.4219269002399,0.8108108108108109,37,30,7,0.0686041758478184,496.4827143402399,462.4219269002399,19333,0.06890130353817504,0.10810810810810811,500,2,2,299.5945945945946,0.007535969635448847,10141915,0,8259719,5,1879381,6,4,527,5,2,30,1,2,497,7,3,19320,0,0,0,0,0,7.76657309976,270.1884999999999,262.4219269002399,96.209782875
0.0016,0.6,0.03,0.975,262.4219269002399,0.8108108108108109,37,30,7,0.0686041758478184,496.4827143402399,462.4219269002399,19335,0.06890130353817504,0.10810810810810811,500,2,2,299.5945945945946,0.007535969635448847,10141915,0,8259719,5,1879381,6,4,527,5,2,30,1,2,497,7,4,19320,0,0,0,0,0,7.76657309976,270.1884999999999,262.4219269002399,96.121347833
0.0016,0.6,0.03,0.98,262.4219269002399,0.8108108108108109,37,30,7,0.0686041758478184,496.4827143402399,462.4219269002399,19335,0.06890130353817504,0.10810810810810811,500,2,2,299.5945945945946,0.007535969635448847,10141915,0,8259710,17,1879378,6,4,527,5,2,30,1,2,497,7,4,19320,0,0,0,0,0,7.76657309976,270.1884999999999,262.4219269002399,95.328870875
0.0016,0.6,0.03,0.985,262.4219269002399,0.8108108108108109,37,30,7,0.0686041758478184,496.4827143402399,462.4219269002399,19335,0.06890130353817504,0.10810810810810811,500,2,2,299.5945945945946,0.007535969635448847,10141915,0,8259710,17,1879378,6,4,527,5,2,30,1,2,497,7,4,19320,0,0,0,0,0,7.76657309976,270.1884999999999,262.4219269002399,95.782098792
0.0016,0.6,0.05,0.965,317.66573086024005,0.8205128205128205,39,32,7,0.08601863304831178,566.38543145224,517.66573086024,19333,0.0724907063197026,0.10256410256410256,499,2,2,297.46153846153845,0.008100099693534688,10141915,0,8259720,3,1879382,7,4,527,7,2,30,0,2,497,7,3,19320,0,0,0,0,0,9.132769139760002,326.79850000000005,317.66573086024005,95.636385292
0.0016,0.6,0.05,0.97,317.66573086024005,0.8205128205128205,39,32,7,0.08601863304831178,566.38543145224,517.66573086024,19333,0.0724907063197026,0.10256410256410256,499,2,2,297.46153846153845,0.008100099693534688,10141915,0,8259719,5,1879381,7,4,527,7,2,30,0,2,497,7,3,19320,0,0,0,0,0,9.132769139760002,326.79850000000005,317.66573086024005,96.609914333
0.0016,0.6,0.05,0.975,317.66573086024005,0.8205128205128205,39,32,7,0.08601863304831178,566.38543145224,517.66573086024,19335,0.0724907063197026,0.10256410256410256,499,2,2,297.46153846153845,0.008100099693534688,10141915,0,8259719,5,1879381,7,4,527,7,2,30,0,2,497,7,4,19320,0,0,0,0,0,9.132769139760002,326.79850000000005,317.66573086024005,95.219733917
0.0016,0.6,0.05,0.98,317.66573086024005,0.8205128205128205,39,32,7,0.08601863304831178,566.38543145224,517.66573086024,19335,0.0724907063197026,0.10256410256410256,499,2,2,297.46153846153845,0.008100099693534688,10141915,0,8259710,17,1879378,7,4,527,7,2,30,0,2,497,7,4,19320,0,0,0,0,0,9.132769139760002,326.79850000000005,317.66573086024005,95.340846042
0.0016,0.6,0.05,0.985,317.66573086024005,0.8205128205128205,39,32,7,0.08601863304831178,566.38543145224,517.66573086024,19335,0.0724907063197026,0.10256410256410256,499,2,2,297.46153846153845,0.008100099693534688,10141915,0,8259710,17,1879378,7,4,527,7,2,30,0,2,497,7,4,19320,0,0,0,0,0,9.132769139760002,326.79850000000005,317.66573086024005,95.645173167
0.0016,0.6,0.075,0.965,357.12159852423997,0.8205128205128205,39,32,7,0.10582338745076059,623.05543525224,557.12159852424,19333,0.0724907063197026,0.1282051282051282,499,2,2,297.46153846153845,0.008819430941733097,10141915,0,8259720,3,1879382,7,4,527,7,2,30,0,2,497,7,3,19320,0,0,0,0,0,10.356901475759999,367.4785,357.12159852423997,95.462569042
0.0016,0.6,0.075,0.97,357.12159852423997,0.8205128205128205,39,32,7,0.10582338745076059,623.05543525224,557.12159852424,19333,0.0724907063197026,0.1282051282051282,499,2,2,297.46153846153845,0.008819430941733097,10141915,0,8259719,5,1879381,7,4,527,7,2,30,0,2,497,7,3,19320,0,0,0,0,0,10.356901475759999,367.4785,357.12159852423997,93.538476333
0.0016,0.6,0.075,0.975,357.12159852423997,0.8205128205128205,39,32,7,0.10582338745076059,623.05543525224,557.12159852424,19335,0.0724907063197026,0.1282051282051282,499,2,2,297.46153846153845,0.008819430941733097,10141915,0,8259719,5,1879381,7,4,527,7,2,30,0,2,497,7,4,19320,0,0,0,0,0,10.356901475759999,367.4785,357.12159852423997,98.837013125
0.0016,0.6,0.075,0.98,357.12159852423997,0.8205128205128205,39,32,7,0.10582338745076059,623.05543525224,557.12159852424,19335,0.0724907063197026,0.1282051282051282,499,2,2,297.46153846153845,0.008819430941733097,10141915,0,8259710,17,1879378,7,4,527,7,2,30,0,2,497,7,4,19320,0,0,0,0,0,10.356901475759999,367.4785,357.12159852423997,94.892209417
0.0016,0.6,0.075,0.985,357.12159852423997,0.8205128205128205,39,32,7,0.10582338745076059,623.05543525224,557.12159852424,19335,0.0724907063197026,0.1282051282051282,499,2,2,297.46153846153845,0.008819430941733097,10141915,0,8259710,17,1879378,7,4,527,7,2,30,0,2,497,7,4,19320,0,0,0,0,0,10.356901475759999,367.4785,357.12159852423997,94.110733916
0.0016,0.6,0.1,0.965,379.66917060264007,0.8205128205128205,39,32,7,0.12681423293428223,663.85549612264,579.6691706026401,19333,0.0724907063197026,0.15384615384615385,499,2,2,297.46153846153845,0.008540839782108987,10141915,0,8259720,3,1879382,7,4,527,7,2,30,0,2,497,7,3,19320,0,0,0,0,0,11.31632939736,390.98550000000006,379.66917060264007,96.243508459
0.0016,0.6,0.1,0.97,379.66917060264007,0.8205128205128205,39,32,7,0.12681423293428223,663.85549612264,579.6691706026401,19333,0.0724907063197026,0.15384615384615385,499,2,2,297.46153846153845,0.008540839782108987,10141915,0,8259719,5,1879381,7,4,527,7,2,30,0,2,497,7,3,19320,0,0,0,0,0,11.31632939736,390.98550000000006,379.66917060264007,94.264670208
0.0016,0.6,0.1,0.975,379.66917060264007,0.8205128205128205,39,32,7,0.12681423293428223,663.85549612264,579.6691706026401,19335,0.0724907063197026,0.15384615384615385,499,2,2,297.46153846153845,0.008540839782108987,10141915,0,8259719,5,1879381,7,4,527,7,2,30,0,2,497,7,4,19320,0,0,0,0,0,11.31632939736,390.98550000000006,379.66917060264007,95.681172542
0.0016,0.6,0.1,0.98,379.66917060264007,0.8205128205128205,39,32,7,0.12681423293428223,663.85549612264,579.6691706026401,19335,0.0724907063197026,0.15384615384615385,499,2,2,297.46153846153845,0.008540839782108987,10141915,0,8259710,17,1879378,7,4,527,7,2,30,0,2,497,7,4,19320,0,0,0,0,0,11.31632939736,390.98550000000006,379.66917060264007,98.826199208
0.0016,0.6,0.1,0.985,379.66917060264007,0.8205128205128205,39,32,7,0.12681423293428223,663.85549612264,579.6691706026401,19335,0.0724907063197026,0.15384615384615385,499,2,2,297.46153846153845,0.008540839782108987,10141915,0,8259710,17,1879378,7,4,527,7,2,30,0,2,497,7,4,19320,0,0,0,0,0,11.31632939736,390.98550000000006,379.66917060264007,215.595402125
0.0016,0.6,0.125,0.965,389.68402573159995,0.8205128205128205,39,32,7,0.14731698859342532,691.5630050596,589.6840257316,19333,0.0724907063197026,0.1794871794871795,499,2,2,297.46153846153845,0.008135575661302574,10141915,0,8259720,3,1879382,7,4,527,7,2,30,0,2,497,7,3,19320,0,0,0,0,0,12.149674268399998,401.83369999999996,389.68402573159995,212.0692465
0.0016,0.6,0.125,0.97,389.68402573159995,0.8205128205128205,39,32,7,0.14731698859342532,691.5630050596,589.6840257316,19333,0.0724907063197026,0.1794871794871795,499,2,2,297.46153846153845,0.008135575661302574,10141915,0,8259719,5,1879381,7,4,527,7,2,30,0,2,497,7,3,19320,0,0,0,0,0,12.149674268399998,401.83369999999996,389.68402573159995,208.402018292
0.0016,0.6,0.125,0.975,389.68402573159995,0.8205128205128205,39,32,7,0.14731698859342532,691.5630050596,589.6840257316,19335,0.0724907063197026,0.1794871794871795,499,2,2,297.46153846153845,0.008135575661302574,10141915,0,8259719,5,1879381,7,4,527,7,2,30,0,2,497,7,4,19320,0,0,0,0,0,12.149674268399998,401.83369999999996,389.68402573159995,139.935181125
0.0016,0.6,0.125,0.98,389.68402573159995,0.8205128205128205,39,32,7,0.14731698859342532,691.5630050596,589.6840257316,19335,0.0724907063197026,0.1794871794871795,499,2,2,297.46153846153845,0.008135575661302574,10141915,0,8259710,17,1879378,7,4,527,7,2,30,0,2,497,7,4,19320,0,0,0,0,0,12.149674268399998,401.83369999999996,389.68402573159995,97.101746209
0.0016,0.6,0.125,0.985,389.68402573159995,0.8205128205128205,39,32,7,0.14731698859342532,691.5630050596,589.6840257316,19335,0.0724907063197026,0.1794871794871795,499,2,2,297.46153846153845,0.008135575661302574,10141915,0,8259710,17,1879378,7,4,527,7,2,30,0,2,497,7,4,19320,0,0,0,0,0,12.149674268399998,401.83369999999996,389.68402573159995,98.5861695
0.0016,0.65,0.03,0.965,337.16853460871994,0.8245614035087719,57,47,10,0.11803970709830056,609.06203933672,537.1685346087199,19336,0.21755725190839695,0.10526315789473684,205,2,2,296.94736842105266,0.007639432582704121,10141915,0,8237097,3,1874839,9,4,249,7,2,48,2,2,201,10,3,19320,0,0,0,0,0,13.994365391279997,351.1628999999999,337.16853460871994,97.054321833
0.0016,0.65,0.03,0.97,337.16853460871994,0.8245614035087719,57,47,10,0.11803970709830056,609.06203933672,537.1685346087199,19336,0.21755725190839695,0.10526315789473684,205,2,2,296.94736842105266,0.007639432582704121,10141915,0,8237096,5,1874838,9,4,249,7,2,48,2,2,201,10,3,19320,0,0,0,0,0,13.994365391279997,351.1628999999999,337.16853460871994,96.105231291
0.0016,0.65,0.03,0.975,337.16853460871994,0.8245614035087719,57,47,10,0.11803970709830056,609.06203933672,537.1685346087199,19338,0.21755725190839695,0.10526315789473684,205,2,2,296.94736842105266,0.007639432582704121,10141915,0,8237096,5,1874838,9,4,249,7,2,48,2,2,201,10,4,19320,0,0,0,0,0,13.994365391279997,351.1628999999999,337.16853460871994,95.849346833
0.0016,0.65,0.03,0.98,337.16853460871994,0.8245614035087719,57,47,10,0.11803970709830056,609.06203933672,537.1685346087199,19338,0.21755725190839695,0.10526315789473684,205,2,2,296.94736842105266,0.007639432582704121,10141915,0,8237087,17,1874835,9,4,249,7,2,48,2,2,201,10,4,19320,0,0,0,0,0,13.994365391279997,351.1628999999999,337.16853460871994,96.934899416
0.0016,0.65,0.03,0.985,337.16853460871994,0.8245614035087719,57,47,10,0.11803970709830056,609.06203933672,537.1685346087199,19338,0.21755725190839695,0.10526315789473684,205,2,2,296.94736842105266,0.007639432582704121,10141915,0,8237087,17,1874835,9,4,249,7,2,48,2,2,201,10,4,19320,0,0,0,0,0,13.994365391279997,351.1628999999999,337.16853460871994,96.302618041
0.0016,0.65,0.05,0.965,411.05470218471976,0.8305084745762712,59,49,10,0.13316631102248605,704.9272656967198,611.0547021847198,19336,0.22433460076045628,0.11864406779661017,204,2,2,295.6271186440678,0.007815518261704575,10141915,0,8237097,3,1874839,10,4,249,9,2,48,1,2,201,10,3,19320,0,0,0,0,0,16.43819781528,427.49289999999974,411.05470218471976,95.453657167
0.0016,0.65,0.05,0.97,411.05470218471976,0.8305084745762712,59,49,10,0.13316631102248605,704.9272656967198,611.0547021847198,19336,0.22433460076045628,0.11864406779661017,204,2,2,295.6271186440678,0.007815518261704575,10141915,0,8237096,5,1874838,10,4,249,9,2,48,1,2,201,10,3,19320,0,0,0,0,0,16.43819781528,427.49289999999974,411.05470218471976,95.486830708
0.0016,0.65,0.05,0.975,411.05470218471976,0.8305084745762712,59,49,10,0.13316631102248605,704.9272656967198,611.0547021847198,19338,0.22433460076045628,0.11864406779661017,204,2,2,295.6271186440678,0.007815518261704575,10141915,0,8237096,5,1874838,10,4,249,9,2,48,1,2,201,10,4,19320,0,0,0,0,0,16.43819781528,427.49289999999974,411.05470218471976,96.11003025
0.0016,0.65,0.05,0.98,411.05470218471976,0.8305084745762712,59,49,10,0.13316631102248605,704.9272656967198,611.0547021847198,19338,0.22433460076045628,0.11864406779661017,204,2,2,295.6271186440678,0.007815518261704575,10141915,0,8237087,17,1874835,10,4,249,9,2,48,1,2,201,10,4,19320,0,0,0,0,0,16.43819781528,427.49289999999974,411.05470218471976,95.192855542
0.0016,0.65,0.05,0.985,411.05470218471976,0.8305084745762712,59,49,10,0.13316631102248605,704.9272656967198,611.0547021847198,19338,0.22433460076045628,0.11864406779661017,204,2,2,295.6271186440678,0.007815518261704575,10141915,0,8237087,17,1874835,10,4,249,9,2,48,1,2,201,10,4,19320,0,0,0,0,0,16.43819781528,427.49289999999974,411.05470218471976,95.022247125
0.0016,0.65,0.075,0.965,463.60863823912007,0.8305084745762712,59,49,10,0.15089949300990185,781.54309504712,663.6086382391201,19336,0.22433460076045628,0.15254237288135594,204,2,2,295.6271186440678,0.008063881387031874,10141915,0,8237097,3,1874839,10,4,249,9,2,48,1,2,201,10,3,19320,0,0,0,0,0,18.601261760879996,482.20990000000006,463.60863823912007,95.662348
0.0016,0.65,0.075,0.97,463.60863823912007,0.8305084745762712,59,49,10,0.15089949300990185,781.54309504712,663.6086382391201,19336,0.22433460076045628,0.15254237288135594,204,2,2,295.6271186440678,0.008063881387031874,10141915,0,8237096,5,1874838,10,4,249,9,2,48,1,2,201,10,3,19320,0,0,0,0,0,18.601261760879996,482.20990000000006,463.60863823912007,95.939919458
0.0016,0.65,0.075,0.975,463.60863823912007,0.8305084745762712,59,49,10,0.15089949300990185,781.54309504712,663.6086382391201,19338,0.22433460076045628,0.15254237288135594,204,2,2,295.6271186440678,0.008063881387031874,10141915,0,8237096,5,1874838,10,4,249,9,2,48,1,2,201,10,4,19320,0,0,0,0,0,18.601261760879996,482.20990000000006,463.60863823912007,94.521942584
0.0016,0.65,0.075,0.98,463.60863823912007,0.8305084745762712,59,49,10,0.15089949300990185,781.54309504712,663.6086382391201,19338,0.22433460076045628,0.15254237288135594,204,2,2,295.6271186440678,0.008063881387031874,10141915,0,8237087,17,1874835,10,4,249,9,2,48,1,2,201,10,4,19320,0,0,0,0,0,18.601261760879996,482.20990000000006,463.60863823912007,95.529500084
0.0016,0.65,0.075,0.985,463.60863823912007,0.8305084745762712,59,49,10,0.15089949300990185,781.54309504712,663.6086382391201,19338,0.22433460076045628,0.15254237288135594,204,2,2,295.6271186440678,0.008063881387031874,10141915,0,8237087,17,1874835,10,4,249,9,2,48,1,2,201,10,4,19320,0,0,0,0,0,18.601261760879996,482.20990000000006,463.60863823912007,95.811855208
0.0016,0.65,0.1,0.965,504.3613911360799,0.8305084745762712,59,49,10,0.1691956360109498,847.8065615280798,704.3613911360799,19336,0.22433460076045628,0.1694915254237288,204,2,2,295.6271186440678,0.007592882820662662,10141915,0,8237097,3,1874839,10,4,249,9,2,48,1,2,201,10,3,19320,0,0,0,0,0,20.666708863919997,525.0280999999999,504.3613911360799,95.786976833
0.0016,0.65,0.1,0.97,504.3613911360799,0.8305084745762712,59,49,10,0.1691956360109498,847.8065615280798,704.3613911360799,19336,0.22433460076045628,0.1694915254237288,204,2,2,295.6271186440678,0.007592882820662662,10141915,0,8237096,5,1874838,10,4,249,9,2,48,1,2,201,10,3,19320,0,0,0,0,0,20.666708863919997,525.0280999999999,504.3613911360799,96.824762042
0.0016,0.65,0.1,0.975,504.3613911360799,0.8305084745762712,59,49,10,0.1691956360109498,847.8065615280798,704.3613911360799,19338,0.22433460076045628,0.1694915254237288,204,2,2,295.6271186440678,0.007592882820662662,10141915,0,8237096,5,1874838,10,4,249,9,2,48,1,2,201,10,4,19320,0,0,0,0,0,20.666708863919997,525.0280999999999,504.3613911360799,97.619650709
0.0016,0.65,0.1,0.98,504.3613911360799,0.8305084745762712,59,49,10,0.1691956360109498,847.8065615280798,704.3613911360799,19338,0.22433460076045628,0.1694915254237288,204,2,2,295.6271186440678,0.007592882820662662,10141915,0,8237087,17,1874835,10,4,249,9,2,48,1,2,201,10,4,19320,0,0,0,0,0,20.666708863919997,525.0280999999999,504.3613911360799,97.167326917
0.0016,0.65,0.1,0.985,504.3613911360799,0.8305084745762712,59,49,10,0.1691956360109498,847.8065615280798,704.3613911360799,19338,0.22433460076045628,0.1694915254237288,204,2,2,295.6271186440678,0.007592882820662662,10141915,0,8237087,17,1874835,10,4,249,9,2,48,1,2,201,10,4,19320,0,0,0,0,0,20.666708863919997,525.0280999999999,504.3613911360799,96.081156417
0.0016,0.65,0.125,0.965,518.4572958636797,0.8305084745762712,59,49,10,0.1879339529661906,884.7276628396799,718.4572958636797,19336,0.22433460076045628,0.2033898305084746,204,2,2,295.6271186440678,0.007321533849820226,10141915,0,8237097,3,1874839,10,4,249,9,2,48,1,2,201,10,3,19320,0,0,0,0,0,22.109304136319995,540.5665999999998,518.4572958636797,95.537515042
0.0016,0.65,0.125,0.97,518.4572958636797,0.8305084745762712,59,49,10,0.1879339529661906,884.7276628396799,718.4572958636797,19336,0.22433460076045628,0.2033898305084746,204,2,2,295.6271186440678,0.007321533849820226,10141915,0,8237096,5,1874838,10,4,249,9,2,48,1,2,201,10,3,19320,0,0,0,0,0,22.109304136319995,540.5665999999998,518.4572958636797,96.723819333
0.0016,0.65,0.125,0.975,518.4572958636797,0.8305084745762712,59,49,10,0.1879339529661906,884.7276628396799,718.4572958636797,19338,0.22433460076045628,0.2033898305084746,204,2,2,295.6271186440678,0.007321533849820226,10141915,0,8237096,5,1874838,10,4,249,9,2,48,1,2,201,10,4,19320,0,0,0,0,0,22.109304136319995,540.5665999999998,518.4572958636797,95.078527
0.0016,0.65,0.125,0.98,518.4572958636797,0.8305084745762712,59,49,10,0.1879339529661906,884.7276628396799,718.4572958636797,19338,0.22433460076045628,0.2033898305084746,204,2,2,295.6271186440678,0.007321533849820226,10141915,0,8237087,17,1874835,10,4,249,9,2,48,1,2,201,10,4,19320,0,0,0,0,0,22.109304136319995,540.5665999999998,518.4572958636797,95.362730375
0.0016,0.65,0.125,0.985,518.4572958636797,0.8305084745762712,59,49,10,0.1879339529661906,884.7276628396799,718.4572958636797,19338,0.22433460076045628,0.2033898305084746,204,2,2,295.6271186440678,0.007321533849820226,10141915,0,8237087,17,1874835,10,4,249,9,2,48,1,2,201,10,4,19320,0,0,0,0,0,22.109304136319995,540.5665999999998,518.4572958636797,95.968714125
0.0016,0.7,0.03,0.965,298.6500158212001,0.8026315789473685,76,61,15,0.16385698294047538,596.3692880852002,498.6500158212001,19346,0.4935064935064935,0.05263157894736842,78,2,2,297.05263157894734,0.010867826491426107,10141915,0,8259720,3,1879382,17,4,133,14,2,60,3,2,73,20,3,19320,0,0,0,0,0,17.087484178799993,315.73750000000007,298.6500158212001,96.074945416
0.0016,0.7,0.03,0.97,298.6500158212001,0.8026315789473685,76,61,15,0.16385698294047538,596.3692880852002,498.6500158212001,19346,0.4935064935064935,0.05263157894736842,78,2,2,297.05263157894734,0.010867826491426107,10141915,0,8259719,5,1879381,17,4,133,14,2,60,3,2,73,20,3,19320,0,0,0,0,0,17.087484178799993,315.73750000000007,298.6500158212001,97.134124625
0.0016,0.7,0.03,0.975,298.6500158212001,0.8026315789473685,76,61,15,0.16385698294047538,596.3692880852002,498.6500158212001,19348,0.4935064935064935,0.05263157894736842,78,2,2,297.05263157894734,0.010867826491426107,10141915,0,8259719,5,1879381,17,4,133,14,2,60,3,2,73,20,4,19320,0,0,0,0,0,17.087484178799993,315.73750000000007,298.6500158212001,96.686660416
0.0016,0.7,0.03,0.98,298.6500158212001,0.8026315789473685,76,61,15,0.16385698294047538,596.3692880852002,498.6500158212001,19348,0.4935064935064935,0.05263157894736842,78,2,2,297.05263157894734,0.010867826491426107,10141915,0,8259710,17,1879378,17,4,133,14,2,60,3,2,73,20,4,19320,0,0,0,0,0,17.087484178799993,315.73750000000007,298.6500158212001,95.387826084
0.0016,0.7,0.03,0.985,298.6500158212001,0.8026315789473685,76,61,15,0.16385698294047538,596.3692880852002,498.6500158212001,19348,0.4935064935064935,0.05263157894736842,78,2,2,297.05263157894734,0.010867826491426107,10141915,0,8259710,17,1879378,17,4,133,14,2,60,3,2,73,20,4,19320,0,0,0,0,0,17.087484178799993,315.73750000000007,298.6500158212001,95.413402833
0.0016,0.7,0.05,0.965,374.2838763287201,0.8076923076923077,78,63,15,0.18379701439045934,703.6042338167199,574.2838763287201,19346,0.5,0.07692307692307693,78,2,2,295.85897435897436,0.009323682633350237,10141915,0,8259720,3,1879382,19,4,133,16,2,60,3,2,73,20,3,19320,0,0,0,0,0,20.76102367127999,395.0449000000001,374.2838763287201,95.686150125
0.0016,0.7,0.05,0.97,374.2838763287201,0.8076923076923077,78,63,15,0.18379701439045934,703.6042338167199,574.2838763287201,19346,0.5,0.07692307692307693,78,2,2,295.85897435897436,0.009323682633350237,10141915,0,8259719,5,1879381,19,4,133,16,2,60,3,2,73,20,3,19320,0,0,0,0,0,20.76102367127999,395.0449000000001,374.2838763287201,96.840782292
0.0016,0.7,0.05,0.975,374.2838763287201,0.8076923076923077,78,63,15,0.18379701439045934,703.6042338167199,574.2838763287201,19348,0.5,0.07692307692307693,78,2,2,295.85897435897436,0.009323682633350237,10141915,0,8259719,5,1879381,19,4,133,16,2,60,3,2,73,20,4,19320,0,0,0,0,0,20.76102367127999,395.0449000000001,374.2838763287201,98.120534166
0.0016,0.7,0.05,0.98,374.2838763287201,0.8076923076923077,78,63,15,0.18379701439045934,703.6042338167199,574.2838763287201,19348,0.5,0.07692307692307693,78,2,2,295.85897435897436,0.009323682633350237,10141915,0,8259710,17,1879378,19,4,133,16,2,60,3,2,73,20,4,19320,0,0,0,0,0,20.76102367127999,395.0449000000001,374.2838763287201,95.605653334
0.0016,0.7,0.05,0.985,374.2838763287201,0.8076923076923077,78,63,15,0.18379701439045934,703.6042338167199,574.2838763287201,19348,0.5,0.07692307692307693,78,2,2,295.85897435897436,0.009323682633350237,10141915,0,8259710,17,1879378,19,4,133,16,2,60,3,2,73,20,4,19320,0,0,0,0,0,20.76102367127999,395.0449000000001,374.2838763287201,94.754084375
0.0016,0.7,0.075,0.965,421.8816035047197,0.8076923076923077,78,63,15,0.2082466679709626,785.4486723927198,621.8816035047197,19346,0.5,0.10256410256410256,78,2,2,295.85897435897436,0.00914149667310414,10141915,0,8259720,3,1879382,19,4,133,16,2,60,3,2,73,20,3,19320,0,0,0,0,0,24.52529649528,446.40689999999967,421.8816035047197,95.07504475
0.0016,0.7,0.075,0.97,421.8816035047197,0.8076923076923077,78,63,15,0.2082466679709626,785.4486723927198,621.8816035047197,19346,0.5,0.10256410256410256,78,2,2,295.85897435897436,0.00914149667310414,10141915,0,8259719,5,1879381,19,4,133,16,2,60,3,2,73,20,3,19320,0,0,0,0,0,24.52529649528,446.40689999999967,421.8816035047197,95.087770584
0.0016,0.7,0.075,0.975,421.8816035047197,0.8076923076923077,78,63,15,0.2082466679709626,785.4486723927198,621.8816035047197,19348,0.5,0.10256410256410256,78,2,2,295.85897435897436,0.00914149667310414,10141915,0,8259719,5,1879381,19,4,133,16,2,60,3,2,73,20,4,19320,0,0,0,0,0,24.52529649528,446.40689999999967,421.8816035047197,96.193115375
0.0016,0.7,0.075,0.98,421.8816035047197,0.8076923076923077,78,63,15,0.2082466679709626,785.4486723927198,621.8816035047197,19348,0.5,0.10256410256410256,78,2,2,295.85897435897436,0.00914149667310414,10141915,0,8259710,17,1879378,19,4,133,16,2,60,3,2,73,20,4,19320,0,0,0,0,0,24.52529649528,446.40689999999967,421.8816035047197,96.711439166
0.0016,0.7,0.075,0.985,421.8816035047197,0.8076923076923077,78,63,15,0.2082466679709626,785.4486723927198,621.8816035047197,19348,0.5,0.10256410256410256,78,2,2,295.85897435897436,0.00914149667310414,10141915,0,8259710,17,1879378,19,4,133,16,2,60,3,2,73,20,4,19320,0,0,0,0,0,24.52529649528,446.40689999999967,421.8816035047197,96.967425708
0.0016,0.7,0.1,0.965,456.05401456711957,0.8076923076923077,78,63,15,0.23383766273885126,856.2859105191196,656.0540145671196,19346,0.5,0.11538461538461539,78,2,2,295.85897435897436,0.008420167837986216,10141915,0,8259720,3,1879382,19,4,133,16,2,60,3,2,73,20,3,19320,0,0,0,0,0,28.16988543288,484.22389999999956,456.05401456711957,95.507165458
0.0016,0.7,0.1,0.97,456.05401456711957,0.8076923076923077,78,63,15,0.23383766273885126,856.2859105191196,656.0540145671196,19346,0.5,0.11538461538461539,78,2,2,295.85897435897436,0.008420167837986216,10141915,0,8259719,5,1879381,19,4,133,16,2,60,3,2,73,20,3,19320,0,0,0,0,0,28.16988543288,484.22389999999956,456.05401456711957,95.156603708
0.0016,0.7,0.1,0.975,456.05401456711957,0.8076923076923077,78,63,15,0.23383766273885126,856.2859105191196,656.0540145671196,19348,0.5,0.11538461538461539,78,2,2,295.85897435897436,0.008420167837986216,10141915,0,8259719,5,1879381,19,4,133,16,2,60,3,2,73,20,4,19320,0,0,0,0,0,28.16988543288,484.22389999999956,456.05401456711957,95.910232792
0.0016,0.7,0.1,0.98,456.05401456711957,0.8076923076923077,78,63,15,0.23383766273885126,856.2859105191196,656.0540145671196,19348,0.5,0.11538461538461539,78,2,2,295.85897435897436,0.008420167837986216,10141915,0,8259710,17,1879378,19,4,133,16,2,60,3,2,73,20,4,19320,0,0,0,0,0,28.16988543288,484.22389999999956,456.05401456711957,96.756378292
0.0016,0.7,0.1,0.985,456.05401456711957,0.8076923076923077,78,63,15,0.23383766273885126,856.2859105191196,656.0540145671196,19348,0.5,0.11538461538461539,78,2,2,295.85897435897436,0.008420167837986216,10141915,0,8259710,17,1879378,19,4,133,16,2,60,3,2,73,20,4,19320,0,0,0,0,0,28.16988543288,484.22389999999956,456.05401456711957,98.347295125
0.0016,0.7,0.125,0.965,482.9701335907199,0.8076923076923077,78,63,15,0.2574314090827425,919.7401316787199,682.9701335907199,19346,0.5,0.16666666666666666,78,2,2,295.85897435897436,0.00788561860579434,10141915,0,8259720,3,1879382,19,4,133,16,2,60,3,2,73,20,3,19320,0,0,0,0,0,31.38766640927999,514.3577999999999,482.9701335907199,95.790123541
0.0016,0.7,0.125,0.97,482.9701335907199,0.8076923076923077,78,63,15,0.2574314090827425,919.7401316787199,682.9701335907199,19346,0.5,0.16666666666666666,78,2,2,295.85897435897436,0.00788561860579434,10141915,0,8259719,5,1879381,19,4,133,16,2,60,3,2,73,20,3,19320,0,0,0,0,0,31.38766640927999,514.3577999999999,482.9701335907199,95.25463475
0.0016,0.7,0.125,0.975,482.9701335907199,0.8076923076923077,78,63,15,0.2574314090827425,919.7401316787199,682.9701335907199,19348,0.5,0.16666666666666666,78,2,2,295.85897435897436,0.00788561860579434,10141915,0,8259719,5,1879381,19,4,133,16,2,60,3,2,73,20,4,19320,0,0,0,0,0,31.38766640927999,514.3577999999999,482.9701335907199,94.786866667
0.0016,0.7,0.125,0.98,482.9701335907199,0.8076923076923077,78,63,15,0.2574314090827425,919.7401316787199,682.9701335907199,19348,0.5,0.16666666666666666,78,2,2,295.85897435897436,0.00788561860579434,10141915,0,8259710,17,1879378,19,4,133,16,2,60,3,2,73,20,4,19320,0,0,0,0,0,31.38766640927999,514.3577999999999,482.9701335907199,95.190142542
0.0016,0.7,0.125,0.985,482.9701335907199,0.8076923076923077,78,63,15,0.2574314090827425,919.7401316787199,682.9701335907199,19348,0.5,0.16666666666666666,78,2,2,295.85897435897436,0.00788561860579434,10141915,0,8259710,17,1879378,19,4,133,16,2,60,3,2,73,20,4,19320,0,0,0,0,0,31.38766640927999,514.3577999999999,482.9701335907199,95.041489084
0.0018,0.5,0.03,0.965,94.77396372800001,0.7142857142857143,14,10,4,0.04659178149523382,294.773963728,294.773963728,19328,0.0170316301703163,0.14285714285714285,808,1,1,282.5,0.016605216911891384,10141915,0,8259720,3,1879382,1,2,819,1,1,12,0,1,807,2,3,19320,0,0,0,0,0,1.951036272,96.72500000000001,94.77396372800001,94.831634541
0.0018,0.5,0.03,0.97,94.77396372800001,0.7142857142857143,14,10,4,0.04659178149523382,294.773963728,294.773963728,19328,0.0170316301703163,0.14285714285714285,808,1,1,282.5,0.016605216911891384,10141915,0,8259719,5,1879381,1,2,819,1,1,12,0,1,807,2,3,19320,0,0,0,0,0,1.951036272,96.72500000000001,94.77396372800001,96.653992084
0.0018,0.5,0.03,0.975,94.77396372800001,0.7142857142857143,14,10,4,0.04659178149523382,294.773963728,294.773963728,19330,0.0170316301703163,0.14285714285714285,808,1,1,282.5,0.016605216911891384,10141915,0,8259719,5,1879381,1,2,819,1,1,12,0,1,807,2,4,19320,0,0,0,0,0,1.951036272,96.72500000000001,94.77396372800001,95.561508458
0.0018,0.5,0.03,0.98,94.77396372800001,0.7142857142857143,14,10,4,0.04659178149523382,294.773963728,294.773963728,19330,0.0170316301703163,0.14285714285714285,808,1,1,282.5,0.016605216911891384,10141915,0,8259710,17,1879378,1,2,819,1,1,12,0,1,807,2,4,19320,0,0,0,0,0,1.951036272,96.72500000000001,94.77396372800001,94.985400917
0.0018,0.5,0.03,0.985,94.77396372800001,0.7142857142857143,14,10,4,0.04659178149523382,294.773963728,294.773963728,19330,0.0170316301703163,0.14285714285714285,808,1,1,282.5,0.016605216911891384,10141915,0,8259710,17,1879378,1,2,819,1,1,12,0,1,807,2,4,19320,0,0,0,0,0,1.951036272,96.72500000000001,94.77396372800001,96.097898625
0.0018,0.5,0.05,0.965,117.89655030400002,0.7333333333333333,15,11,4,0.0463766869802944,317.896550304,317.896550304,19328,0.018226002430133656,0.13333333333333333,808,1,1,281.26666666666665,0.01517801374141161,10141915,0,8259720,3,1879382,2,2,819,2,1,12,0,1,807,2,3,19320,0,0,0,0,0,2.248449696,120.14500000000001,117.89655030400002,96.217369125
0.0018,0.5,0.05,0.97,117.89655030400002,0.7333333333333333,15,11,4,0.0463766869802944,317.896550304,317.896550304,19328,0.018226002430133656,0.13333333333333333,808,1,1,281.26666666666665,0.01517801374141161,10141915,0,8259719,5,1879381,2,2,819,2,1,12,0,1,807,2,3,19320,0,0,0,0,0,2.248449696,120.14500000000001,117.89655030400002,95.88438625
0.0018,0.5,0.05,0.975,117.89655030400002,0.7333333333333333,15,11,4,0.0463766869802944,317.896550304,317.896550304,19330,0.018226002430133656,0.13333333333333333,808,1,1,281.26666666666665,0.01517801374141161,10141915,0,8259719,5,1879381,2,2,819,2,1,12,0,1,807,2,4,19320,0,0,0,0,0,2.248449696,120.14500000000001,117.89655030400002,96.060939291
0.0018,0.5,0.05,0.98,117.89655030400002,0.7333333333333333,15,11,4,0.0463766869802944,317.896550304,317.896550304,19330,0.018226002430133656,0.13333333333333333,808,1,1,281.26666666666665,0.01517801374141161,10141915,0,8259710,17,1879378,2,2,819,2,1,12,0,1,807,2,4,19320,0,0,0,0,0,2.248449696,120.14500000000001,117.89655030400002,97.859916208
0.0018,0.5,0.05,0.985,117.89655030400002,0.7333333333333333,15,11,4,0.0463766869802944,317.896550304,317.896550304,19330,0.018226002430133656,0.13333333333333333,808,1,1,281.26666666666665,0.01517801374141161,10141915,0,8259710,17,1879378,2,2,819,2,1,12,0,1,807,2,4,19320,0,0,0,0,0,2.248449696,120.14500000000001,117.89655030400002,94.708084125
0.0018,0.5,0.075,0.965,142.891418632,0.7333333333333333,15,11,4,0.04741679551920935,342.891418632,342.891418632,19328,0.018226002430133656,0.13333333333333333,808,1,1,280.26666666666665,0.008623500173699257,10141915,0,8259720,3,1879382,2,2,819,2,1,12,0,1,807,2,3,19320,0,0,0,0,0,2.3635813679999997,145.25500000000002,142.891418632,94.571610209
0.0018,0.5,0.075,0.97,142.891418632,0.7333333333333333,15,11,4,0.04741679551920935,342.891418632,342.891418632,19328,0.018226002430133656,0.13333333333333333,808,1,1,280.26666666666665,0.008623500173699257,10141915,0,8259719,5,1879381,2,2,819,2,1,12,0,1,807,2,3,19320,0,0,0,0,0,2.3635813679999997,145.25500000000002,142.891418632,94.564859459
0.0018,0.5,0.075,0.975,142.891418632,0.7333333333333333,15,11,4,0.04741679551920935,342.891418632,342.891418632,19330,0.018226002430133656,0.13333333333333333,808,1,1,280.26666666666665,0.008623500173699257,10141915,0,8259719,5,1879381,2,2,819,2,1,12,0,1,807,2,4,19320,0,0,0,0,0,2.3635813679999997,145.25500000000002,142.891418632,95.1218915
0.0018,0.5,0.075,0.98,142.891418632,0.7333333333333333,15,11,4,0.04741679551920935,342.891418632,342.891418632,19330,0.018226002430133656,0.13333333333333333,808,1,1,280.26666666666665,0.008623500173699257,10141915,0,8259710,17,1879378,2,2,819,2,1,12,0,1,807,2,4,19320,0,0,0,0,0,2.3635813679999997,145.25500000000002,142.891418632,95.126300625
0.0018,0.5,0.075,0.985,142.891418632,0.7333333333333333,15,11,4,0.04741679551920935,342.891418632,342.891418632,19330,0.018226002430133656,0.13333333333333333,808,1,1,280.26666666666665,0.008623500173699257,10141915,0,8259710,17,1879378,2,2,819,2,1,12,0,1,807,2,4,19320,0,0,0,0,0,2.3635813679999997,145.25500000000002,142.891418632,94.696333667
0.0018,0.5,0.1,0.965,163.37179832799995,0.7333333333333333,15,11,4,0.04618286269837885,363.37179832799995,363.37179832799995,19328,0.018226002430133656,0.13333333333333333,808,1,1,280.26666666666665,0.008319350210354804,10141915,0,8259720,3,1879382,2,2,819,2,1,12,0,1,807,2,3,19320,0,0,0,0,0,2.583201672,165.95499999999996,163.37179832799995,97.019114041
0.0018,0.5,0.1,0.97,163.37179832799995,0.7333333333333333,15,11,4,0.04618286269837885,363.37179832799995,363.37179832799995,19328,0.018226002430133656,0.13333333333333333,808,1,1,280.26666666666665,0.008319350210354804,10141915,0,8259719,5,1879381,2,2,819,2,1,12,0,1,807,2,3,19320,0,0,0,0,0,2.583201672,165.95499999999996,163.37179832799995,95.400069584
0.0018,0.5,0.1,0.975,163.37179832799995,0.7333333333333333,15,11,4,0.04618286269837885,363.37179832799995,363.37179832799995,19330,0.018226002430133656,0.13333333333333333,808,1,1,280.26666666666665,0.008319350210354804,10141915,0,8259719,5,1879381,2,2,819,2,1,12,0,1,807,2,4,19320,0,0,0,0,0,2.583201672,165.95499999999996,163.37179832799995,95.345001875
0.0018,0.5,0.1,0.98,163.37179832799995,0.7333333333333333,15,11,4,0.04618286269837885,363.37179832799995,363.37179832799995,19330,0.018226002430133656,0.13333333333333333,808,1,1,280.26666666666665,0.008319350210354804,10141915,0,8259710,17,1879378,2,2,819,2,1,12,0,1,807,2,4,19320,0,0,0,0,0,2.583201672,165.95499999999996,163.37179832799995,95.461913417
0.0018,0.5,0.1,0.985,163.37179832799995,0.7333333333333333,15,11,4,0.04618286269837885,363.37179832799995,363.37179832799995,19330,0.018226002430133656,0.13333333333333333,808,1,1,280.26666666666665,0.008319350210354804,10141915,0,8259710,17,1879378,2,2,819,2,1,12,0,1,807,2,4,19320,0,0,0,0,0,2.583201672,165.95499999999996,163.37179832799995,95.380340625
0.0018,0.5,0.125,0.965,183.33288073599988,0.7333333333333333,15,11,4,0.04705750087585898,383.3328807359999,383.3328807359999,19328,0.018226002430133656,0.13333333333333333,808,1,1,280.26666666666665,0.00802519979519601,10141915,0,8259720,3,1879382,2,2,819,2,1,12,0,1,807,2,3,19320,0,0,0,0,0,2.812119264,186.14499999999987,183.33288073599988,95.523065292
0.0018,0.5,0.125,0.97,183.33288073599988,0.7333333333333333,15,11,4,0.04705750087585898,383.3328807359999,383.3328807359999,19328,0.018226002430133656,0.13333333333333333,808,1,1,280.26666666666665,0.00802519979519601,10141915,0,8259719,5,1879381,2,2,819,2,1,12,0,1,807,2,3,19320,0,0,0,0,0,2.812119264,186.14499999999987,183.33288073599988,95.741684959
0.0018,0.5,0.125,0.975,183.33288073599988,0.7333333333333333,15,11,4,0.04705750087585898,383.3328807359999,383.3328807359999,19330,0.018226002430133656,0.13333333333333333,808,1,1,280.26666666666665,0.00802519979519601,10141915,0,8259719,5,1879381,2,2,819,2,1,12,0,1,807,2,4,19320,0,0,0,0,0,2.812119264,186.14499999999987,183.33288073599988,95.972310417
0.0018,0.5,0.125,0.98,183.33288073599988,0.7333333333333333,15,11,4,0.04705750087585898,383.3328807359999,383.3328807359999,19330,0.018226002430133656,0.13333333333333333,808,1,1,280.26666666666665,0.00802519979519601,10141915,0,8259710,17,1879378,2,2,819,2,1,12,0,1,807,2,4,19320,0,0,0,0,0,2.812119264,186.14499999999987,183.33288073599988,96.315400291
0.0018,0.5,0.125,0.985,183.33288073599988,0.7333333333333333,15,11,4,0.04705750087585898,383.3328807359999,383.3328807359999,19330,0.018226002430133656,0.13333333333333333,808,1,1,280.26666666666665,0.00802519979519601,10141915,0,8259710,17,1879378,2,2,819,2,1,12,0,1,807,2,4,19320,0,0,0,0,0,2.812119264,186.14499999999987,183.33288073599988,96.003751292
0.0018,0.55,0.03,0.965,146.32037068000005,0.7391304347826086,23,17,6,0.07398100133775169,373.98840756000004,346.32037068000005,19331,0.031292517006802724,0.08695652173913043,712,1,1,303.4347826086956,0.008293774319066147,10141915,0,8259720,3,1879382,4,2,729,3,1,19,1,1,710,5,3,19320,0,0,0,0,0,3.929629319999999,150.25000000000006,146.32037068000005,96.831210708
0.0018,0.55,0.03,0.97,146.32037068000005,0.7391304347826086,23,17,6,0.07398100133775169,373.98840756000004,346.32037068000005,19331,0.031292517006802724,0.08695652173913043,712,1,1,303.4347826086956,0.008293774319066147,10141915,0,8259719,5,1879381,4,2,729,3,1,19,1,1,710,5,3,19320,0,0,0,0,0,3.929629319999999,150.25000000000006,146.32037068000005,95.635238584
0.0018,0.55,0.03,0.975,146.32037068000005,0.7391304347826086,23,17,6,0.07398100133775169,373.98840756000004,346.32037068000005,19333,0.031292517006802724,0.08695652173913043,712,1,1,303.4347826086956,0.008293774319066147,10141915,0,8259719,5,1879381,4,2,729,3,1,19,1,1,710,5,4,19320,0,0,0,0,0,3.929629319999999,150.25000000000006,146.32037068000005,95.907462833
0.0018,0.55,0.03,0.98,146.32037068000005,0.7391304347826086,23,17,6,0.07398100133775169,373.98840756000004,346.32037068000005,19333,0.031292517006802724,0.08695652173913043,712,1,1,303.4347826086956,0.008293774319066147,10141915,0,8259710,17,1879378,4,2,729,3,1,19,1,1,710,5,4,19320,0,0,0,0,0,3.929629319999999,150.25000000000006,146.32037068000005,96.865278375
0.0018,0.55,0.03,0.985,146.32037068000005,0.7391304347826086,23,17,6,0.07398100133775169,373.98840756000004,346.32037068000005,19333,0.031292517006802724,0.08695652173913043,712,1,1,303.4347826086956,0.008293774319066147,10141915,0,8259710,17,1879378,4,2,729,3,1,19,1,1,710,5,4,19320,0,0,0,0,0,3.929629319999999,150.25000000000006,146.32037068000005,95.91304925
0.0018,0.55,0.05,0.965,170.22656731199993,0.75,24,18,6,0.09338067463061035,408.35944806399993,370.22656731199993,19331,0.03260869565217391,0.08333333333333333,712,1,1,301.7916666666667,0.007622516556291391,10141915,0,8259720,3,1879382,5,2,729,4,1,19,1,1,710,5,3,19320,0,0,0,0,0,4.6134326880000005,174.83999999999992,170.22656731199993,96.137520208
0.0018,0.55,0.05,0.97,170.22656731199993,0.75,24,18,6,0.09338067463061035,408.35944806399993,370.22656731199993,19331,0.03260869565217391,0.08333333333333333,712,1,1,301.7916666666667,0.007622516556291391,10141915,0,8259719,5,1879381,5,2,729,4,1,19,1,1,710,5,3,19320,0,0,0,0,0,4.6134326880000005,174.83999999999992,170.22656731199993,97.250279958
0.0018,0.55,0.05,0.975,170.22656731199993,0.75,24,18,6,0.09338067463061035,408.35944806399993,370.22656731199993,19333,0.03260869565217391,0.08333333333333333,712,1,1,301.7916666666667,0.007622516556291391,10141915,0,8259719,5,1879381,5,2,729,4,1,19,1,1,710,5,4,19320,0,0,0,0,0,4.6134326880000005,174.83999999999992,170.22656731199993,94.50829425
0.0018,0.55,0.05,0.98,170.22656731199993,0.75,24,18,6,0.09338067463061035,408.35944806399993,370.22656731199993,19333,0.03260869565217391,0.08333333333333333,712,1,1,301.7916666666667,0.007622516556291391,10141915,0,8259710,17,1879378,5,2,729,4,1,19,1,1,710,5,4,19320,0,0,0,0,0,4.6134326880000005,174.83999999999992,170.22656731199993,94.341730834
0.0018,0.55,0.05,0.985,170.22656731199993,0.75,24,18,6,0.09338067463061035,408.35944806399993,370.22656731199993,19333,0.03260869565217391,0.08333333333333333,712,1,1,301.7916666666667,0.007622516556291391,10141915,0,8259710,17,1879378,5,2,729,4,1,19,1,1,710,5,4,19320,0,0,0,0,0,4.6134326880000005,174.83999999999992,170.22656731199993,96.288265833
0.0018,0.55,0.075,0.965,202.27306298399992,0.76,25,19,6,0.11593039546680148,455.02419823199995,402.2730629839999,19331,0.03387533875338753,0.08,713,2,2,301.72,0.0067804195804195815,10141915,0,8259720,3,1879382,5,4,729,4,2,19,1,2,710,5,3,19320,0,0,0,0,0,5.356937015999999,207.6299999999999,202.27306298399992,94.356609167
0.0018,0.55,0.075,0.97,202.27306298399992,0.76,25,19,6,0.11593039546680148,455.02419823199995,402.2730629839999,19331,0.03387533875338753,0.08,713,2,2,301.72,0.0067804195804195815,10141915,0,8259719,5,1879381,5,4,729,4,2,19,1,2,710,5,3,19320,0,0,0,0,0,5.356937015999999,207.6299999999999,202.27306298399992,95.183446667
0.0018,0.55,0.075,0.975,202.27306298399992,0.76,25,19,6,0.11593039546680148,455.02419823199995,402.2730629839999,19333,0.03387533875338753,0.08,713,2,2,301.72,0.0067804195804195815,10141915,0,8259719,5,1879381,5,4,729,4,2,19,1,2,710,5,4,19320,0,0,0,0,0,5.356937015999999,207.6299999999999,202.27306298399992,95.396585542
0.0018,0.55,0.075,0.98,202.27306298399992,0.76,25,19,6,0.11593039546680148,455.02419823199995,402.2730629839999,19333,0.03387533875338753,0.08,713,2,2,301.72,0.0067804195804195815,10141915,0,8259710,17,1879378,5,4,729,4,2,19,1,2,710,5,4,19320,0,0,0,0,0,5.356937015999999,207.6299999999999,202.27306298399992,214.524250375
0.0018,0.55,0.075,0.985,202.27306298399992,0.76,25,19,6,0.11593039546680148,455.02419823199995,402.2730629839999,19333,0.03387533875338753,0.08,713,2,2,301.72,0.0067804195804195815,10141915,0,8259710,17,1879378,5,4,729,4,2,19,1,2,710,5,4,19320,0,0,0,0,0,5.356937015999999,207.6299999999999,202.27306298399992,212.114543541
0.0018,0.55,0.1,0.965,222.035094232,0.76,25,19,6,0.1376200266729974,489.38415464800005,422.035094232,19331,0.03387533875338753,0.12,713,2,2,301.72,0.0063489519112207154,10141915,0,8259720,3,1879382,5,4,729,4,2,19,1,2,710,5,3,19320,0,0,0,0,0,6.094905768,228.13,222.035094232,207.776364334
0.0018,0.55,0.1,0.97,222.035094232,0.76,25,19,6,0.1376200266729974,489.38415464800005,422.035094232,19331,0.03387533875338753,0.12,713,2,2,301.72,0.0063489519112207154,10141915,0,8259719,5,1879381,5,4,729,4,2,19,1,2,710,5,3,19320,0,0,0,0,0,6.094905768,228.13,222.035094232,143.107853
0.0018,0.55,0.1,0.975,222.035094232,0.76,25,19,6,0.1376200266729974,489.38415464800005,422.035094232,19333,0.03387533875338753,0.12,713,2,2,301.72,0.0063489519112207154,10141915,0,8259719,5,1879381,5,4,729,4,2,19,1,2,710,5,4,19320,0,0,0,0,0,6.094905768,228.13,222.035094232,96.539638625
0.0018,0.55,0.1,0.98,222.035094232,0.76,25,19,6,0.1376200266729974,489.38415464800005,422.035094232,19333,0.03387533875338753,0.12,713,2,2,301.72,0.0063489519112207154,10141915,0,8259710,17,1879378,5,4,729,4,2,19,1,2,710,5,4,19320,0,0,0,0,0,6.094905768,228.13,222.035094232,98.862951166
0.0018,0.55,0.1,0.985,222.035094232,0.76,25,19,6,0.1376200266729974,489.38415464800005,422.035094232,19333,0.03387533875338753,0.12,713,2,2,301.72,0.0063489519112207154,10141915,0,8259710,17,1879378,5,4,729,4,2,19,1,2,710,5,4,19320,0,0,0,0,0,6.094905768,228.13,222.035094232,96.848823042
0.0018,0.55,0.125,0.965,240.21855671999998,0.76,25,19,6,0.16027645859924317,524.242247616,440.21855672,19331,0.03387533875338753,0.12,713,2,2,304.04,0.006013215859030838,10141915,0,8259720,3,1879382,5,4,729,4,2,19,1,2,710,5,3,19320,0,0,0,0,0,6.801443279999999,247.01999999999998,240.21855671999998,96.334979375
0.0018,0.55,0.125,0.97,240.21855671999998,0.76,25,19,6,0.16027645859924317,524.242247616,440.21855672,19331,0.03387533875338753,0.12,713,2,2,304.04,0.006013215859030838,10141915,0,8259719,5,1879381,5,4,729,4,2,19,1,2,710,5,3,19320,0,0,0,0,0,6.801443279999999,247.01999999999998,240.21855671999998,95.90292275
0.0018,0.55,0.125,0.975,240.21855671999998,0.76,25,19,6,0.16027645859924317,524.242247616,440.21855672,19333,0.03387533875338753,0.12,713,2,2,304.04,0.006013215859030838,10141915,0,8259719,5,1879381,5,4,729,4,2,19,1,2,710,5,4,19320,0,0,0,0,0,6.801443279999999,247.01999999999998,240.21855671999998,96.647577958
0.0018,0.55,0.125,0.98,240.21855671999998,0.76,25,19,6,0.16027645859924317,524.242247616,440.21855672,19333,0.03387533875338753,0.12,713,2,2,304.04,0.006013215859030838,10141915,0,8259710,17,1879378,5,4,729,4,2,19,1,2,710,5,4,19320,0,0,0,0,0,6.801443279999999,247.01999999999998,240.21855671999998,96.155897958
0.0018,0.55,0.125,0.985,240.21855671999998,0.76,25,19,6,0.16027645859924317,524.242247616,440.21855672,19333,0.03387533875338753,0.12,713,2,2,304.04,0.006013215859030838,10141915,0,8259710,17,1879378,5,4,729,4,2,19,1,2,710,5,4,19320,0,0,0,0,0,6.801443279999999,247.01999999999998,240.21855671999998,95.897300292
0.0018,0.6,0.03,0.965,253.66509011999995,0.8055555555555556,36,29,7,0.06880586920564634,487.18637190399994,453.66509011999995,19331,0.06728971962616823,0.05555555555555555,499,2,2,301.5833333333333,0.007189616252821668,10141915,0,8259720,3,1879382,4,4,527,4,2,30,0,2,497,5,3,19320,0,0,0,0,0,7.54490988,261.2099999999999,253.66509011999995,95.9283045
0.0018,0.6,0.03,0.97,253.66509011999995,0.8055555555555556,36,29,7,0.06880586920564634,487.18637190399994,453.66509011999995,19331,0.06728971962616823,0.05555555555555555,499,2,2,301.5833333333333,0.007189616252821668,10141915,0,8259719,5,1879381,4,4,527,4,2,30,0,2,497,5,3,19320,0,0,0,0,0,7.54490988,261.2099999999999,253.66509011999995,96.228302584
0.0018,0.6,0.03,0.975,253.66509011999995,0.8055555555555556,36,29,7,0.06880586920564634,487.18637190399994,453.66509011999995,19333,0.06728971962616823,0.05555555555555555,499,2,2,301.5833333333333,0.007189616252821668,10141915,0,8259719,5,1879381,4,4,527,4,2,30,0,2,497,5,4,19320,0,0,0,0,0,7.54490988,261.2099999999999,253.66509011999995,95.670177125
0.0018,0.6,0.03,0.98,253.66509011999995,0.8055555555555556,36,29,7,0.06880586920564634,487.18637190399994,453.66509011999995,19333,0.06728971962616823,0.05555555555555555,499,2,2,301.5833333333333,0.007189616252821668,10141915,0,8259710,17,1879378,4,4,527,4,2,30,0,2,497,5,4,19320,0,0,0,0,0,7.54490988,261.2099999999999,253.66509011999995,95.684247667
0.0018,0.6,0.03,0.985,253.66509011999995,0.8055555555555556,36,29,7,0.06880586920564634,487.18637190399994,453.66509011999995,19333,0.06728971962616823,0.05555555555555555,499,2,2,301.5833333333333,0.007189616252821668,10141915,0,8259710,17,1879378,4,4,527,4,2,30,0,2,497,5,4,19320,0,0,0,0,0,7.54490988,261.2099999999999,253.66509011999995,95.654516125
0.0018,0.6,0.05,0.965,291.8399394560002,0.8108108108108109,37,30,7,0.08475073511802048,537.3835940960001,491.8399394560002,19331,0.06902985074626866,0.05405405405405406,499,2,2,300.56756756756755,0.007568780487804875,10141915,0,8259720,3,1879382,5,4,527,5,2,30,0,2,497,5,3,19320,0,0,0,0,0,8.720060544,300.5600000000002,291.8399394560002,95.662773208
0.0018,0.6,0.05,0.97,291.8399394560002,0.8108108108108109,37,30,7,0.08475073511802048,537.3835940960001,491.8399394560002,19331,0.06902985074626866,0.05405405405405406,499,2,2,300.56756756756755,0.007568780487804875,10141915,0,8259719,5,1879381,5,4,527,5,2,30,0,2,497,5,3,19320,0,0,0,0,0,8.720060544,300.5600000000002,291.8399394560002,94.902782209
0.0018,0.6,0.05,0.975,291.8399394560002,0.8108108108108109,37,30,7,0.08475073511802048,537.3835940960001,491.8399394560002,19333,0.06902985074626866,0.05405405405405406,499,2,2,300.56756756756755,0.007568780487804875,10141915,0,8259719,5,1879381,5,4,527,5,2,30,0,2,497,5,4,19320,0,0,0,0,0,8.720060544,300.5600000000002,291.8399394560002,95.579500292
0.0018,0.6,0.05,0.98,291.8399394560002,0.8108108108108109,37,30,7,0.08475073511802048,537.3835940960001,491.8399394560002,19333,0.06902985074626866,0.05405405405405406,499,2,2,300.56756756756755,0.007568780487804875,10141915,0,8259710,17,1879378,5,4,527,5,2,30,0,2,497,5,4,19320,0,0,0,0,0,8.720060544,300.5600000000002,291.8399394560002,95.642735417
0.0018,0.6,0.05,0.985,291.8399394560002,0.8108108108108109,37,30,7,0.08475073511802048,537.3835940960001,491.8399394560002,19333,0.06902985074626866,0.05405405405405406,499,2,2,300.56756756756755,0.007568780487804875,10141915,0,8259710,17,1879378,5,4,527,5,2,30,0,2,497,5,4,19320,0,0,0,0,0,8.720060544,300.5600000000002,291.8399394560002,96.282426666
0.0018,0.6,0.075,0.965,315.30839200800017,0.8108108108108109,37,30,7,0.1061567096844158,576.5086538000002,515.3083920080002,19331,0.06902985074626866,0.08108108108108109,499,2,2,300.56756756756755,0.00742168927422738,10141915,0,8259720,3,1879382,5,4,527,5,2,30,0,2,497,5,3,19320,0,0,0,0,0,9.705607992000001,325.0140000000002,315.30839200800017,97.161375
0.0018,0.6,0.075,0.97,315.30839200800017,0.8108108108108109,37,30,7,0.1061567096844158,576.5086538000002,515.3083920080002,19331,0.06902985074626866,0.08108108108108109,499,2,2,300.56756756756755,0.00742168927422738,10141915,0,8259719,5,1879381,5,4,527,5,2,30,0,2,497,5,3,19320,0,0,0,0,0,9.705607992000001,325.0140000000002,315.30839200800017,97.547932083
0.0018,0.6,0.075,0.975,315.30839200800017,0.8108108108108109,37,30,7,0.1061567096844158,576.5086538000002,515.3083920080002,19333,0.06902985074626866,0.08108108108108109,499,2,2,300.56756756756755,0.00742168927422738,10141915,0,8259719,5,1879381,5,4,527,5,2,30,0,2,497,5,4,19320,0,0,0,0,0,9.705607992000001,325.0140000000002,315.30839200800017,96.875818875
0.0018,0.6,0.075,0.98,315.30839200800017,0.8108108108108109,37,30,7,0.1061567096844158,576.5086538000002,515.3083920080002,19333,0.06902985074626866,0.08108108108108109,499,2,2,300.56756756756755,0.00742168927422738,10141915,0,8259710,17,1879378,5,4,527,5,2,30,0,2,497,5,4,19320,0,0,0,0,0,9.705607992000001,325.0140000000002,315.30839200800017,96.248512125
0.0018,0.6,0.075,0.985,315.30839200800017,0.8108108108108109,37,30,7,0.1061567096844158,576.5086538000002,515.3083920080002,19333,0.06902985074626866,0.08108108108108109,499,2,2,300.56756756756755,0.00742168927422738,10141915,0,8259710,17,1879378,5,4,527,5,2,30,0,2,497,5,4,19320,0,0,0,0,0,9.705607992000001,325.0140000000002,315.30839200800017,95.983893667
0.0018,0.6,0.1,0.965,333.4662585440001,0.8108108108108109,37,30,7,0.12661293110260347,610.80164516,533.4662585440001,19331,0.06902985074626866,0.13513513513513514,499,2,2,300.56756756756755,0.00698517403695283,10141915,0,8259720,3,1879382,5,4,527,5,2,30,0,2,497,5,3,19320,0,0,0,0,0,10.557741455999999,344.02400000000006,333.4662585440001,96.656431291
0.0018,0.6,0.1,0.97,333.4662585440001,0.8108108108108109,37,30,7,0.12661293110260347,610.80164516,533.4662585440001,19331,0.06902985074626866,0.13513513513513514,499,2,2,300.56756756756755,0.00698517403695283,10141915,0,8259719,5,1879381,5,4,527,5,2,30,0,2,497,5,3,19320,0,0,0,0,0,10.557741455999999,344.02400000000006,333.4662585440001,97.51928475
0.0018,0.6,0.1,0.975,333.4662585440001,0.8108108108108109,37,30,7,0.12661293110260347,610.80164516,533.4662585440001,19333,0.06902985074626866,0.13513513513513514,499,2,2,300.56756756756755,0.00698517403695283,10141915,0,8259719,5,1879381,5,4,527,5,2,30,0,2,497,5,4,19320,0,0,0,0,0,10.557741455999999,344.02400000000006,333.4662585440001,98.046493791
0.0018,0.6,0.1,0.98,333.4662585440001,0.8108108108108109,37,30,7,0.12661293110260347,610.80164516,533.4662585440001,19333,0.06902985074626866,0.13513513513513514,499,2,2,300.56756756756755,0.00698517403695283,10141915,0,8259710,17,1879378,5,4,527,5,2,30,0,2,497,5,4,19320,0,0,0,0,0,10.557741455999999,344.02400000000006,333.4662585440001,96.338648584
0.0018,0.6,0.1,0.985,333.4662585440001,0.8108108108108109,37,30,7,0.12661293110260347,610.80164516,533.4662585440001,19333,0.06902985074626866,0.13513513513513514,499,2,2,300.56756756756755,0.00698517403695283,10141915,0,8259710,17,1879378,5,4,527,5,2,30,0,2,497,5,4,19320,0,0,0,0,0,10.557741455999999,344.02400000000006,333.4662585440001,95.326127333
0.0018,0.6,0.125,0.965,354.5821929839999,0.8108108108108109,37,30,7,0.14770038465497634,650.6892447199999,554.5821929839999,19331,0.06902985074626866,0.13513513513513514,499,2,2,302.13513513513516,0.006636557943432685,10141915,0,8259720,3,1879382,5,4,527,5,2,30,0,2,497,5,3,19320,0,0,0,0,0,11.471807016,366.0539999999999,354.5821929839999,94.896068166
0.0018,0.6,0.125,0.97,354.5821929839999,0.8108108108108109,37,30,7,0.14770038465497634,650.6892447199999,554.5821929839999,19331,0.06902985074626866,0.13513513513513514,499,2,2,302.13513513513516,0.006636557943432685,10141915,0,8259719,5,1879381,5,4,527,5,2,30,0,2,497,5,3,19320,0,0,0,0,0,11.471807016,366.0539999999999,354.5821929839999,95.979421292
0.0018,0.6,0.125,0.975,354.5821929839999,0.8108108108108109,37,30,7,0.14770038465497634,650.6892447199999,554.5821929839999,19333,0.06902985074626866,0.13513513513513514,499,2,2,302.13513513513516,0.006636557943432685,10141915,0,8259719,5,1879381,5,4,527,5,2,30,0,2,497,5,4,19320,0,0,0,0,0,11.471807016,366.0539999999999,354.5821929839999,95.621309333
0.0018,0.6,0.125,0.98,354.5821929839999,0.8108108108108109,37,30,7,0.14770038465497634,650.6892447199999,554.5821929839999,19333,0.06902985074626866,0.13513513513513514,499,2,2,302.13513513513516,0.006636557943432685,10141915,0,8259710,17,1879378,5,4,527,5,2,30,0,2,497,5,4,19320,0,0,0,0,0,11.471807016,366.0539999999999,354.5821929839999,95.5455585
0.0018,0.6,0.125,0.985,354.5821929839999,0.8108108108108109,37,30,7,0.14770038465497634,650.6892447199999,554.5821929839999,19333,0.06902985074626866,0.13513513513513514,499,2,2,302.13513513513516,0.006636557943432685,10141915,0,8259710,17,1879378,5,4,527,5,2,30,0,2,497,5,4,19320,0,0,0,0,0,11.471807016,366.0539999999999,354.5821929839999,97.203089917
0.0018,0.65,0.03,0.965,320.88905610048005,0.8181818181818182,55,45,10,0.11859353419575375,590.97485247648,520.88905610048,19333,0.21235521235521235,0.07272727272727272,204,2,2,298.9818181818182,0.0073168891388747884,10141915,0,8237097,3,1874839,6,4,249,5,2,48,1,2,201,7,3,19320,0,0,0,0,0,13.475343899519997,334.36440000000005,320.88905610048005,96.024564917
0.0018,0.65,0.03,0.97,320.88905610048005,0.8181818181818182,55,45,10,0.11859353419575375,590.97485247648,520.88905610048,19333,0.21235521235521235,0.07272727272727272,204,2,2,298.9818181818182,0.0073168891388747884,10141915,0,8237096,5,1874838,6,4,249,5,2,48,1,2,201,7,3,19320,0,0,0,0,0,13.475343899519997,334.36440000000005,320.88905610048005,95.877719792
0.0018,0.65,0.03,0.975,320.88905610048005,0.8181818181818182,55,45,10,0.11859353419575375,590.97485247648,520.88905610048,19335,0.21235521235521235,0.07272727272727272,204,2,2,298.9818181818182,0.0073168891388747884,10141915,0,8237096,5,1874838,6,4,249,5,2,48,1,2,201,7,4,19320,0,0,0,0,0,13.475343899519997,334.36440000000005,320.88905610048005,96.4032215
0.0018,0.65,0.03,0.98,320.88905610048005,0.8181818181818182,55,45,10,0.11859353419575375,590.97485247648,520.88905610048,19335,0.21235521235521235,0.07272727272727272,204,2,2,298.9818181818182,0.0073168891388747884,10141915,0,8237087,17,1874835,6,4,249,5,2,48,1,2,201,7,4,19320,0,0,0,0,0,13.475343899519997,334.36440000000005,320.88905610048005,95.188997
0.0018,0.65,0.03,0.985,320.88905610048005,0.8181818181818182,55,45,10,0.11859353419575375,590.97485247648,520.88905610048,19335,0.21235521235521235,0.07272727272727272,204,2,2,298.9818181818182,0.0073168891388747884,10141915,0,8237087,17,1874835,6,4,249,5,2,48,1,2,201,7,4,19320,0,0,0,0,0,13.475343899519997,334.36440000000005,320.88905610048005,95.149658292
0.0018,0.65,0.05,0.965,365.3004141244802,0.8214285714285714,56,46,10,0.13289788192253352,651.9421442284801,565.3004141244802,19333,0.2153846153846154,0.10714285714285714,204,2,2,298.35714285714283,0.0074915549743925025,10141915,0,8237097,3,1874839,7,4,249,6,2,48,1,2,201,7,3,19320,0,0,0,0,0,15.233985875519998,380.5344000000002,365.3004141244802,95.772772833
0.0018,0.65,0.05,0.97,365.3004141244802,0.8214285714285714,56,46,10,0.13289788192253352,651.9421442284801,565.3004141244802,19333,0.2153846153846154,0.10714285714285714,204,2,2,298.35714285714283,0.0074915549743925025,10141915,0,8237096,5,1874838,7,4,249,6,2,48,1,2,201,7,3,19320,0,0,0,0,0,15.233985875519998,380.5344000000002,365.3004141244802,95.468667375
0.0018,0.65,0.05,0.975,365.3004141244802,0.8214285714285714,56,46,10,0.13289788192253352,651.9421442284801,565.3004141244802,19335,0.2153846153846154,0.10714285714285714,204,2,2,298.35714285714283,0.0074915549743925025,10141915,0,8237096,5,1874838,7,4,249,6,2,48,1,2,201,7,4,19320,0,0,0,0,0,15.233985875519998,380.5344000000002,365.3004141244802,94.993014583
0.0018,0.65,0.05,0.98,365.3004141244802,0.8214285714285714,56,46,10,0.13289788192253352,651.9421442284801,565.3004141244802,19335,0.2153846153846154,0.10714285714285714,204,2,2,298.35714285714283,0.0074915549743925025,10141915,0,8237087,17,1874835,7,4,249,6,2,48,1,2,201,7,4,19320,0,0,0,0,0,15.233985875519998,380.5344000000002,365.3004141244802,96.990724125
0.0018,0.65,0.05,0.985,365.3004141244802,0.8214285714285714,56,46,10,0.13289788192253352,651.9421442284801,565.3004141244802,19335,0.2153846153846154,0.10714285714285714,204,2,2,298.35714285714283,0.0074915549743925025,10141915,0,8237087,17,1874835,7,4,249,6,2,48,1,2,201,7,4,19320,0,0,0,0,0,15.233985875519998,380.5344000000002,365.3004141244802,95.908426292
0.0018,0.65,0.075,0.965,390.1479128044798,0.8214285714285714,56,46,10,0.15158680592975232,695.5902111484799,590.1479128044798,19333,0.2153846153846154,0.125,204,2,2,298.35714285714283,0.007031262112268967,10141915,0,8237097,3,1874839,7,4,249,6,2,48,1,2,201,7,3,19320,0,0,0,0,0,16.60048719552,406.7483999999998,390.1479128044798,95.714451958
0.0018,0.65,0.075,0.97,390.1479128044798,0.8214285714285714,56,46,10,0.15158680592975232,695.5902111484799,590.1479128044798,19333,0.2153846153846154,0.125,204,2,2,298.35714285714283,0.007031262112268967,10141915,0,8237096,5,1874838,7,4,249,6,2,48,1,2,201,7,3,19320,0,0,0,0,0,16.60048719552,406.7483999999998,390.1479128044798,96.54165475
0.0018,0.65,0.075,0.975,390.1479128044798,0.8214285714285714,56,46,10,0.15158680592975232,695.5902111484799,590.1479128044798,19335,0.2153846153846154,0.125,204,2,2,298.35714285714283,0.007031262112268967,10141915,0,8237096,5,1874838,7,4,249,6,2,48,1,2,201,7,4,19320,0,0,0,0,0,16.60048719552,406.7483999999998,390.1479128044798,96.10675925
0.0018,0.65,0.075,0.98,390.1479128044798,0.8214285714285714,56,46,10,0.15158680592975232,695.5902111484799,590.1479128044798,19335,0.2153846153846154,0.125,204,2,2,298.35714285714283,0.007031262112268967,10141915,0,8237087,17,1874835,7,4,249,6,2,48,1,2,201,7,4,19320,0,0,0,0,0,16.60048719552,406.7483999999998,390.1479128044798,96.681758875
0.0018,0.65,0.075,0.985,390.1479128044798,0.8214285714285714,56,46,10,0.15158680592975232,695.5902111484799,590.1479128044798,19335,0.2153846153846154,0.125,204,2,2,298.35714285714283,0.007031262112268967,10141915,0,8237087,17,1874835,7,4,249,6,2,48,1,2,201,7,4,19320,0,0,0,0,0,16.60048719552,406.7483999999998,390.1479128044798,96.48437975
0.0018,0.65,0.1,0.965,425.13346187647994,0.8214285714285714,56,46,10,0.16831826881538217,751.64986609248,625.1334618764799,19333,0.2153846153846154,0.125,204,2,2,299.39285714285717,0.006628001730364885,10141915,0,8237097,3,1874839,7,4,249,6,2,48,1,2,201,7,3,19320,0,0,0,0,0,18.174938123519997,443.30839999999995,425.13346187647994,96.083735375
0.0018,0.65,0.1,0.97,425.13346187647994,0.8214285714285714,56,46,10,0.16831826881538217,751.64986609248,625.1334618764799,19333,0.2153846153846154,0.125,204,2,2,299.39285714285717,0.006628001730364885,10141915,0,8237096,5,1874838,7,4,249,6,2,48,1,2,201,7,3,19320,0,0,0,0,0,18.174938123519997,443.30839999999995,425.13346187647994,95.712282167
0.0018,0.65,0.1,0.975,425.13346187647994,0.8214285714285714,56,46,10,0.16831826881538217,751.64986609248,625.1334618764799,19335,0.2153846153846154,0.125,204,2,2,299.39285714285717,0.006628001730364885,10141915,0,8237096,5,1874838,7,4,249,6,2,48,1,2,201,7,4,19320,0,0,0,0,0,18.174938123519997,443.30839999999995,425.13346187647994,94.612120375
0.0018,0.65,0.1,0.98,425.13346187647994,0.8214285714285714,56,46,10,0.16831826881538217,751.64986609248,625.1334618764799,19335,0.2153846153846154,0.125,204,2,2,299.39285714285717,0.006628001730364885,10141915,0,8237087,17,1874835,7,4,249,6,2,48,1,2,201,7,4,19320,0,0,0,0,0,18.174938123519997,443.30839999999995,425.13346187647994,79.233620125
0.0018,0.65,0.1,0.985,425.13346187647994,0.8214285714285714,56,46,10,0.16831826881538217,751.64986609248,625.1334618764799,19335,0.2153846153846154,0.125,204,2,2,299.39285714285717,0.006628001730364885,10141915,0,8237087,17,1874835,7,4,249,6,2,48,1,2,201,7,4,19320,0,0,0,0,0,18.174938123519997,443.30839999999995,425.13346187647994,72.674059958
0.0018,0.65,0.125,0.965,451.77869071992006,0.8214285714285714,56,46,10,0.18719652637637868,801.88964721592,651.7786907199201,19333,0.2153846153846154,0.14285714285714285,204,2,2,298.25,0.006239573861144831,10141915,0,8237097,3,1874839,7,4,249,6,2,48,1,2,201,7,3,19320,0,0,0,0,0,19.751409280079997,471.53010000000006,451.77869071992006,93.510597458
0.0018,0.65,0.125,0.97,451.77869071992006,0.8214285714285714,56,46,10,0.18719652637637868,801.88964721592,651.7786907199201,19333,0.2153846153846154,0.14285714285714285,204,2,2,298.25,0.006239573861144831,10141915,0,8237096,5,1874838,7,4,249,6,2,48,1,2,201,7,3,19320,0,0,0,0,0,19.751409280079997,471.53010000000006,451.77869071992006,78.810697209
0.0018,0.65,0.125,0.975,451.77869071992006,0.8214285714285714,56,46,10,0.18719652637637868,801.88964721592,651.7786907199201,19335,0.2153846153846154,0.14285714285714285,204,2,2,298.25,0.006239573861144831,10141915,0,8237096,5,1874838,7,4,249,6,2,48,1,2,201,7,4,19320,0,0,0,0,0,19.751409280079997,471.53010000000006,451.77869071992006,71.939430333
0.0018,0.65,0.125,0.98,451.77869071992006,0.8214285714285714,56,46,10,0.18719652637637868,801.88964721592,651.7786907199201,19335,0.2153846153846154,0.14285714285714285,204,2,2,298.25,0.006239573861144831,10141915,0,8237087,17,1874835,7,4,249,6,2,48,1,2,201,7,4,19320,0,0,0,0,0,19.751409280079997,471.53010000000006,451.77869071992006,78.793441958
0.0018,0.65,0.125,0.985,451.77869071992006,0.8214285714285714,56,46,10,0.18719652637637868,801.88964721592,651.7786907199201,19335,0.2153846153846154,0.14285714285714285,204,2,2,298.25,0.006239573861144831,10141915,0,8237087,17,1874835,7,4,249,6,2,48,1,2,201,7,4,19320,0,0,0,0,0,19.751409280079997,471.53010000000006,451.77869071992006,77.710583084
0.0018,0.7,0.03,0.965,283.5479622604798,0.8028169014084507,71,57,14,0.14451863706443005,565.2349463244799,483.5479622604798,19339,0.47651006711409394,0.04225352112676056,78,2,2,300.46478873239437,0.011043741349110106,10141915,0,8259720,3,1879382,12,4,133,9,2,60,3,2,73,13,3,19320,0,0,0,0,0,15.72843773952,299.2763999999998,283.5479622604798,74.406939125
0.0018,0.7,0.03,0.97,283.5479622604798,0.8028169014084507,71,57,14,0.14451863706443005,565.2349463244799,483.5479622604798,19339,0.47651006711409394,0.04225352112676056,78,2,2,300.46478873239437,0.011043741349110106,10141915,0,8259719,5,1879381,12,4,133,9,2,60,3,2,73,13,3,19320,0,0,0,0,0,15.72843773952,299.2763999999998,283.5479622604798,96.455245917
0.0018,0.7,0.03,0.975,283.5479622604798,0.8028169014084507,71,57,14,0.14451863706443005,565.2349463244799,483.5479622604798,19341,0.47651006711409394,0.04225352112676056,78,2,2,300.46478873239437,0.011043741349110106,10141915,0,8259719,5,1879381,12,4,133,9,2,60,3,2,73,13,4,19320,0,0,0,0,0,15.72843773952,299.2763999999998,283.5479622604798,96.609473916
0.0018,0.7,0.03,0.98,283.5479622604798,0.8028169014084507,71,57,14,0.14451863706443005,565.2349463244799,483.5479622604798,19341,0.47651006711409394,0.04225352112676056,78,2,2,300.46478873239437,0.011043741349110106,10141915,0,8259710,17,1879378,12,4,133,9,2,60,3,2,73,13,4,19320,0,0,0,0,0,15.72843773952,299.2763999999998,283.5479622604798,96.477677459
0.0018,0.7,0.03,0.985,283.5479622604798,0.8028169014084507,71,57,14,0.14451863706443005,565.2349463244799,483.5479622604798,19341,0.47651006711409394,0.04225352112676056,78,2,2,300.46478873239437,0.011043741349110106,10141915,0,8259710,17,1879378,12,4,133,9,2,60,3,2,73,13,4,19320,0,0,0,0,0,15.72843773952,299.2763999999998,283.5479622604798,96.091850875
0.0018,0.7,0.05,0.965,335.72421054048004,0.8055555555555556,72,58,14,0.15025551275853602,630.45329341248,535.72421054048,19339,0.48,0.05555555555555555,78,2,2,299.75,0.009509332654208981,10141915,0,8259720,3,1879382,13,4,133,10,2,60,3,2,73,13,3,19320,0,0,0,0,0,18.002189459519993,353.7264,335.72421054048004,95.603646875
0.0018,0.7,0.05,0.97,335.72421054048004,0.8055555555555556,72,58,14,0.15025551275853602,630.45329341248,535.72421054048,19339,0.48,0.05555555555555555,78,2,2,299.75,0.009509332654208981,10141915,0,8259719,5,1879381,13,4,133,10,2,60,3,2,73,13,3,19320,0,0,0,0,0,18.002189459519993,353.7264,335.72421054048004,95.017279
0.0018,0.7,0.05,0.975,335.72421054048004,0.8055555555555556,72,58,14,0.15025551275853602,630.45329341248,535.72421054048,19341,0.48,0.05555555555555555,78,2,2,299.75,0.009509332654208981,10141915,0,8259719,5,1879381,13,4,133,10,2,60,3,2,73,13,4,19320,0,0,0,0,0,18.002189459519993,353.7264,335.72421054048004,96.137785458
0.0018,0.7,0.05,0.98,335.72421054048004,0.8055555555555556,72,58,14,0.15025551275853602,630.45329341248,535.72421054048,19341,0.48,0.05555555555555555,78,2,2,299.75,0.009509332654208981,10141915,0,8259710,17,1879378,13,4,133,10,2,60,3,2,73,13,4,19320,0,0,0,0,0,18.002189459519993,353.7264,335.72421054048004,95.84106025
0.0018,0.7,0.05,0.985,335.72421054048004,0.8055555555555556,72,58,14,0.15025551275853602,630.45329341248,535.72421054048,19341,0.48,0.05555555555555555,78,2,2,299.75,0.009509332654208981,10141915,0,8259710,17,1879378,13,4,133,10,2,60,3,2,73,13,4,19320,0,0,0,0,0,18.002189459519993,353.7264,335.72421054048004,95.50176125
0.0018,0.7,0.075,0.965,367.5066839404798,0.8055555555555556,72,58,14,0.15785807441243327,673.8848485004798,567.5066839404798,19339,0.48,0.08333333333333333,78,2,2,299.75,0.008965796262625302,10141915,0,8259720,3,1879382,13,4,133,10,2,60,3,2,73,13,3,19320,0,0,0,0,0,20.05371605952,387.5603999999998,367.5066839404798,95.331795458
0.0018,0.7,0.075,0.97,367.5066839404798,0.8055555555555556,72,58,14,0.15785807441243327,673.8848485004798,567.5066839404798,19339,0.48,0.08333333333333333,78,2,2,299.75,0.008965796262625302,10141915,0,8259719,5,1879381,13,4,133,10,2,60,3,2,73,13,3,19320,0,0,0,0,0,20.05371605952,387.5603999999998,367.5066839404798,95.306893458
0.0018,0.7,0.075,0.975,367.5066839404798,0.8055555555555556,72,58,14,0.15785807441243327,673.8848485004798,567.5066839404798,19341,0.48,0.08333333333333333,78,2,2,299.75,0.008965796262625302,10141915,0,8259719,5,1879381,13,4,133,10,2,60,3,2,73,13,4,19320,0,0,0,0,0,20.05371605952,387.5603999999998,367.5066839404798,95.1373695
0.0018,0.7,0.075,0.98,367.5066839404798,0.8055555555555556,72,58,14,0.15785807441243327,673.8848485004798,567.5066839404798,19341,0.48,0.08333333333333333,78,2,2,299.75,0.008965796262625302,10141915,0,8259710,17,1879378,13,4,133,10,2,60,3,2,73,13,4,19320,0,0,0,0,0,20.05371605952,387.5603999999998,367.5066839404798,96.372972291
0.0018,0.7,0.075,0.985,367.5066839404798,0.8055555555555556,72,58,14,0.15785807441243327,673.8848485004798,567.5066839404798,19341,0.48,0.08333333333333333,78,2,2,299.75,0.008965796262625302,10141915,0,8259710,17,1879378,13,4,133,10,2,60,3,2,73,13,4,19320,0,0,0,0,0,20.05371605952,387.5603999999998,367.5066839404798,95.925351542
0.0018,0.7,0.1,0.965,395.23248315647993,0.8055555555555556,72,58,14,0.16689868410579234,714.47790538848,595.2324831564799,19339,0.48,0.08333333333333333,78,2,2,299.75,0.008356048800227299,10141915,0,8259720,3,1879382,13,4,133,10,2,60,3,2,73,13,3,19320,0,0,0,0,0,22.147916843519997,417.38039999999995,395.23248315647993,95.369414042
0.0018,0.7,0.1,0.97,395.23248315647993,0.8055555555555556,72,58,14,0.16689868410579234,714.47790538848,595.2324831564799,19339,0.48,0.08333333333333333,78,2,2,299.75,0.008356048800227299,10141915,0,8259719,5,1879381,13,4,133,10,2,60,3,2,73,13,3,19320,0,0,0,0,0,22.147916843519997,417.38039999999995,395.23248315647993,95.057325292
0.0018,0.7,0.1,0.975,395.23248315647993,0.8055555555555556,72,58,14,0.16689868410579234,714.47790538848,595.2324831564799,19341,0.48,0.08333333333333333,78,2,2,299.75,0.008356048800227299,10141915,0,8259719,5,1879381,13,4,133,10,2,60,3,2,73,13,4,19320,0,0,0,0,0,22.147916843519997,417.38039999999995,395.23248315647993,94.613201667
0.0018,0.7,0.1,0.98,395.23248315647993,0.8055555555555556,72,58,14,0.16689868410579234,714.47790538848,595.2324831564799,19341,0.48,0.08333333333333333,78,2,2,299.75,0.008356048800227299,10141915,0,8259710,17,1879378,13,4,133,10,2,60,3,2,73,13,4,19320,0,0,0,0,0,22.147916843519997,417.38039999999995,395.23248315647993,93.669426
0.0018,0.7,0.1,0.985,395.23248315647993,0.8055555555555556,72,58,14,0.16689868410579234,714.47790538848,595.2324831564799,19341,0.48,0.08333333333333333,78,2,2,299.75,0.008356048800227299,10141915,0,8259710,17,1879378,13,4,133,10,2,60,3,2,73,13,4,19320,0,0,0,0,0,22.147916843519997,417.38039999999995,395.23248315647993,96.120299834
0.0018,0.7,0.125,0.965,425.47861358048,0.8055555555555556,72,58,14,0.17516829585243585,758.31058679648,625.47861358048,19339,0.48,0.1111111111111111,78,2,2,299.75,0.007781056543088442,10141915,0,8259720,3,1879382,13,4,133,10,2,60,3,2,73,13,3,19320,0,0,0,0,0,24.411786419520002,449.8904,425.47861358048,95.583176833
0.0018,0.7,0.125,0.97,425.47861358048,0.8055555555555556,72,58,14,0.17516829585243585,758.31058679648,625.47861358048,19339,0.48,0.1111111111111111,78,2,2,299.75,0.007781056543088442,10141915,0,8259719,5,1879381,13,4,133,10,2,60,3,2,73,13,3,19320,0,0,0,0,0,24.411786419520002,449.8904,425.47861358048,94.6195495
0.0018,0.7,0.125,0.975,425.47861358048,0.8055555555555556,72,58,14,0.17516829585243585,758.31058679648,625.47861358048,19341,0.48,0.1111111111111111,78,2,2,299.75,0.007781056543088442,10141915,0,8259719,5,1879381,13,4,133,10,2,60,3,2,73,13,4,19320,0,0,0,0,0,24.411786419520002,449.8904,425.47861358048,94.90067925
0.0018,0.7,0.125,0.98,425.47861358048,0.8055555555555556,72,58,14,0.17516829585243585,758.31058679648,625.47861358048,19341,0.48,0.1111111111111111,78,2,2,299.75,0.007781056543088442,10141915,0,8259710,17,1879378,13,4,133,10,2,60,3,2,73,13,4,19320,0,0,0,0,0,24.411786419520002,449.8904,425.47861358048,94.970970833
0.0018,0.7,0.125,0.985,425.47861358048,0.8055555555555556,72,58,14,0.17516829585243585,758.31058679648,625.47861358048,19341,0.48,0.1111111111111111,78,2,2,299.75,0.007781056543088442,10141915,0,8259710,17,1879378,13,4,133,10,2,60,3,2,73,13,4,19320,0,0,0,0,0,24.411786419520002,449.8904,425.47861358048,74.39242725
